time,latitude,longitude,Year,Month,Day,MD,Temp,Dew,RH,AT
2024-08-01 07:00:00+07:00,9.18,105.15,2024,8,1,1-Aug,27.85,26.45,92.1,35.73381825
2024-08-01 08:00:00+07:00,9.18,105.15,2024,8,1,1-Aug,28.67,26.25,86.78,36.38763625
2024-08-01 09:00:00+07:00,9.18,105.15,2024,8,1,1-Aug,30.92,26.23,76.14,38.60807737
2024-08-01 10:00:00+07:00,9.18,105.15,2024,8,1,1-Aug,31.58,26.64,75.12,39.59577088
2024-08-01 11:00:00+07:00,9.18,105.15,2024,8,1,1-Aug,31.34,26.86,77.14,39.53729188
2024-08-01 12:00:00+07:00,9.18,105.15,2024,8,1,1-Aug,31.73,26.74,74.92,39.82654228
2024-08-01 13:00:00+07:00,9.18,105.15,2024,8,1,1-Aug,31.4,26.62,75.79,39.40055332
2024-08-01 14:00:00+07:00,9.18,105.15,2024,8,1,1-Aug,30.99,26.12,75.35,38.58955232
2024-08-01 15:00:00+07:00,9.18,105.15,2024,8,1,1-Aug,28.85,25.69,83.09,36.12153433
2024-08-01 16:00:00+07:00,9.18,105.15,2024,8,1,1-Aug,28.78,25.6,82.98,35.981328
2024-08-01 17:00:00+07:00,9.18,105.15,2024,8,1,1-Aug,28.5,24.76,80.23,35.05578128
2024-08-01 18:00:00+07:00,9.18,105.15,2024,8,1,1-Aug,28.08,24.77,82.24,34.64587937
2024-08-01 19:00:00+07:00,9.18,105.15,2024,8,1,1-Aug,27.43,24.94,86.31,34.12907508
2024-08-01 20:00:00+07:00,9.18,105.15,2024,8,1,1-Aug,27.07,24.95,88.18,33.77886825
2024-08-01 21:00:00+07:00,9.18,105.15,2024,8,1,1-Aug,26.98,25.49,91.55,34.10614353
2024-08-01 22:00:00+07:00,9.18,105.15,2024,8,1,1-Aug,26.78,25.62,93.35,34.00900132
2024-08-01 23:00:00+07:00,9.18,105.15,2024,8,1,1-Aug,26.8,25.59,93.13,34.00537593
2024-08-02 00:00:00+07:00,9.18,105.15,2024,8,2,2-Aug,26.66,25.39,92.76,33.71021713
2024-08-02 01:00:00+07:00,9.18,105.15,2024,8,2,2-Aug,26.57,25.53,94.06,33.72982777
2024-08-02 02:00:00+07:00,9.18,105.15,2024,8,2,2-Aug,26.58,25.54,94.03,33.74758148
2024-08-02 03:00:00+07:00,9.18,105.15,2024,8,2,2-Aug,26.7,25.82,94.94,34.08688772
2024-08-02 04:00:00+07:00,9.18,105.15,2024,8,2,2-Aug,26.79,25.84,94.54,34.19215568
2024-08-02 05:00:00+07:00,9.18,105.15,2024,8,2,2-Aug,26.48,25.72,95.6,33.78935152
2024-08-02 06:00:00+07:00,9.18,105.15,2024,8,2,2-Aug,26.46,25.77,95.98,33.80886137
2024-08-02 07:00:00+07:00,9.18,105.15,2024,8,2,2-Aug,27.06,25.92,93.5,34.52388992
2024-08-02 08:00:00+07:00,9.18,105.15,2024,8,2,2-Aug,28.44,25.83,85.79,35.82435017
2024-08-02 09:00:00+07:00,9.18,105.15,2024,8,2,2-Aug,31.09,25.66,72.89,38.32452468
2024-08-02 10:00:00+07:00,9.18,105.15,2024,8,2,2-Aug,31.44,25.54,70.98,38.57842148
2024-08-02 11:00:00+07:00,9.18,105.15,2024,8,2,2-Aug,31.63,25.97,71.98,39.10616577
2024-08-02 12:00:00+07:00,9.18,105.15,2024,8,2,2-Aug,32.2,26.31,71.1,39.94470633
2024-08-02 13:00:00+07:00,9.18,105.15,2024,8,2,2-Aug,31.72,25.84,71.09,39.09257568
2024-08-02 14:00:00+07:00,9.18,105.15,2024,8,2,2-Aug,31.24,25.9,73.3,38.662953
2024-08-02 15:00:00+07:00,9.18,105.15,2024,8,2,2-Aug,31.46,26.07,73.13,39.01680697
2024-08-02 16:00:00+07:00,9.18,105.15,2024,8,2,2-Aug,31.57,25.68,71.02,38.81735472
2024-08-02 17:00:00+07:00,9.18,105.15,2024,8,2,2-Aug,30.63,24.84,71.28,37.23371168
2024-08-02 18:00:00+07:00,9.18,105.15,2024,8,2,2-Aug,29.81,24.91,75.02,36.47191393
2024-08-02 19:00:00+07:00,9.18,105.15,2024,8,2,2-Aug,28.78,25.22,81.13,35.68586052
2024-08-02 20:00:00+07:00,9.18,105.15,2024,8,2,2-Aug,28.46,25.42,83.63,35.52273892
2024-08-02 21:00:00+07:00,9.18,105.15,2024,8,2,2-Aug,28.17,25.86,87.27,35.57969588
2024-08-02 22:00:00+07:00,9.18,105.15,2024,8,2,2-Aug,27.75,25.89,89.63,35.18596913
2024-08-02 23:00:00+07:00,9.18,105.15,2024,8,2,2-Aug,27.7,26.11,91.05,35.31130113
2024-08-03 00:00:00+07:00,9.18,105.15,2024,8,3,3-Aug,27.68,26.19,91.6,35.35543633
2024-08-03 01:00:00+07:00,9.18,105.15,2024,8,3,3-Aug,27.58,26.2,92.23,35.264052
2024-08-03 02:00:00+07:00,9.18,105.15,2024,8,3,3-Aug,27.31,25.83,91.64,34.70113017
2024-08-03 03:00:00+07:00,9.18,105.15,2024,8,3,3-Aug,27.2,25.81,92.09,34.57598833
2024-08-03 04:00:00+07:00,9.18,105.15,2024,8,3,3-Aug,27.09,25.71,92.21,34.38782273
2024-08-03 05:00:00+07:00,9.18,105.15,2024,8,3,3-Aug,27.47,26.36,93.66,35.28337888
2024-08-03 06:00:00+07:00,9.18,105.15,2024,8,3,3-Aug,27.37,26.28,93.83,35.11954752
2024-08-03 07:00:00+07:00,9.18,105.15,2024,8,3,3-Aug,28.06,26.36,90.51,35.86983888
2024-08-03 08:00:00+07:00,9.18,105.15,2024,8,3,3-Aug,29.11,26.07,83.74,36.68090697
2024-08-03 09:00:00+07:00,9.18,105.15,2024,8,3,3-Aug,30.46,25.6,75.31,37.651248
2024-08-03 10:00:00+07:00,9.18,105.15,2024,8,3,3-Aug,30.99,25.36,72.04,37.99094288
2024-08-03 11:00:00+07:00,9.18,105.15,2024,8,3,3-Aug,31.03,25.48,72.4,38.12404512
2024-08-03 12:00:00+07:00,9.18,105.15,2024,8,3,3-Aug,30.97,25.57,73.01,38.13470097
2024-08-03 13:00:00+07:00,9.18,105.15,2024,8,3,3-Aug,29.83,25.48,77.55,36.93124512
2024-08-03 14:00:00+07:00,9.18,105.15,2024,8,3,3-Aug,30.23,25.32,75.03,37.20448672
2024-08-03 15:00:00+07:00,9.18,105.15,2024,8,3,3-Aug,29.74,24.64,74.14,36.19764288
2024-08-03 16:00:00+07:00,9.18,105.15,2024,8,3,3-Aug,28.83,24.56,77.74,35.23288208
2024-08-03 17:00:00+07:00,9.18,105.15,2024,8,3,3-Aug,28.15,25.13,83.7,34.99030857
2024-08-03 18:00:00+07:00,9.18,105.15,2024,8,3,3-Aug,28.13,25.31,84.72,35.10934033
2024-08-03 19:00:00+07:00,9.18,105.15,2024,8,3,3-Aug,27.4,25.39,88.8,34.44577713
2024-08-03 20:00:00+07:00,9.18,105.15,2024,8,3,3-Aug,27.31,25.56,90.17,34.48883808
2024-08-03 21:00:00+07:00,9.18,105.15,2024,8,3,3-Aug,26.68,25.61,93.86,33.90176313
2024-08-03 22:00:00+07:00,9.18,105.15,2024,8,3,3-Aug,26.7,25.66,94.05,33.96086468
2024-08-03 23:00:00+07:00,9.18,105.15,2024,8,3,3-Aug,26.67,25.64,94.09,33.91534688
2024-08-04 00:00:00+07:00,9.18,105.15,2024,8,4,4-Aug,26.5,25.44,93.92,33.59006208
2024-08-04 01:00:00+07:00,9.18,105.15,2024,8,4,4-Aug,25.96,25.02,94.53,32.72904612
2024-08-04 02:00:00+07:00,9.18,105.15,2024,8,4,4-Aug,26,25.03,94.4,32.77646377
2024-08-04 03:00:00+07:00,9.18,105.15,2024,8,4,4-Aug,26.12,25.25,94.94,33.06498625
2024-08-04 04:00:00+07:00,9.18,105.15,2024,8,4,4-Aug,26.02,25.24,95.44,32.95786128
2024-08-04 05:00:00+07:00,9.18,105.15,2024,8,4,4-Aug,26.01,25.08,94.62,32.82473792
2024-08-04 06:00:00+07:00,9.18,105.15,2024,8,4,4-Aug,25.94,24.99,94.53,32.68621153
2024-08-04 07:00:00+07:00,9.18,105.15,2024,8,4,4-Aug,26.5,25.42,93.83,33.57449892
2024-08-04 08:00:00+07:00,9.18,105.15,2024,8,4,4-Aug,27.71,25.72,88.92,35.01197152
2024-08-04 09:00:00+07:00,9.18,105.15,2024,8,4,4-Aug,29.06,26.14,84.29,36.68712388
2024-08-04 10:00:00+07:00,9.18,105.15,2024,8,4,4-Aug,29.61,26.26,82.22,37.33003028
2024-08-04 11:00:00+07:00,9.18,105.15,2024,8,4,4-Aug,30.43,26.6,80.07,38.420088
2024-08-04 12:00:00+07:00,9.18,105.15,2024,8,4,4-Aug,30.01,25.78,78.09,37.34544852
2024-08-04 13:00:00+07:00,9.18,105.15,2024,8,4,4-Aug,29.33,25.38,79.29,36.35642932
2024-08-04 14:00:00+07:00,9.18,105.15,2024,8,4,4-Aug,28.13,25.06,83.46,34.91667508
2024-08-04 15:00:00+07:00,9.18,105.15,2024,8,4,4-Aug,26.65,24.33,87.09,32.89391817
2024-08-04 16:00:00+07:00,9.18,105.15,2024,8,4,4-Aug,26.54,24.42,88.13,32.85170692
2024-08-04 17:00:00+07:00,9.18,105.15,2024,8,4,4-Aug,25.5,24.5,94.2,31.877825
2024-08-04 18:00:00+07:00,9.18,105.15,2024,8,4,4-Aug,25.88,24.86,94.11,32.52741988
2024-08-04 19:00:00+07:00,9.18,105.15,2024,8,4,4-Aug,25.92,24.8,93.51,32.521592
2024-08-04 20:00:00+07:00,9.18,105.15,2024,8,4,4-Aug,26.02,24.78,92.87,32.60582052
2024-08-04 21:00:00+07:00,9.18,105.15,2024,8,4,4-Aug,26.11,24.89,93,32.77887513
2024-08-04 22:00:00+07:00,9.18,105.15,2024,8,4,4-Aug,26.24,24.93,92.5,32.93858497
2024-08-04 23:00:00+07:00,9.18,105.15,2024,8,4,4-Aug,26.27,24.84,91.86,32.89987168
2024-08-05 00:00:00+07:00,9.18,105.15,2024,8,5,5-Aug,26.16,24.95,93.03,32.87432825
2024-08-05 01:00:00+07:00,9.18,105.15,2024,8,5,5-Aug,26.29,24.85,91.81,32.92735425
2024-08-05 02:00:00+07:00,9.18,105.15,2024,8,5,5-Aug,26.42,24.82,90.95,33.03377572
2024-08-05 03:00:00+07:00,9.18,105.15,2024,8,5,5-Aug,26.23,24.74,91.54,32.78425428
2024-08-05 04:00:00+07:00,9.18,105.15,2024,8,5,5-Aug,25.92,24.83,93.73,32.54437217
2024-08-05 05:00:00+07:00,9.18,105.15,2024,8,5,5-Aug,26.13,24.84,92.61,32.76071168
2024-08-05 06:00:00+07:00,9.18,105.15,2024,8,5,5-Aug,26.12,24.75,92.17,32.68248625
2024-08-06 07:00:00+07:00,9.18,105.15,2024,8,6,6-Aug,27.21,25.98,92.99,34.72063412
2024-08-06 08:00:00+07:00,9.18,105.15,2024,8,6,6-Aug,28.23,26.13,88.41,35.85410657
2024-08-06 09:00:00+07:00,9.18,105.15,2024,8,6,6-Aug,29.93,26.06,79.81,37.48801108
2024-08-06 10:00:00+07:00,9.18,105.15,2024,8,6,6-Aug,30.68,25.59,74.33,37.86209593
2024-08-06 11:00:00+07:00,9.18,105.15,2024,8,6,6-Aug,29.97,25.24,75.83,36.88416128
2024-08-06 12:00:00+07:00,9.18,105.15,2024,8,6,6-Aug,29.65,25.65,79.15,36.88531425
2024-08-06 13:00:00+07:00,9.18,105.15,2024,8,6,6-Aug,29.66,25.86,80.06,37.06075588
2024-08-06 14:00:00+07:00,9.18,105.15,2024,8,6,6-Aug,29.64,25.72,79.49,36.93039152
2024-08-06 15:00:00+07:00,9.18,105.15,2024,8,6,6-Aug,29.59,25.77,79.97,36.92008137
2024-08-06 16:00:00+07:00,9.18,105.15,2024,8,6,6-Aug,29.25,25.25,79.07,36.17620625
2024-08-06 17:00:00+07:00,9.18,105.15,2024,8,6,6-Aug,27.05,24.8,87.49,33.644812
2024-08-06 18:00:00+07:00,9.18,105.15,2024,8,6,6-Aug,27.19,24.85,87.1,33.82195425
2024-08-06 19:00:00+07:00,9.18,105.15,2024,8,6,6-Aug,27.18,24.97,87.71,33.90348377
2024-08-06 20:00:00+07:00,9.18,105.15,2024,8,6,6-Aug,27,25.02,88.98,33.76280612
2024-08-06 21:00:00+07:00,9.18,105.15,2024,8,6,6-Aug,26.81,25.28,91.31,33.77403952
2024-08-06 22:00:00+07:00,9.18,105.15,2024,8,6,6-Aug,26.75,25.32,91.9,33.74536672
2024-08-06 23:00:00+07:00,9.18,105.15,2024,8,6,6-Aug,26.72,25.41,92.5,33.78540193
2024-08-07 00:00:00+07:00,9.18,105.15,2024,8,7,7-Aug,26.74,25.65,93.72,33.99277425
2024-08-07 01:00:00+07:00,9.18,105.15,2024,8,7,7-Aug,26.72,25.69,94.1,34.00431433
2024-08-07 02:00:00+07:00,9.18,105.15,2024,8,7,7-Aug,26.75,25.72,94.12,34.05773152
2024-08-07 03:00:00+07:00,9.18,105.15,2024,8,7,7-Aug,26.64,25.86,95.49,34.05887588
2024-08-07 04:00:00+07:00,9.18,105.15,2024,8,7,7-Aug,26.68,25.84,95.13,34.08281568
2024-08-07 05:00:00+07:00,9.18,105.15,2024,8,7,7-Aug,26.7,25.59,93.64,33.90597593
2024-08-07 06:00:00+07:00,9.18,105.15,2024,8,7,7-Aug,26.3,25.28,94.09,33.26709952
2024-08-07 07:00:00+07:00,9.18,105.15,2024,8,7,7-Aug,26.99,25.62,92.2,34.21774132
2024-08-07 08:00:00+07:00,9.18,105.15,2024,8,7,7-Aug,27.68,25.54,88.17,34.84098148
2024-08-07 09:00:00+07:00,9.18,105.15,2024,8,7,7-Aug,29.36,25.89,81.6,36.78630913
2024-08-07 10:00:00+07:00,9.18,105.15,2024,8,7,7-Aug,30.01,25.15,75.27,36.85453425
2024-08-07 11:00:00+07:00,9.18,105.15,2024,8,7,7-Aug,29.41,25.1,77.64,36.219693
2024-08-07 12:00:00+07:00,9.18,105.15,2024,8,7,7-Aug,29.91,25.25,76.12,36.83224625
2024-08-07 13:00:00+07:00,9.18,105.15,2024,8,7,7-Aug,31.42,25.35,70.21,38.41060425
2024-08-07 14:00:00+07:00,9.18,105.15,2024,8,7,7-Aug,32.18,25.76,68.92,39.48665728
2024-08-07 15:00:00+07:00,9.18,105.15,2024,8,7,7-Aug,30.99,25.96,74.65,38.46206048
2024-08-07 16:00:00+07:00,9.18,105.15,2024,8,7,7-Aug,29.56,25.56,79.09,36.72533808
2024-08-07 17:00:00+07:00,9.18,105.15,2024,8,7,7-Aug,27.79,25.5,87.34,34.919085
2024-08-07 18:00:00+07:00,9.18,105.15,2024,8,7,7-Aug,27.5,25.14,86.96,34.35189988
2024-08-07 19:00:00+07:00,9.18,105.15,2024,8,7,7-Aug,27.29,25.25,88.68,34.22796625
2024-08-07 20:00:00+07:00,9.18,105.15,2024,8,7,7-Aug,27.23,25.33,89.41,34.23023617
2024-08-07 21:00:00+07:00,9.18,105.15,2024,8,7,7-Aug,27.13,25.27,89.57,34.08438537
2024-08-07 22:00:00+07:00,9.18,105.15,2024,8,7,7-Aug,26.94,25.25,90.48,33.88006625
2024-08-07 23:00:00+07:00,9.18,105.15,2024,8,7,7-Aug,26.97,25.29,90.5,33.94081673
2024-08-08 00:00:00+07:00,9.18,105.15,2024,8,8,8-Aug,26.7,25.36,92.39,33.72668288
2024-08-08 01:00:00+07:00,9.18,105.15,2024,8,8,8-Aug,26.57,25.33,92.95,33.57419617
2024-08-08 02:00:00+07:00,9.18,105.15,2024,8,8,8-Aug,26.44,25.33,93.66,33.44497617
2024-08-08 03:00:00+07:00,9.18,105.15,2024,8,8,8-Aug,26.35,25.17,93.25,33.23189217
2024-08-08 04:00:00+07:00,9.18,105.15,2024,8,8,8-Aug,26.54,25.2,92.38,33.443872
2024-08-08 05:00:00+07:00,9.18,105.15,2024,8,8,8-Aug,26.97,25.31,90.69,33.95630033
2024-08-08 06:00:00+07:00,9.18,105.15,2024,8,8,8-Aug,26.95,25.26,90.46,33.89773428
2024-08-08 07:00:00+07:00,9.18,105.15,2024,8,8,8-Aug,27.49,25.7,89.98,34.777557
2024-08-08 08:00:00+07:00,9.18,105.15,2024,8,8,8-Aug,28.14,25.67,86.5,35.40007817
2024-08-08 09:00:00+07:00,9.18,105.15,2024,8,8,8-Aug,29.91,25.62,77.81,37.12022132
2024-08-08 10:00:00+07:00,9.18,105.15,2024,8,8,8-Aug,30.87,25.7,74.01,38.137277
2024-08-08 11:00:00+07:00,9.18,105.15,2024,8,8,8-Aug,31.43,26.24,73.97,39.12304528
2024-08-08 12:00:00+07:00,9.18,105.15,2024,8,8,8-Aug,32.15,25.78,69.13,39.47260852
2024-08-08 13:00:00+07:00,9.18,105.15,2024,8,8,8-Aug,31.99,25.36,68.06,38.98494288
2024-08-08 14:00:00+07:00,9.18,105.15,2024,8,8,8-Aug,31.48,25.31,69.84,38.43924033
2024-08-08 15:00:00+07:00,9.18,105.15,2024,8,8,8-Aug,32.12,25.57,68.37,39.27780097
2024-08-08 16:00:00+07:00,9.18,105.15,2024,8,8,8-Aug,31.97,25.05,66.85,38.72596825
2024-08-08 17:00:00+07:00,9.18,105.15,2024,8,8,8-Aug,31.15,24.8,69.02,37.720212
2024-08-08 18:00:00+07:00,9.18,105.15,2024,8,8,8-Aug,30.43,24.7,71.51,36.928797
2024-08-08 19:00:00+07:00,9.18,105.15,2024,8,8,8-Aug,29.96,25.32,76.19,36.93610672
2024-08-08 20:00:00+07:00,9.18,105.15,2024,8,8,8-Aug,29.13,25.65,81.53,36.36843425
2024-08-08 21:00:00+07:00,9.18,105.15,2024,8,8,8-Aug,28.47,25.78,85.37,35.81468852
2024-08-08 22:00:00+07:00,9.18,105.15,2024,8,8,8-Aug,28.1,25.76,87.09,35.43113728
2024-08-08 23:00:00+07:00,9.18,105.15,2024,8,8,8-Aug,27.76,25.7,88.58,35.045937
2024-08-09 00:00:00+07:00,9.18,105.15,2024,8,9,9-Aug,27.34,25.77,91.12,34.68358137
2024-08-09 01:00:00+07:00,9.18,105.15,2024,8,9,9-Aug,27.41,25.8,90.96,34.776832
2024-08-09 02:00:00+07:00,9.18,105.15,2024,8,9,9-Aug,27.19,25.75,91.86,34.51871625
2024-08-09 03:00:00+07:00,9.18,105.15,2024,8,9,9-Aug,27.13,25.68,91.81,34.40399472
2024-08-09 04:00:00+07:00,9.18,105.15,2024,8,9,9-Aug,26.94,25.65,92.66,34.19157425
2024-08-09 05:00:00+07:00,9.18,105.15,2024,8,9,9-Aug,26.74,25.86,94.93,34.15827588
2024-08-09 06:00:00+07:00,9.18,105.15,2024,8,9,9-Aug,26.71,25.85,95.04,34.12054425
2024-08-09 07:00:00+07:00,9.18,105.15,2024,8,9,9-Aug,27.98,26.27,90.44,35.71784737
2024-08-09 08:00:00+07:00,9.18,105.15,2024,8,9,9-Aug,29.42,25.99,81.84,36.92532553
2024-08-09 09:00:00+07:00,9.18,105.15,2024,8,9,9-Aug,31.03,25.3,71.61,37.984197
2024-08-09 10:00:00+07:00,9.18,105.15,2024,8,9,9-Aug,31.39,24.94,68.65,38.06531508
2024-08-09 11:00:00+07:00,9.18,105.15,2024,8,9,9-Aug,32.17,25.15,66.51,39.00157425
2024-08-09 12:00:00+07:00,9.18,105.15,2024,8,9,9-Aug,32.63,25.24,65.15,39.52820128
2024-08-09 13:00:00+07:00,9.18,105.15,2024,8,9,9-Aug,32.6,25.64,66.81,39.80976688
2024-08-09 14:00:00+07:00,9.18,105.15,2024,8,9,9-Aug,32.31,26.21,70.28,39.97369073
2024-08-09 15:00:00+07:00,9.18,105.15,2024,8,9,9-Aug,31.78,26.8,74.96,39.925392
2024-08-09 16:00:00+07:00,9.18,105.15,2024,8,9,9-Aug,31.46,26.63,75.6,39.46834057
2024-08-09 17:00:00+07:00,9.18,105.15,2024,8,9,9-Aug,29.73,25.43,77.73,36.79289897
2024-08-09 18:00:00+07:00,9.18,105.15,2024,8,9,9-Aug,29.49,25.32,78.34,36.46892672
2024-08-09 19:00:00+07:00,9.18,105.15,2024,8,9,9-Aug,29.15,25.57,81.05,36.32562097
2024-08-09 20:00:00+07:00,9.18,105.15,2024,8,9,9-Aug,28.79,25.61,82.97,35.99910313
2024-08-09 21:00:00+07:00,9.18,105.15,2024,8,9,9-Aug,28.09,25.55,86.11,35.25633825
2024-08-09 22:00:00+07:00,9.18,105.15,2024,8,9,9-Aug,27.92,25.6,87.22,35.126488
2024-08-09 23:00:00+07:00,9.18,105.15,2024,8,9,9-Aug,27.67,25.56,88.33,34.84667808
2024-08-10 00:00:00+07:00,9.18,105.15,2024,8,10,10-Aug,27.43,25.62,89.88,34.65510132
2024-08-10 01:00:00+07:00,9.18,105.15,2024,8,10,10-Aug,27.52,25.82,90.48,34.90196772
2024-08-10 02:00:00+07:00,9.18,105.15,2024,8,10,10-Aug,27.28,25.73,91.28,34.59242337
2024-08-10 03:00:00+07:00,9.18,105.15,2024,8,10,10-Aug,27.1,25.72,92.2,34.40563152
2024-08-10 04:00:00+07:00,9.18,105.15,2024,8,10,10-Aug,27.08,25.79,92.64,34.44091873
2024-08-10 05:00:00+07:00,9.18,105.15,2024,8,10,10-Aug,27.18,25.74,91.87,34.50089828
2024-08-10 06:00:00+07:00,9.18,105.15,2024,8,10,10-Aug,27.19,25.79,92.04,34.55025873
2024-08-10 07:00:00+07:00,9.18,105.15,2024,8,10,10-Aug,28.48,26.21,87.52,36.16667073
2024-08-10 08:00:00+07:00,9.18,105.15,2024,8,10,10-Aug,29.39,26.12,82.56,36.99915232
2024-08-10 09:00:00+07:00,9.18,105.15,2024,8,10,10-Aug,30.86,26.52,77.69,38.78248912
2024-08-10 10:00:00+07:00,9.18,105.15,2024,8,10,10-Aug,31.29,26.8,77.07,39.438332
2024-08-10 11:00:00+07:00,9.18,105.15,2024,8,10,10-Aug,31.15,26.92,78.29,39.39780192
2024-08-10 12:00:00+07:00,9.18,105.15,2024,8,10,10-Aug,31.61,27.15,77.26,40.04531425
2024-08-10 13:00:00+07:00,9.18,105.15,2024,8,10,10-Aug,32.33,27.31,74.87,40.89431233
2024-08-10 14:00:00+07:00,9.18,105.15,2024,8,10,10-Aug,32.7,27.14,72.58,41.12046788
2024-08-10 15:00:00+07:00,9.18,105.15,2024,8,10,10-Aug,31.56,26.78,75.83,39.69031652
2024-08-10 16:00:00+07:00,9.18,105.15,2024,8,10,10-Aug,31.75,27.22,76.97,40.24270452
2024-08-10 17:00:00+07:00,9.18,105.15,2024,8,10,10-Aug,31.87,25.61,69.52,39.06062313
2024-08-10 18:00:00+07:00,9.18,105.15,2024,8,10,10-Aug,30.4,25.51,75.16,37.52122953
2024-08-10 19:00:00+07:00,9.18,105.15,2024,8,10,10-Aug,29.09,25.45,80.77,36.17230825
2024-08-10 20:00:00+07:00,9.18,105.15,2024,8,10,10-Aug,28.57,25.57,83.81,35.74910097
2024-08-10 21:00:00+07:00,9.18,105.15,2024,8,10,10-Aug,27.59,25.57,88.78,34.77498097
2024-08-10 22:00:00+07:00,9.18,105.15,2024,8,10,10-Aug,27.95,25.98,89.07,35.45619412
2024-08-10 23:00:00+07:00,9.18,105.15,2024,8,10,10-Aug,27.61,25.93,90.55,35.07852297
2024-08-11 00:00:00+07:00,9.18,105.15,2024,8,11,11-Aug,27.52,25.98,91.34,35.02877412
2024-08-11 01:00:00+07:00,9.18,105.15,2024,8,11,11-Aug,27.18,25.78,92.08,34.53242852
2024-08-11 02:00:00+07:00,9.18,105.15,2024,8,11,11-Aug,27.05,25.66,92.13,34.30876468
2024-08-11 03:00:00+07:00,9.18,105.15,2024,8,11,11-Aug,26.96,25.7,92.86,34.250737
2024-08-11 04:00:00+07:00,9.18,105.15,2024,8,11,11-Aug,26.76,25.69,93.89,34.04407433
2024-08-11 05:00:00+07:00,9.18,105.15,2024,8,11,11-Aug,26.72,25.55,93.34,33.89455825
2024-08-11 06:00:00+07:00,9.18,105.15,2024,8,11,11-Aug,26.65,25.57,93.81,33.84062097
2024-08-11 07:00:00+07:00,9.18,105.15,2024,8,11,11-Aug,27.89,25.92,89.06,35.34890992
2024-08-11 08:00:00+07:00,9.18,105.15,2024,8,11,11-Aug,29.66,25.95,80.51,37.13209825
2024-08-11 09:00:00+07:00,9.18,105.15,2024,8,11,11-Aug,30.33,25.54,75.6,37.47508148
2024-08-11 10:00:00+07:00,9.18,105.15,2024,8,11,11-Aug,31.61,25.78,71.27,38.93584852
2024-08-11 11:00:00+07:00,9.18,105.15,2024,8,11,11-Aug,31.77,26.7,74.6,39.833597
2024-08-11 12:00:00+07:00,9.18,105.15,2024,8,11,11-Aug,31.28,26.26,74.71,38.99001028
2024-08-11 13:00:00+07:00,9.18,105.15,2024,8,11,11-Aug,31.05,25.7,73.22,38.316197
2024-08-11 14:00:00+07:00,9.18,105.15,2024,8,11,11-Aug,30.8,25.79,74.68,38.13859873
2024-08-11 15:00:00+07:00,9.18,105.15,2024,8,11,11-Aug,30.74,26.29,77.19,38.47737073
2024-08-11 16:00:00+07:00,9.18,105.15,2024,8,11,11-Aug,30.7,26.41,77.92,38.53436793
2024-08-11 17:00:00+07:00,9.18,105.15,2024,8,11,11-Aug,29.27,25.67,80.98,36.52329817
2024-08-11 18:00:00+07:00,9.18,105.15,2024,8,11,11-Aug,28.67,25.21,81.58,35.56880473
2024-08-11 19:00:00+07:00,9.18,105.15,2024,8,11,11-Aug,27.97,24.93,83.55,34.65820497
2024-08-11 20:00:00+07:00,9.18,105.15,2024,8,11,11-Aug,27.71,24.84,84.4,34.33123168
2024-08-11 21:00:00+07:00,9.18,105.15,2024,8,11,11-Aug,27.87,25.18,85.35,34.75047572
2024-08-11 22:00:00+07:00,9.18,105.15,2024,8,11,11-Aug,27.76,25.23,86.11,34.67969937
2024-08-11 23:00:00+07:00,9.18,105.15,2024,8,11,11-Aug,27.57,25.2,86.89,34.467692
2024-08-12 00:00:00+07:00,9.18,105.15,2024,8,12,12-Aug,27.35,25.1,87.54,34.172053
2024-08-12 01:00:00+07:00,9.18,105.15,2024,8,12,12-Aug,27.34,25.17,87.96,34.21595217
2024-08-12 02:00:00+07:00,9.18,105.15,2024,8,12,12-Aug,27.11,25.11,88.79,33.94117513
2024-08-12 03:00:00+07:00,9.18,105.15,2024,8,12,12-Aug,26.86,25.01,89.58,33.61599153
2024-08-12 04:00:00+07:00,9.18,105.15,2024,8,12,12-Aug,26.83,24.98,89.61,33.56322612
2024-08-12 05:00:00+07:00,9.18,105.15,2024,8,12,12-Aug,27.3,25.11,87.86,34.13003513
2024-08-12 06:00:00+07:00,9.18,105.15,2024,8,12,12-Aug,27.15,25.06,88.38,33.94255508
2024-08-12 07:00:00+07:00,9.18,105.15,2024,8,12,12-Aug,27.71,25.28,86.62,34.66863952
2024-08-12 08:00:00+07:00,9.18,105.15,2024,8,12,12-Aug,28.28,25.62,85.54,35.50000132
2024-08-12 09:00:00+07:00,9.18,105.15,2024,8,12,12-Aug,29.94,25.06,75.12,36.71581508
2024-08-12 10:00:00+07:00,9.18,105.15,2024,8,12,12-Aug,30.47,24.85,72,37.08227425
2024-08-12 11:00:00+07:00,9.18,105.15,2024,8,12,12-Aug,30.76,24.85,70.78,37.37053425
2024-08-12 12:00:00+07:00,9.18,105.15,2024,8,12,12-Aug,30.95,24.95,70.45,37.63558825
2024-08-12 13:00:00+07:00,9.18,105.15,2024,8,12,12-Aug,30.3,25.36,74.92,37.30508288
2024-08-12 14:00:00+07:00,9.18,105.15,2024,8,12,12-Aug,29.15,25.05,78.61,35.92288825
2024-08-12 15:00:00+07:00,9.18,105.15,2024,8,12,12-Aug,28.53,25.23,82.34,35.44507937
2024-08-12 16:00:00+07:00,9.18,105.15,2024,8,12,12-Aug,28.97,24.91,78.78,35.63695393
2024-08-12 17:00:00+07:00,9.18,105.15,2024,8,12,12-Aug,27.73,25.46,87.5,34.82825748
2024-08-12 18:00:00+07:00,9.18,105.15,2024,8,12,12-Aug,26.96,25.2,90.09,33.861352
2024-08-12 19:00:00+07:00,9.18,105.15,2024,8,12,12-Aug,27.03,25.27,90.1,33.98498537
2024-08-12 20:00:00+07:00,9.18,105.15,2024,8,12,12-Aug,26.93,25.31,90.85,33.91654033
2024-08-12 21:00:00+07:00,9.18,105.15,2024,8,12,12-Aug,26.36,25.17,93.2,33.24183217
2024-08-12 22:00:00+07:00,9.18,105.15,2024,8,12,12-Aug,26.28,25.18,93.65,33.17001572
2024-08-12 23:00:00+07:00,9.18,105.15,2024,8,12,12-Aug,26.28,25.06,92.98,33.07777508
2024-08-13 00:00:00+07:00,9.18,105.15,2024,8,13,13-Aug,26.28,25.16,93.53,33.15461168
2024-08-13 01:00:00+07:00,9.18,105.15,2024,8,13,13-Aug,26.62,25.46,93.32,33.72491748
2024-08-13 02:00:00+07:00,9.18,105.15,2024,8,13,13-Aug,26.38,25.28,93.72,33.34661952
2024-08-13 03:00:00+07:00,9.18,105.15,2024,8,13,13-Aug,26.52,25.54,94.32,33.68794148
2024-08-13 04:00:00+07:00,9.18,105.15,2024,8,13,13-Aug,26.51,25.43,93.81,33.59221897
2024-08-13 05:00:00+07:00,9.18,105.15,2024,8,13,13-Aug,26.67,25.51,93.41,33.81360953
2024-08-13 06:00:00+07:00,9.18,105.15,2024,8,13,13-Aug,27.36,26.15,93.11,35.00532425
2024-08-13 07:00:00+07:00,9.18,105.15,2024,8,13,13-Aug,28.3,26.4,89.46,36.140688
2024-08-13 08:00:00+07:00,9.18,105.15,2024,8,13,13-Aug,29.63,26.49,83.27,37.53553753
2024-08-13 09:00:00+07:00,9.18,105.15,2024,8,13,13-Aug,31.02,25.61,72.95,38.21572313
2024-08-13 10:00:00+07:00,9.18,105.15,2024,8,13,13-Aug,31.52,25.39,69.99,38.54105713
2024-08-13 11:00:00+07:00,9.18,105.15,2024,8,13,13-Aug,31.63,25.5,70.01,38.736045
2024-08-13 12:00:00+07:00,9.18,105.15,2024,8,13,13-Aug,31.84,25.7,70.05,39.101457
2024-08-13 13:00:00+07:00,9.18,105.15,2024,8,13,13-Aug,32.08,25.74,69.25,39.37149828
2024-08-13 14:00:00+07:00,9.18,105.15,2024,8,13,13-Aug,32.98,26.08,67.14,40.53566592
2024-08-13 15:00:00+07:00,9.18,105.15,2024,8,13,13-Aug,31.79,26.2,72.35,39.448792
2024-08-13 16:00:00+07:00,9.18,105.15,2024,8,13,13-Aug,31.84,25.9,70.88,39.259353
2024-08-13 17:00:00+07:00,9.18,105.15,2024,8,13,13-Aug,31.18,25.55,72.03,38.32779825
2024-08-13 18:00:00+07:00,9.18,105.15,2024,8,13,13-Aug,30.39,25.98,77.32,37.88155412
2024-08-13 19:00:00+07:00,9.18,105.15,2024,8,13,13-Aug,29.81,25.99,79.99,37.31298553
2024-08-13 20:00:00+07:00,9.18,105.15,2024,8,13,13-Aug,29.5,25.94,81.2,36.96511908
2024-08-13 21:00:00+07:00,9.18,105.15,2024,8,13,13-Aug,28.78,25.92,84.52,36.23356992
2024-08-13 22:00:00+07:00,9.18,105.15,2024,8,13,13-Aug,28.65,26.01,85.64,36.17585753
2024-08-13 23:00:00+07:00,9.18,105.15,2024,8,13,13-Aug,28.38,25.96,86.72,35.86772048
2024-08-14 00:00:00+07:00,9.18,105.15,2024,8,14,14-Aug,27.85,26.07,90.04,35.42846697
2024-08-14 01:00:00+07:00,9.18,105.15,2024,8,14,14-Aug,27.94,26.16,90.12,35.58984768
2024-08-14 02:00:00+07:00,9.18,105.15,2024,8,14,14-Aug,27.68,26.12,91.24,35.29941232
2024-08-14 03:00:00+07:00,9.18,105.15,2024,8,14,14-Aug,27.65,26.35,92.65,35.45423425
2024-08-14 04:00:00+07:00,9.18,105.15,2024,8,14,14-Aug,27.76,26.33,91.97,35.54745417
2024-08-14 05:00:00+07:00,9.18,105.15,2024,8,14,14-Aug,27.84,26.3,91.34,35.602817
2024-08-14 06:00:00+07:00,9.18,105.15,2024,8,14,14-Aug,27.92,26.34,91.14,35.71455268
2024-08-14 07:00:00+07:00,9.18,105.15,2024,8,14,14-Aug,28.48,26.53,89.19,36.42488577
2024-08-14 08:00:00+07:00,9.18,105.15,2024,8,14,14-Aug,29.33,26.7,85.77,37.408237
2024-08-14 09:00:00+07:00,9.18,105.15,2024,8,14,14-Aug,30.62,26.94,80.78,38.88746308
2024-08-14 10:00:00+07:00,9.18,105.15,2024,8,14,14-Aug,31.03,27.15,79.86,39.46879425
2024-08-14 11:00:00+07:00,9.18,105.15,2024,8,14,14-Aug,31.17,27.25,79.71,39.69118625
2024-08-14 12:00:00+07:00,9.18,105.15,2024,8,14,14-Aug,32.14,27.43,76.24,40.80595497
2024-08-14 13:00:00+07:00,9.18,105.15,2024,8,14,14-Aug,32.86,26.97,71.23,41.13876777
2024-08-14 14:00:00+07:00,9.18,105.15,2024,8,14,14-Aug,33.08,26.77,69.54,41.19300337
2024-08-14 15:00:00+07:00,9.18,105.15,2024,8,14,14-Aug,31.28,26.34,75.08,39.05439268
2024-08-14 16:00:00+07:00,9.18,105.15,2024,8,14,14-Aug,31.28,26.41,75.41,39.11088793
2024-08-14 17:00:00+07:00,9.18,105.15,2024,8,14,14-Aug,29.81,26.23,81.13,37.50473737
2024-08-14 18:00:00+07:00,9.18,105.15,2024,8,14,14-Aug,29.06,26.3,85.08,36.815497
2024-08-14 19:00:00+07:00,9.18,105.15,2024,8,14,14-Aug,28.49,26.24,87.63,36.20068528
2024-08-14 20:00:00+07:00,9.18,105.15,2024,8,14,14-Aug,28.54,26.52,88.85,36.47640912
2024-08-14 21:00:00+07:00,9.18,105.15,2024,8,14,14-Aug,28.23,26.77,91.83,36.37210337
2024-08-14 22:00:00+07:00,9.18,105.15,2024,8,14,14-Aug,28.39,26.87,91.48,36.61321257
2024-08-14 23:00:00+07:00,9.18,105.15,2024,8,14,14-Aug,28.27,26.86,92.09,36.48571188
2024-08-15 00:00:00+07:00,9.18,105.15,2024,8,15,15-Aug,27.92,26.81,93.72,36.09675433
2024-08-15 01:00:00+07:00,9.18,105.15,2024,8,15,15-Aug,27.79,26.67,93.62,35.85298017
2024-08-15 02:00:00+07:00,9.18,105.15,2024,8,15,15-Aug,27.84,26.61,92.99,35.85376913
2024-08-15 03:00:00+07:00,9.18,105.15,2024,8,15,15-Aug,27.47,26.52,94.56,35.41282912
2024-08-15 04:00:00+07:00,9.18,105.15,2024,8,15,15-Aug,27.35,26.36,94.39,35.16409888
2024-08-15 05:00:00+07:00,9.18,105.15,2024,8,15,15-Aug,27.49,26.59,94.83,35.48958993
2024-08-15 06:00:00+07:00,9.18,105.15,2024,8,15,15-Aug,27.41,26.18,93,35.07904372
2024-08-15 07:00:00+07:00,9.18,105.15,2024,8,15,15-Aug,28.27,26.85,92.02,36.47749425
2024-08-15 08:00:00+07:00,9.18,105.15,2024,8,15,15-Aug,29.57,27.05,86.34,37.93462825
2024-08-15 09:00:00+07:00,9.18,105.15,2024,8,15,15-Aug,30.94,27.4,81.49,39.587988
2024-08-15 10:00:00+07:00,9.18,105.15,2024,8,15,15-Aug,30.93,25.95,74.83,38.39447825
2024-08-15 11:00:00+07:00,9.18,105.15,2024,8,15,15-Aug,29.64,26.2,81.8,37.311692
2024-08-15 12:00:00+07:00,9.18,105.15,2024,8,15,15-Aug,31.03,26.75,78.01,39.13892625
2024-08-15 13:00:00+07:00,9.18,105.15,2024,8,15,15-Aug,31.42,26.96,77.24,39.69915648
2024-08-15 14:00:00+07:00,9.18,105.15,2024,8,15,15-Aug,32,25.91,70.28,39.42631993
2024-08-15 15:00:00+07:00,9.18,105.15,2024,8,15,15-Aug,31.49,26.01,72.75,38.99881753
2024-08-15 16:00:00+07:00,9.18,105.15,2024,8,15,15-Aug,31.15,25.92,73.81,38.58934992
2024-08-15 17:00:00+07:00,9.18,105.15,2024,8,15,15-Aug,29.64,25.76,79.66,36.96189728
2024-08-15 18:00:00+07:00,9.18,105.15,2024,8,15,15-Aug,29.42,25.82,81.04,36.79056772
2024-08-15 19:00:00+07:00,9.18,105.15,2024,8,15,15-Aug,28.93,25.92,83.84,36.38266992
2024-08-15 20:00:00+07:00,9.18,105.15,2024,8,15,15-Aug,28.51,26.25,87.56,36.22859625
2024-08-15 21:00:00+07:00,9.18,105.15,2024,8,15,15-Aug,27.85,26.18,90.66,35.51640372
2024-08-15 22:00:00+07:00,9.18,105.15,2024,8,15,15-Aug,27.76,26.35,92.05,35.56357425
2024-08-15 23:00:00+07:00,9.18,105.15,2024,8,15,15-Aug,27.66,26.42,92.94,35.52069092
2024-08-16 00:00:00+07:00,9.18,105.15,2024,8,16,16-Aug,27.68,26.53,93.43,35.62968577
2024-08-16 01:00:00+07:00,9.18,105.15,2024,8,16,16-Aug,27.66,26.46,93.17,35.55305348
2024-08-16 02:00:00+07:00,9.18,105.15,2024,8,16,16-Aug,27.62,26.47,93.51,35.52139177
2024-08-16 03:00:00+07:00,9.18,105.15,2024,8,16,16-Aug,27.32,26.37,94.56,35.14234657
2024-08-16 04:00:00+07:00,9.18,105.15,2024,8,16,16-Aug,27.21,26.32,94.89,34.99269872
2024-08-16 05:00:00+07:00,9.18,105.15,2024,8,16,16-Aug,27.37,26.24,93.55,35.08740528
2024-08-16 06:00:00+07:00,9.18,105.15,2024,8,16,16-Aug,27.37,26.22,93.45,35.07135252
2024-08-16 07:00:00+07:00,9.18,105.15,2024,8,16,16-Aug,28.56,26.74,89.85,36.67556228
2024-08-16 08:00:00+07:00,9.18,105.15,2024,8,16,16-Aug,29.7,26.55,83.22,37.65380825
2024-08-16 09:00:00+07:00,9.18,105.15,2024,8,16,16-Aug,31.49,26.54,75.04,39.42494548
2024-08-16 10:00:00+07:00,9.18,105.15,2024,8,16,16-Aug,32,26.76,73.86,40.11129328
2024-08-16 11:00:00+07:00,9.18,105.15,2024,8,16,16-Aug,32.57,26.43,70.15,40.40931697
2024-08-16 12:00:00+07:00,9.18,105.15,2024,8,16,16-Aug,31.8,26.1,71.85,39.378713
2024-08-16 13:00:00+07:00,9.18,105.15,2024,8,16,16-Aug,31.92,26.89,74.77,40.13848313
2024-08-16 14:00:00+07:00,9.18,105.15,2024,8,16,16-Aug,31.99,27.06,75.2,40.34838708
2024-08-16 15:00:00+07:00,9.18,105.15,2024,8,16,16-Aug,32.25,26.84,73.2,40.42539968
2024-08-16 16:00:00+07:00,9.18,105.15,2024,8,16,16-Aug,32.26,25.95,69.41,39.71649825
2024-08-16 17:00:00+07:00,9.18,105.15,2024,8,16,16-Aug,29.75,24.13,71.86,35.82703057
2024-08-16 18:00:00+07:00,9.18,105.15,2024,8,16,16-Aug,28.98,24.51,76.82,35.34444353
2024-08-16 19:00:00+07:00,9.18,105.15,2024,8,16,16-Aug,28.71,25.11,80.89,35.53157513
2024-08-16 20:00:00+07:00,9.18,105.15,2024,8,16,16-Aug,28.19,25.41,84.91,35.24658193
2024-08-16 21:00:00+07:00,9.18,105.15,2024,8,16,16-Aug,27.94,25.47,86.43,35.04478977
2024-08-16 22:00:00+07:00,9.18,105.15,2024,8,16,16-Aug,28.02,25.8,87.77,35.383172
2024-08-16 23:00:00+07:00,9.18,105.15,2024,8,16,16-Aug,27.86,25.78,88.45,35.20834852
2024-08-17 00:00:00+07:00,9.18,105.15,2024,8,17,17-Aug,27.75,25.88,89.6,35.17804832
2024-08-17 01:00:00+07:00,9.18,105.15,2024,8,17,17-Aug,27.42,25.91,91.47,34.87379993
2024-08-17 02:00:00+07:00,9.18,105.15,2024,8,17,17-Aug,27.51,25.9,90.95,34.955333
2024-08-17 03:00:00+07:00,9.18,105.15,2024,8,17,17-Aug,27.47,26.09,92.2,35.06670793
2024-08-17 04:00:00+07:00,9.18,105.15,2024,8,17,17-Aug,27.45,25.99,91.77,34.96714553
2024-08-17 05:00:00+07:00,9.18,105.15,2024,8,17,17-Aug,27.65,26.39,92.86,35.48651113
2024-08-17 06:00:00+07:00,9.18,105.15,2024,8,17,17-Aug,27.43,26.27,93.39,35.17114737
2024-08-17 07:00:00+07:00,9.18,105.15,2024,8,17,17-Aug,28.31,26.62,90.57,36.32909332
2024-08-17 08:00:00+07:00,9.18,105.15,2024,8,17,17-Aug,29.2,26.66,86.24,37.24636068
2024-08-17 09:00:00+07:00,9.18,105.15,2024,8,17,17-Aug,30.84,26.62,78.26,38.84391332
2024-08-17 10:00:00+07:00,9.18,105.15,2024,8,17,17-Aug,31.73,26.78,75.09,39.85929652
2024-08-17 11:00:00+07:00,9.18,105.15,2024,8,17,17-Aug,31.78,25.73,70.4,39.06542337
2024-08-17 12:00:00+07:00,9.18,105.15,2024,8,17,17-Aug,30.5,25.73,75.71,37.79310337
2024-08-17 13:00:00+07:00,9.18,105.15,2024,8,17,17-Aug,30.54,26.26,77.97,38.25445028
2024-08-17 14:00:00+07:00,9.18,105.15,2024,8,17,17-Aug,31.18,26.38,75.7,38.98725732
2024-08-17 15:00:00+07:00,9.18,105.15,2024,8,17,17-Aug,30.39,26.51,79.8,38.30719553
2024-08-17 16:00:00+07:00,9.18,105.15,2024,8,17,17-Aug,29.31,25.88,81.8,36.72868832
2024-08-17 17:00:00+07:00,9.18,105.15,2024,8,17,17-Aug,28.4,25.49,84.23,35.51762353
2024-08-17 18:00:00+07:00,9.18,105.15,2024,8,17,17-Aug,28.1,25.42,85.43,35.16489892
2024-08-17 19:00:00+07:00,9.18,105.15,2024,8,17,17-Aug,27.94,25.69,87.63,35.21699433
2024-08-17 20:00:00+07:00,9.18,105.15,2024,8,17,17-Aug,27.48,25.87,90.95,34.90175057
2024-08-17 21:00:00+07:00,9.18,105.15,2024,8,17,17-Aug,27.45,26.01,91.87,34.98305753
2024-08-17 22:00:00+07:00,9.18,105.15,2024,8,17,17-Aug,27.12,25.82,92.64,34.50436772
2024-08-17 23:00:00+07:00,9.18,105.15,2024,8,17,17-Aug,27.06,25.82,92.91,34.44472772
2024-08-18 00:00:00+07:00,9.18,105.15,2024,8,18,18-Aug,26.93,26.03,94.85,34.48210177
2024-08-18 01:00:00+07:00,9.18,105.15,2024,8,18,18-Aug,26.9,25.84,93.92,34.30149568
2024-08-18 02:00:00+07:00,9.18,105.15,2024,8,18,18-Aug,26.57,25.77,95.33,33.91820137
2024-08-18 03:00:00+07:00,9.18,105.15,2024,8,18,18-Aug,26.59,25.77,95.26,33.93808137
2024-08-18 04:00:00+07:00,9.18,105.15,2024,8,18,18-Aug,26.53,25.66,94.97,33.79188468
2024-08-18 05:00:00+07:00,9.18,105.15,2024,8,18,18-Aug,26.67,25.63,94.02,33.90750257
2024-08-18 06:00:00+07:00,9.18,105.15,2024,8,18,18-Aug,26.36,25.61,95.65,33.58368313
2024-08-18 07:00:00+07:00,9.18,105.15,2024,8,18,18-Aug,27.85,26.57,92.75,35.83116297
2024-08-18 08:00:00+07:00,9.18,105.15,2024,8,18,18-Aug,29.45,26.37,83.56,37.25956657
2024-08-18 09:00:00+07:00,9.18,105.15,2024,8,18,18-Aug,31.25,26.2,74.61,38.912032
2024-08-18 10:00:00+07:00,9.18,105.15,2024,8,18,18-Aug,31.75,25.93,71.32,39.19368297
2024-08-18 11:00:00+07:00,9.18,105.15,2024,8,18,18-Aug,32.07,25.96,70.19,39.53558048
2024-08-18 12:00:00+07:00,9.18,105.15,2024,8,18,18-Aug,32.66,25.87,67.52,40.05067057
2024-08-18 13:00:00+07:00,9.18,105.15,2024,8,18,18-Aug,32.68,25.51,66.03,39.78754953
2024-08-18 14:00:00+07:00,9.18,105.15,2024,8,18,18-Aug,32.9,25.62,65.63,40.09228132
2024-08-18 15:00:00+07:00,9.18,105.15,2024,8,18,18-Aug,31.29,25.62,71.9,38.49194132
2024-08-18 16:00:00+07:00,9.18,105.15,2024,8,18,18-Aug,31.93,25.52,68.95,39.04985712
2024-08-18 17:00:00+07:00,9.18,105.15,2024,8,18,18-Aug,31.15,25.74,72.99,38.44707828
2024-08-18 18:00:00+07:00,9.18,105.15,2024,8,18,18-Aug,30.39,25.57,75.45,37.55818097
2024-08-18 19:00:00+07:00,9.18,105.15,2024,8,18,18-Aug,29.56,26,81.19,37.07244
2024-08-18 20:00:00+07:00,9.18,105.15,2024,8,18,18-Aug,28.89,26.1,84.92,36.486173
2024-08-18 21:00:00+07:00,9.18,105.15,2024,8,18,18-Aug,28.5,26.37,88.3,36.31526657
2024-08-18 22:00:00+07:00,9.18,105.15,2024,8,18,18-Aug,28.14,26.4,90.29,35.981648
2024-08-18 23:00:00+07:00,9.18,105.15,2024,8,18,18-Aug,27.89,26.26,90.9,35.62035028
2024-08-19 00:00:00+07:00,9.18,105.15,2024,8,19,19-Aug,27.67,26.48,93.25,35.57919312
2024-08-19 01:00:00+07:00,9.18,105.15,2024,8,19,19-Aug,27.57,26.31,92.84,35.34248633
2024-08-19 02:00:00+07:00,9.18,105.15,2024,8,19,19-Aug,27.39,26.29,93.7,35.14747073
2024-08-19 03:00:00+07:00,9.18,105.15,2024,8,19,19-Aug,27.66,26.19,91.76,35.33555633
2024-08-19 04:00:00+07:00,9.18,105.15,2024,8,19,19-Aug,27.42,26.23,93.25,35.12907737
2024-08-19 05:00:00+07:00,9.18,105.15,2024,8,19,19-Aug,27.2,26.17,94.09,34.86229417
2024-08-19 06:00:00+07:00,9.18,105.15,2024,8,19,19-Aug,27.11,26.09,94.19,34.70886793
2024-08-19 07:00:00+07:00,9.18,105.15,2024,8,19,19-Aug,28.18,26.5,90.61,36.102345
2024-08-19 08:00:00+07:00,9.18,105.15,2024,8,19,19-Aug,29.9,26.33,81.22,37.67461417
2024-08-19 09:00:00+07:00,9.18,105.15,2024,8,19,19-Aug,30.56,25.83,75.91,37.93163017
2024-08-19 10:00:00+07:00,9.18,105.15,2024,8,19,19-Aug,32.05,26.05,70.63,39.58731825
2024-08-19 11:00:00+07:00,9.18,105.15,2024,8,19,19-Aug,33.21,26.74,68.9,41.29766228
2024-08-19 12:00:00+07:00,9.18,105.15,2024,8,19,19-Aug,33.5,26.93,68.59,41.74194097
2024-08-19 13:00:00+07:00,9.18,105.15,2024,8,19,19-Aug,32.91,26.11,67.51,40.49004113
2024-08-19 14:00:00+07:00,9.18,105.15,2024,8,19,19-Aug,31.76,25.96,71.43,39.22744048
2024-08-19 15:00:00+07:00,9.18,105.15,2024,8,19,19-Aug,31.84,26.29,72.53,39.57077073
2024-08-19 16:00:00+07:00,9.18,105.15,2024,8,19,19-Aug,32.41,26.79,72.32,40.54341273
2024-08-19 17:00:00+07:00,9.18,105.15,2024,8,19,19-Aug,30.67,25.38,73.43,37.68838932
2024-08-19 18:00:00+07:00,9.18,105.15,2024,8,19,19-Aug,29.97,25.15,75.39,36.81477425
2024-08-19 19:00:00+07:00,9.18,105.15,2024,8,19,19-Aug,29.38,25.49,79.62,36.49174353
2024-08-19 20:00:00+07:00,9.18,105.15,2024,8,19,19-Aug,28.98,25.73,82.63,36.28222337
2024-08-19 21:00:00+07:00,9.18,105.15,2024,8,19,19-Aug,28.51,25.89,85.78,35.94140913
2024-08-19 22:00:00+07:00,9.18,105.15,2024,8,19,19-Aug,28.31,26.07,87.69,35.88570697
2024-08-19 23:00:00+07:00,9.18,105.15,2024,8,19,19-Aug,28.15,25.88,87.52,35.57564832
2024-08-20 00:00:00+07:00,9.18,105.15,2024,8,20,20-Aug,27.85,25.93,89.33,35.31708297
2024-08-20 01:00:00+07:00,9.18,105.15,2024,8,20,20-Aug,27.6,26.01,91.02,35.13215753
2024-08-20 02:00:00+07:00,9.18,105.15,2024,8,20,20-Aug,27.54,26.02,91.43,35.08047812
2024-08-20 03:00:00+07:00,9.18,105.15,2024,8,20,20-Aug,27.05,25.95,93.74,34.53775825
2024-08-20 04:00:00+07:00,9.18,105.15,2024,8,20,20-Aug,27.14,26.09,94.05,34.73868793
2024-08-20 05:00:00+07:00,9.18,105.15,2024,8,20,20-Aug,27.23,26.24,94.36,34.94824528
2024-08-20 06:00:00+07:00,9.18,105.15,2024,8,20,20-Aug,27.58,26.46,93.62,35.47353348
2024-08-20 07:00:00+07:00,9.18,105.15,2024,8,20,20-Aug,28.6,26.82,90.13,36.78087972
2024-08-20 08:00:00+07:00,9.18,105.15,2024,8,20,20-Aug,29.88,26.75,83.33,37.99582625
2024-08-20 09:00:00+07:00,9.18,105.15,2024,8,20,20-Aug,31.47,26.89,76.69,39.69118313
2024-08-20 10:00:00+07:00,9.18,105.15,2024,8,20,20-Aug,31.57,26.78,75.8,39.70025652
2024-08-20 11:00:00+07:00,9.18,105.15,2024,8,20,20-Aug,29.52,25.03,76.82,36.27534377
2024-08-20 12:00:00+07:00,9.18,105.15,2024,8,20,20-Aug,30.85,25.91,75.05,38.28321993
2024-08-20 13:00:00+07:00,9.18,105.15,2024,8,20,20-Aug,32.19,25.77,68.92,39.50448137
2024-08-20 14:00:00+07:00,9.18,105.15,2024,8,20,20-Aug,33.47,25.48,63.01,40.54940512
2024-08-20 15:00:00+07:00,9.18,105.15,2024,8,20,20-Aug,32.81,25.03,63.68,39.54560377
2024-08-20 16:00:00+07:00,9.18,105.15,2024,8,20,20-Aug,32.15,24.96,65.84,38.83602448
2024-08-20 17:00:00+07:00,9.18,105.15,2024,8,20,20-Aug,29.33,25.58,80.28,36.51236692
2024-08-20 18:00:00+07:00,9.18,105.15,2024,8,20,20-Aug,28.33,25.63,85.32,35.55754257
2024-08-20 19:00:00+07:00,9.18,105.15,2024,8,20,20-Aug,28.1,25.71,86.86,35.39176273
2024-08-20 20:00:00+07:00,9.18,105.15,2024,8,20,20-Aug,27.95,26.02,89.25,35.48801812
2024-08-20 21:00:00+07:00,9.18,105.15,2024,8,20,20-Aug,27.55,25.96,91.05,35.04270048
2024-08-20 22:00:00+07:00,9.18,105.15,2024,8,20,20-Aug,27.61,26,90.92,35.13414
2024-08-20 23:00:00+07:00,9.18,105.15,2024,8,20,20-Aug,27.6,26.11,91.61,35.21190113
2024-08-21 00:00:00+07:00,9.18,105.15,2024,8,21,21-Aug,27.47,26.2,92.78,35.154712
2024-08-21 01:00:00+07:00,9.18,105.15,2024,8,21,21-Aug,27.32,25.93,92.14,34.79026297
2024-08-21 02:00:00+07:00,9.18,105.15,2024,8,21,21-Aug,27.26,25.69,91.16,34.54107433
2024-08-21 03:00:00+07:00,9.18,105.15,2024,8,21,21-Aug,27.04,25.75,92.66,34.36961625
2024-08-21 04:00:00+07:00,9.18,105.15,2024,8,21,21-Aug,27.02,25.85,93.29,34.42868425
2024-08-21 05:00:00+07:00,9.18,105.15,2024,8,21,21-Aug,27.25,26.06,93.2,34.82409108
2024-08-21 06:00:00+07:00,9.18,105.15,2024,8,21,21-Aug,27.17,26.03,93.5,34.72066177
2024-08-21 07:00:00+07:00,9.18,105.15,2024,8,21,21-Aug,27.94,26.26,90.59,35.67005028
2024-08-21 08:00:00+07:00,9.18,105.15,2024,8,21,21-Aug,28.99,26.33,85.57,36.77007417
2024-08-21 09:00:00+07:00,9.18,105.15,2024,8,21,21-Aug,30.78,26.25,76.83,38.48497625
2024-08-21 10:00:00+07:00,9.18,105.15,2024,8,21,21-Aug,31.62,26.73,75.36,39.70902137
2024-08-21 11:00:00+07:00,9.18,105.15,2024,8,21,21-Aug,31.78,26.41,73.27,39.60788793
2024-08-21 12:00:00+07:00,9.18,105.15,2024,8,21,21-Aug,32.31,26.01,69.42,39.81389753
2024-08-21 13:00:00+07:00,9.18,105.15,2024,8,21,21-Aug,30.53,25.41,74.17,37.57254193
2024-08-21 14:00:00+07:00,9.18,105.15,2024,8,21,21-Aug,30.53,25.56,74.85,37.68951808
2024-08-21 15:00:00+07:00,9.18,105.15,2024,8,21,21-Aug,29.5,25.36,78.46,36.50988288
2024-08-21 16:00:00+07:00,9.18,105.15,2024,8,21,21-Aug,30.29,25.6,76.02,37.482268
2024-08-21 17:00:00+07:00,9.18,105.15,2024,8,21,21-Aug,28.97,25.78,82.91,36.31168852
2024-08-21 18:00:00+07:00,9.18,105.15,2024,8,21,21-Aug,28.71,25.56,83.12,35.88043808
2024-08-21 19:00:00+07:00,9.18,105.15,2024,8,21,21-Aug,28.71,25.93,84.94,36.17192297
2024-08-21 20:00:00+07:00,9.18,105.15,2024,8,21,21-Aug,28.37,26.07,87.39,35.94534697
2024-08-21 21:00:00+07:00,9.18,105.15,2024,8,21,21-Aug,27.94,26.24,90.46,35.65398528
2024-08-21 22:00:00+07:00,9.18,105.15,2024,8,21,21-Aug,27.94,26.22,90.38,35.63793252
2024-08-21 23:00:00+07:00,9.18,105.15,2024,8,21,21-Aug,27.65,26.15,91.58,35.29358425
2024-08-22 00:00:00+07:00,9.18,105.15,2024,8,22,22-Aug,27.47,25.82,90.75,34.85226772
2024-08-22 01:00:00+07:00,9.18,105.15,2024,8,22,22-Aug,27.21,25.97,92.98,34.71268577
2024-08-22 02:00:00+07:00,9.18,105.15,2024,8,22,22-Aug,27.22,25.91,92.55,34.67499993
2024-08-22 03:00:00+07:00,9.18,105.15,2024,8,22,22-Aug,27.05,26.04,94.18,34.60934848
2024-08-22 04:00:00+07:00,9.18,105.15,2024,8,22,22-Aug,27.06,25.84,93.05,34.46053568
2024-08-22 05:00:00+07:00,9.18,105.15,2024,8,22,22-Aug,27.03,26.17,95.06,34.69331417
2024-08-22 06:00:00+07:00,9.18,105.15,2024,8,22,22-Aug,26.99,25.94,93.98,34.47017908
2024-08-22 07:00:00+07:00,9.18,105.15,2024,8,22,22-Aug,27.95,26.59,92.36,35.94682993
2024-08-22 08:00:00+07:00,9.18,105.15,2024,8,22,22-Aug,29.23,26.24,83.96,36.93624528
2024-08-22 09:00:00+07:00,9.18,105.15,2024,8,22,22-Aug,31.08,26.04,74.59,38.61516848
2024-08-22 10:00:00+07:00,9.18,105.15,2024,8,22,22-Aug,31.74,25.91,71.31,39.16787993
2024-08-22 11:00:00+07:00,9.18,105.15,2024,8,22,22-Aug,32.16,26.01,70.02,39.66479753
2024-08-22 12:00:00+07:00,9.18,105.15,2024,8,22,22-Aug,32.89,26.49,69.15,40.77597753
2024-08-22 13:00:00+07:00,9.18,105.15,2024,8,22,22-Aug,32.62,25.99,68.17,40.10612553
2024-08-22 14:00:00+07:00,9.18,105.15,2024,8,22,22-Aug,31.54,25.93,72.2,38.98494297
2024-08-22 15:00:00+07:00,9.18,105.15,2024,8,22,22-Aug,31.01,26.02,74.79,38.52965812
2024-08-22 16:00:00+07:00,9.18,105.15,2024,8,22,22-Aug,31.54,25.48,70.32,38.63098512
2024-08-22 17:00:00+07:00,9.18,105.15,2024,8,22,22-Aug,29.24,25.29,79.34,36.19719673
2024-08-22 18:00:00+07:00,9.18,105.15,2024,8,22,22-Aug,28.42,25.3,83.23,35.389857
2024-08-22 19:00:00+07:00,9.18,105.15,2024,8,22,22-Aug,28.43,25.56,84.48,35.60211808
2024-08-22 20:00:00+07:00,9.18,105.15,2024,8,22,22-Aug,27.94,25.54,86.79,35.09942148
2024-08-22 21:00:00+07:00,9.18,105.15,2024,8,22,22-Aug,27.5,25.96,91.33,34.99300048
2024-08-22 22:00:00+07:00,9.18,105.15,2024,8,22,22-Aug,27.6,25.97,90.9,35.10034577
2024-08-22 23:00:00+07:00,9.18,105.15,2024,8,22,22-Aug,27.38,25.95,91.93,34.86577825
2024-08-23 00:00:00+07:00,9.18,105.15,2024,8,23,23-Aug,27.19,25.88,92.61,34.62140832
2024-08-23 01:00:00+07:00,9.18,105.15,2024,8,23,23-Aug,26.89,25.67,93.01,34.15757817
2024-08-23 02:00:00+07:00,9.18,105.15,2024,8,23,23-Aug,26.71,25.83,94.92,34.10473017
2024-08-23 03:00:00+07:00,9.18,105.15,2024,8,23,23-Aug,26.67,25.76,94.75,34.00971728
2024-08-23 04:00:00+07:00,9.18,105.15,2024,8,23,23-Aug,26.85,25.82,94.13,34.23598772
2024-08-23 05:00:00+07:00,9.18,105.15,2024,8,23,23-Aug,26.97,26.22,95.64,34.67375252
2024-08-23 06:00:00+07:00,9.18,105.15,2024,8,23,23-Aug,26.95,26.17,95.53,34.61379417
2024-08-23 07:00:00+07:00,9.18,105.15,2024,8,23,23-Aug,27.67,26.47,93.14,35.57109177
2024-08-23 08:00:00+07:00,9.18,105.15,2024,8,23,23-Aug,28.3,26.28,88.81,36.04396752
2024-08-23 09:00:00+07:00,9.18,105.15,2024,8,23,23-Aug,29.62,26.34,82.58,37.40435268
2024-08-23 10:00:00+07:00,9.18,105.15,2024,8,23,23-Aug,30.25,26.73,81.5,38.34724137
2024-08-23 11:00:00+07:00,9.18,105.15,2024,8,23,23-Aug,31.08,27.03,79.1,39.41901977
2024-08-23 12:00:00+07:00,9.18,105.15,2024,8,23,23-Aug,31.79,25.78,70.52,39.11476852
2024-08-23 13:00:00+07:00,9.18,105.15,2024,8,23,23-Aug,29.83,25.38,77.07,36.85342932
2024-08-23 14:00:00+07:00,9.18,105.15,2024,8,23,23-Aug,29.73,25.83,79.58,37.10661017
2024-08-23 15:00:00+07:00,9.18,105.15,2024,8,23,23-Aug,28.24,24.47,80.05,34.57890777
2024-08-23 16:00:00+07:00,9.18,105.15,2024,8,23,23-Aug,29.5,24.67,75.29,35.98171617
2024-08-23 17:00:00+07:00,9.18,105.15,2024,8,23,23-Aug,29.01,25.04,79.19,35.77606448
2024-08-23 18:00:00+07:00,9.18,105.15,2024,8,23,23-Aug,28.49,25.33,83,35.48267617
2024-08-23 19:00:00+07:00,9.18,105.15,2024,8,23,23-Aug,27.92,25.29,85.62,34.88511673
2024-08-23 20:00:00+07:00,9.18,105.15,2024,8,23,23-Aug,27.83,25.45,86.91,34.91986825
2024-08-23 21:00:00+07:00,9.18,105.15,2024,8,23,23-Aug,27.14,25.22,89.26,34.05570052
2024-08-23 22:00:00+07:00,9.18,105.15,2024,8,23,23-Aug,27.26,25.63,90.87,34.49396257
2024-08-23 23:00:00+07:00,9.18,105.15,2024,8,23,23-Aug,27.04,25.31,90.29,34.02588033
2024-08-24 00:00:00+07:00,9.18,105.15,2024,8,24,24-Aug,26.91,25.48,91.9,34.02876512
2024-08-24 01:00:00+07:00,9.18,105.15,2024,8,24,24-Aug,26.49,25.4,93.72,33.549008
2024-08-24 02:00:00+07:00,9.18,105.15,2024,8,24,24-Aug,26.29,25.39,94.84,33.34243713
2024-08-24 03:00:00+07:00,9.18,105.15,2024,8,24,24-Aug,26.47,25.6,95.02,33.685188
2024-08-24 04:00:00+07:00,9.18,105.15,2024,8,24,24-Aug,26.31,25.58,95.8,33.51048692
2024-08-24 05:00:00+07:00,9.18,105.15,2024,8,24,24-Aug,26.58,26.13,97.39,34.21400657
2024-08-24 06:00:00+07:00,9.18,105.15,2024,8,24,24-Aug,26.71,26.15,96.73,34.35922425
2024-08-24 07:00:00+07:00,9.18,105.15,2024,8,24,24-Aug,27.68,26.07,90.96,35.25948697
2024-08-24 08:00:00+07:00,9.18,105.15,2024,8,24,24-Aug,28.52,25.93,85.91,35.98306297
2024-08-24 09:00:00+07:00,9.18,105.15,2024,8,24,24-Aug,30.09,25.63,77.06,37.30698257
2024-08-24 10:00:00+07:00,9.18,105.15,2024,8,24,24-Aug,30.8,25.5,73.42,37.911025
2024-08-24 11:00:00+07:00,9.18,105.15,2024,8,24,24-Aug,31.28,25.8,72.74,38.623612
2024-08-24 12:00:00+07:00,9.18,105.15,2024,8,24,24-Aug,31.03,25.44,72.19,38.09288208
2024-08-24 13:00:00+07:00,9.18,105.15,2024,8,24,24-Aug,30.08,25.4,76.06,37.117468
2024-08-24 14:00:00+07:00,9.18,105.15,2024,8,24,24-Aug,31.09,25.81,73.52,38.44264833
2024-08-24 15:00:00+07:00,9.18,105.15,2024,8,24,24-Aug,31.05,25.88,74.01,38.45824832
2024-08-24 16:00:00+07:00,9.18,105.15,2024,8,24,24-Aug,31.62,25.39,69.59,38.64045713
2024-08-24 17:00:00+07:00,9.18,105.15,2024,8,24,24-Aug,29.65,25.59,78.83,36.83827593
2024-08-24 18:00:00+07:00,9.18,105.15,2024,8,24,24-Aug,28.57,25.04,81.22,35.33870448
2024-08-24 19:00:00+07:00,9.18,105.15,2024,8,24,24-Aug,27.5,25.07,86.64,34.29812497
2024-08-24 20:00:00+07:00,9.18,105.15,2024,8,24,24-Aug,26.82,25.14,90.5,33.67597988
2024-08-24 21:00:00+07:00,9.18,105.15,2024,8,24,24-Aug,26.52,25.35,93.28,33.54000425
2024-08-24 22:00:00+07:00,9.18,105.15,2024,8,24,24-Aug,26.63,25.39,92.91,33.68039713
2024-08-24 23:00:00+07:00,9.18,105.15,2024,8,24,24-Aug,26.55,25.63,94.73,33.78822257
2024-08-25 00:00:00+07:00,9.18,105.15,2024,8,25,25-Aug,26.31,25.42,94.86,33.38563892
2024-08-25 01:00:00+07:00,9.18,105.15,2024,8,25,25-Aug,26.41,25.41,94.25,33.47726193
2024-08-25 02:00:00+07:00,9.18,105.15,2024,8,25,25-Aug,26.27,25.45,95.27,33.36922825
2024-08-25 03:00:00+07:00,9.18,105.15,2024,8,25,25-Aug,26.22,25.33,94.87,33.22629617
2024-08-25 04:00:00+07:00,9.18,105.15,2024,8,25,25-Aug,26.25,25.2,94,33.155612
2024-08-25 05:00:00+07:00,9.18,105.15,2024,8,25,25-Aug,26.15,25.4,95.69,33.211048
2024-08-25 06:00:00+07:00,9.18,105.15,2024,8,25,25-Aug,26.23,25.45,95.45,33.32946825
2024-08-25 07:00:00+07:00,9.18,105.15,2024,8,25,25-Aug,27.17,25.69,91.64,34.45161433
2024-08-25 08:00:00+07:00,9.18,105.15,2024,8,25,25-Aug,28.17,26.14,88.75,35.80246388
2024-08-25 09:00:00+07:00,9.18,105.15,2024,8,25,25-Aug,30.08,26.57,81.55,38.04778297
2024-08-25 10:00:00+07:00,9.18,105.15,2024,8,25,25-Aug,30.55,26.56,79.32,38.50683408
2024-08-25 11:00:00+07:00,9.18,105.15,2024,8,25,25-Aug,31.24,26.68,76.78,39.29044272
2024-08-25 12:00:00+07:00,9.18,105.15,2024,8,25,25-Aug,30.05,25.14,75.04,36.88659988
2024-08-25 13:00:00+07:00,9.18,105.15,2024,8,25,25-Aug,30.03,25.97,78.89,37.51576577
2024-08-25 14:00:00+07:00,9.18,105.15,2024,8,25,25-Aug,29.17,25.9,82.53,36.605373
2024-08-25 15:00:00+07:00,9.18,105.15,2024,8,25,25-Aug,29.13,25.45,80.58,36.21206825
2024-08-25 16:00:00+07:00,9.18,105.15,2024,8,25,25-Aug,29.61,24.98,76.22,36.32654612
2024-08-25 17:00:00+07:00,9.18,105.15,2024,8,25,25-Aug,27.4,24.98,86.62,34.12980612
2024-08-25 18:00:00+07:00,9.18,105.15,2024,8,25,25-Aug,26.47,24.95,91.36,33.18246825
2024-08-25 19:00:00+07:00,9.18,105.15,2024,8,25,25-Aug,26.51,25.2,92.54,33.414052
2024-08-25 20:00:00+07:00,9.18,105.15,2024,8,25,25-Aug,26.26,25.14,93.58,33.11933988
2024-08-25 21:00:00+07:00,9.18,105.15,2024,8,25,25-Aug,26.28,25.34,94.53,33.29368868
2024-08-25 22:00:00+07:00,9.18,105.15,2024,8,25,25-Aug,26.29,25.28,94.2,33.25715952
2024-08-25 23:00:00+07:00,9.18,105.15,2024,8,25,25-Aug,26.3,25.32,94.37,33.29806672
2024-08-26 00:00:00+07:00,9.18,105.15,2024,8,26,26-Aug,26.06,25.17,94.82,32.94363217
2024-08-26 01:00:00+07:00,9.18,105.15,2024,8,26,26-Aug,25.8,25.01,95.38,32.56235153
2024-08-26 02:00:00+07:00,9.18,105.15,2024,8,26,26-Aug,25.78,24.92,95.02,32.47371792
2024-08-26 03:00:00+07:00,9.18,105.15,2024,8,26,26-Aug,25.82,25.04,95.45,32.60520448
2024-08-26 04:00:00+07:00,9.18,105.15,2024,8,26,26-Aug,25.86,25.07,95.46,32.66796497
2024-08-26 05:00:00+07:00,9.18,105.15,2024,8,26,26-Aug,25.82,24.88,94.59,32.48300032
2024-08-26 06:00:00+07:00,9.18,105.15,2024,8,26,26-Aug,26.13,25.02,93.59,32.89802612
2024-08-26 07:00:00+07:00,9.18,105.15,2024,8,26,26-Aug,26.93,25.38,91.24,33.97082932
2024-08-26 08:00:00+07:00,9.18,105.15,2024,8,26,26-Aug,27.76,25.63,88.21,34.99096257
2024-08-26 09:00:00+07:00,9.18,105.15,2024,8,26,26-Aug,29.27,25.66,80.91,36.51544468
2024-08-26 10:00:00+07:00,9.18,105.15,2024,8,26,26-Aug,30.02,25.57,77.11,37.19040097
2024-08-26 11:00:00+07:00,9.18,105.15,2024,8,26,26-Aug,29.78,25.91,79.77,37.21963993
2024-08-26 12:00:00+07:00,9.18,105.15,2024,8,26,26-Aug,27.93,25.42,86.25,34.99591892
2024-08-26 13:00:00+07:00,9.18,105.15,2024,8,26,26-Aug,28.26,25.77,86.39,35.59806137
2024-08-26 14:00:00+07:00,9.18,105.15,2024,8,26,26-Aug,28.6,26.21,86.91,36.28595073
2024-08-26 15:00:00+07:00,9.18,105.15,2024,8,26,26-Aug,27.61,25.87,90.26,35.03097057
2024-08-26 16:00:00+07:00,9.18,105.15,2024,8,26,26-Aug,28.13,25.7,86.66,35.413717
2024-08-26 17:00:00+07:00,9.18,105.15,2024,8,26,26-Aug,27.96,25.98,89.03,35.46613412
2024-08-26 18:00:00+07:00,9.18,105.15,2024,8,26,26-Aug,27.7,25.76,89.22,35.03353728
2024-08-26 19:00:00+07:00,9.18,105.15,2024,8,26,26-Aug,27.43,25.83,91,34.82041017
2024-08-26 20:00:00+07:00,9.18,105.15,2024,8,26,26-Aug,27.03,25.54,91.58,34.19488148
2024-08-26 21:00:00+07:00,9.18,105.15,2024,8,26,26-Aug,26.62,25.52,93.65,33.77171712
2024-08-26 22:00:00+07:00,9.18,105.15,2024,8,26,26-Aug,26.7,25.53,93.29,33.85904777
2024-08-26 23:00:00+07:00,9.18,105.15,2024,8,26,26-Aug,26.56,25.64,94.69,33.80600688
2024-08-27 00:00:00+07:00,9.18,105.15,2024,8,27,27-Aug,26.43,25.45,94.33,33.52826825
2024-08-27 01:00:00+07:00,9.18,105.15,2024,8,27,27-Aug,25.97,25.15,95.2,32.83877425
2024-08-27 02:00:00+07:00,9.18,105.15,2024,8,27,27-Aug,25.84,25.17,96.11,32.72495217
2024-08-27 03:00:00+07:00,9.18,105.15,2024,8,27,27-Aug,25.96,25.18,95.45,32.85193572
2024-08-27 04:00:00+07:00,9.18,105.15,2024,8,27,27-Aug,26.1,25.23,94.91,33.02965937
2024-08-27 05:00:00+07:00,9.18,105.15,2024,8,27,27-Aug,25.96,25.12,95.15,32.80576032
2024-08-27 06:00:00+07:00,9.18,105.15,2024,8,27,27-Aug,25.86,25.19,96.1,32.76024233
2024-08-27 07:00:00+07:00,9.18,105.15,2024,8,27,27-Aug,27.04,25.61,91.86,34.25960313
2024-08-27 08:00:00+07:00,9.18,105.15,2024,8,27,27-Aug,28.34,25.93,86.8,35.80414297
2024-08-27 09:00:00+07:00,9.18,105.15,2024,8,27,27-Aug,30.09,26.16,79.49,37.72694768
2024-08-27 10:00:00+07:00,9.18,105.15,2024,8,27,27-Aug,30.68,26.5,78.41,38.587345
2024-08-27 11:00:00+07:00,9.18,105.15,2024,8,27,27-Aug,31.02,26.59,77.32,38.99840993
2024-08-27 12:00:00+07:00,9.18,105.15,2024,8,27,27-Aug,29.75,25.39,77.49,36.78167713
2024-08-27 13:00:00+07:00,9.18,105.15,2024,8,27,27-Aug,30.28,26.16,78.68,37.91580768
2024-08-27 14:00:00+07:00,9.18,105.15,2024,8,27,27-Aug,30.35,26.39,79.42,38.17031113
2024-08-27 15:00:00+07:00,9.18,105.15,2024,8,27,27-Aug,29.58,26.07,81.42,37.14808697
2024-08-27 16:00:00+07:00,9.18,105.15,2024,8,27,27-Aug,29.61,25.75,79.81,36.92419625
2024-08-27 17:00:00+07:00,9.18,105.15,2024,8,27,27-Aug,27.82,25.74,88.48,35.13705828
2024-08-27 18:00:00+07:00,9.18,105.15,2024,8,27,27-Aug,27.15,25.43,90.32,34.22837897
2024-08-27 19:00:00+07:00,9.18,105.15,2024,8,27,27-Aug,27.16,25.25,89.34,34.09874625
2024-08-27 20:00:00+07:00,9.18,105.15,2024,8,27,27-Aug,26.91,25.52,92.16,34.05997712
2024-08-27 21:00:00+07:00,9.18,105.15,2024,8,27,27-Aug,26.92,25.42,91.49,33.99197892
2024-08-27 22:00:00+07:00,9.18,105.15,2024,8,27,27-Aug,27.15,25.42,90.29,34.22059892
2024-08-27 23:00:00+07:00,9.18,105.15,2024,8,27,27-Aug,26.97,25.26,90.37,33.91761428
2024-08-28 00:00:00+07:00,9.18,105.15,2024,8,28,28-Aug,26.73,25.31,91.94,33.71774033
2024-08-28 01:00:00+07:00,9.18,105.15,2024,8,28,28-Aug,26.64,25.4,92.95,33.698108
2024-08-28 02:00:00+07:00,9.18,105.15,2024,8,28,28-Aug,26.42,24.93,91.57,33.11750497
2024-08-28 03:00:00+07:00,9.18,105.15,2024,8,28,28-Aug,26.17,24.48,90.42,32.52881712
2024-08-28 04:00:00+07:00,9.18,105.15,2024,8,28,28-Aug,26.04,24.86,93.25,32.68645988
2024-08-28 05:00:00+07:00,9.18,105.15,2024,8,28,28-Aug,26.39,25.28,93.64,33.35655952
2024-08-28 06:00:00+07:00,9.18,105.15,2024,8,28,28-Aug,26.41,25.27,93.47,33.36870537
2024-08-28 07:00:00+07:00,9.18,105.15,2024,8,28,28-Aug,27.25,25.72,91.4,34.55473152
2024-08-28 08:00:00+07:00,9.18,105.15,2024,8,28,28-Aug,28.16,26.14,88.81,35.79252388
2024-08-28 09:00:00+07:00,9.18,105.15,2024,8,28,28-Aug,28.88,26.2,85.49,36.556252
2024-08-28 10:00:00+07:00,9.18,105.15,2024,8,28,28-Aug,29.81,26.15,80.75,37.44062425
2024-08-28 11:00:00+07:00,9.18,105.15,2024,8,28,28-Aug,30.35,26.2,78.52,38.017432
2024-08-28 12:00:00+07:00,9.18,105.15,2024,8,28,28-Aug,30.43,26.14,77.88,38.04890388
2024-08-28 13:00:00+07:00,9.18,105.15,2024,8,28,28-Aug,30.09,25.58,76.83,37.26780692
2024-08-28 14:00:00+07:00,9.18,105.15,2024,8,28,28-Aug,28.26,24.99,82.47,34.99229153
2024-08-28 15:00:00+07:00,9.18,105.15,2024,8,28,28-Aug,28.31,24.97,82.14,35.02670377
2024-08-28 16:00:00+07:00,9.18,105.15,2024,8,28,28-Aug,27.77,25.11,85.48,34.59721513
2024-08-28 17:00:00+07:00,9.18,105.15,2024,8,28,28-Aug,27.82,25.53,87.35,34.97232777
2024-08-28 18:00:00+07:00,9.18,105.15,2024,8,28,28-Aug,27.81,25.41,86.82,34.86886193
2024-08-28 19:00:00+07:00,9.18,105.15,2024,8,28,28-Aug,27.74,25.28,86.53,34.69845952
2024-08-28 20:00:00+07:00,9.18,105.15,2024,8,28,28-Aug,27.67,25.29,86.88,34.63661673
2024-08-28 21:00:00+07:00,9.18,105.15,2024,8,28,28-Aug,27.06,24.97,88.37,33.78420377
2024-08-28 22:00:00+07:00,9.18,105.15,2024,8,28,28-Aug,26.82,24.68,88.08,33.32534672
2024-08-28 23:00:00+07:00,9.18,105.15,2024,8,28,28-Aug,26.69,24.63,88.5,33.15840457
2024-08-29 00:00:00+07:00,9.18,105.15,2024,8,29,29-Aug,26.32,24.5,89.73,32.692905
2024-08-29 01:00:00+07:00,9.18,105.15,2024,8,29,29-Aug,25.69,24.63,93.84,32.16440457
2024-08-29 02:00:00+07:00,9.18,105.15,2024,8,29,29-Aug,25.43,24.46,94.35,31.77828148
2024-08-29 03:00:00+07:00,9.18,105.15,2024,8,29,29-Aug,25.24,24.41,95.15,31.55203593
2024-08-29 04:00:00+07:00,9.18,105.15,2024,8,29,29-Aug,25,24.17,95.12,31.13509017
2024-08-29 05:00:00+07:00,9.18,105.15,2024,8,29,29-Aug,24.87,24.04,95.13,30.90998048
2024-08-29 06:00:00+07:00,9.18,105.15,2024,8,29,29-Aug,25.32,24.34,94.33,31.57934468
2024-08-29 07:00:00+07:00,9.18,105.15,2024,8,29,29-Aug,25.97,24.9,93.83,32.647333
2024-08-29 08:00:00+07:00,9.18,105.15,2024,8,29,29-Aug,26.64,25.42,93.02,33.71365892
2024-08-29 09:00:00+07:00,9.18,105.15,2024,8,29,29-Aug,28.17,25.65,86.21,35.41419425
2024-08-29 10:00:00+07:00,9.18,105.15,2024,8,29,29-Aug,28.53,25.79,85.14,35.88221873
2024-08-29 11:00:00+07:00,9.18,105.15,2024,8,29,29-Aug,29.33,25.74,81.04,36.63799828
2024-08-29 12:00:00+07:00,9.18,105.15,2024,8,29,29-Aug,30.21,25.71,76.87,37.48910273
2024-08-29 13:00:00+07:00,9.18,105.15,2024,8,29,29-Aug,30.14,25.29,75.3,37.09179673
2024-08-29 14:00:00+07:00,9.18,105.15,2024,8,29,29-Aug,30.11,25.56,76.65,37.27203808
2024-08-29 15:00:00+07:00,9.18,105.15,2024,8,29,29-Aug,30.72,25.65,74.39,37.94889425
2024-08-29 16:00:00+07:00,9.18,105.15,2024,8,29,29-Aug,28.81,25.58,82.71,35.99548692
2024-08-29 17:00:00+07:00,9.18,105.15,2024,8,29,29-Aug,28.93,25.68,82.65,36.19319472
2024-08-29 18:00:00+07:00,9.18,105.15,2024,8,29,29-Aug,27.94,25.38,85.97,34.97476932
2024-08-29 19:00:00+07:00,9.18,105.15,2024,8,29,29-Aug,27.8,25.47,87.16,34.90562977
2024-08-29 20:00:00+07:00,9.18,105.15,2024,8,29,29-Aug,27.53,25.27,87.54,34.48198537
2024-08-29 21:00:00+07:00,9.18,105.15,2024,8,29,29-Aug,27.11,25.3,89.85,34.087717
2024-08-29 22:00:00+07:00,9.18,105.15,2024,8,29,29-Aug,27.13,25.41,90.34,34.19294193
2024-08-29 23:00:00+07:00,9.18,105.15,2024,8,29,29-Aug,27.14,25.25,89.45,34.07886625
2024-08-30 00:00:00+07:00,9.18,105.15,2024,8,30,30-Aug,26.96,25.31,90.7,33.94636033
2024-08-30 01:00:00+07:00,9.18,105.15,2024,8,30,30-Aug,27.04,25.29,90.13,34.01039673
2024-08-30 02:00:00+07:00,9.18,105.15,2024,8,30,30-Aug,26.93,25.08,89.61,33.73921792
2024-08-30 03:00:00+07:00,9.18,105.15,2024,8,30,30-Aug,26.82,24.9,89.21,33.492233
2024-08-30 04:00:00+07:00,9.18,105.15,2024,8,30,30-Aug,26.84,25.04,89.9,33.61908448
2024-08-30 05:00:00+07:00,9.18,105.15,2024,8,30,30-Aug,26.34,25.14,93.11,33.19885988
2024-08-30 06:00:00+07:00,9.18,105.15,2024,8,30,30-Aug,26.17,25.22,94.51,33.09152052
2024-08-30 07:00:00+07:00,9.18,105.15,2024,8,30,30-Aug,27.5,25.73,90.08,34.81110337
2024-08-30 08:00:00+07:00,9.18,105.15,2024,8,30,30-Aug,28.72,25.63,83.4,35.94520257
2024-08-30 09:00:00+07:00,9.18,105.15,2024,8,30,30-Aug,30.36,25.41,74.88,37.40356193
2024-08-30 10:00:00+07:00,9.18,105.15,2024,8,30,30-Aug,30.91,25.09,71.22,37.70301393
2024-08-30 11:00:00+07:00,9.18,105.15,2024,8,30,30-Aug,31.27,24.63,67.88,37.71092457
2024-08-30 12:00:00+07:00,9.18,105.15,2024,8,30,30-Aug,32.02,24.42,64.23,38.29882692
2024-08-30 13:00:00+07:00,9.18,105.15,2024,8,30,30-Aug,32.33,24.31,62.67,38.52495433
2024-08-30 14:00:00+07:00,9.18,105.15,2024,8,30,30-Aug,32.39,24.39,62.79,38.64420313
2024-08-30 15:00:00+07:00,9.18,105.15,2024,8,30,30-Aug,32.3,24.62,63.95,38.72720932
2024-08-30 16:00:00+07:00,9.18,105.15,2024,8,30,30-Aug,31.67,24.63,66.31,38.10852457
2024-08-30 17:00:00+07:00,9.18,105.15,2024,8,30,30-Aug,30.24,24.84,72.89,36.84605168
2024-08-30 18:00:00+07:00,9.18,105.15,2024,8,30,30-Aug,29.75,25.08,76.07,36.54229792
2024-08-30 19:00:00+07:00,9.18,105.15,2024,8,30,30-Aug,28.88,25.44,81.68,35.95578208
2024-08-30 20:00:00+07:00,9.18,105.15,2024,8,30,30-Aug,28.51,25.47,83.62,35.61136977
2024-08-30 21:00:00+07:00,9.18,105.15,2024,8,30,30-Aug,27.45,25.31,88.13,34.43342033
2024-08-30 22:00:00+07:00,9.18,105.15,2024,8,30,30-Aug,27.16,25.41,90.14,34.22276193
2024-08-30 23:00:00+07:00,9.18,105.15,2024,8,30,30-Aug,27.15,25.67,91.63,34.41601817
2024-08-31 00:00:00+07:00,9.18,105.15,2024,8,31,31-Aug,27.01,25.83,93.3,34.40293017
2024-08-31 01:00:00+07:00,9.18,105.15,2024,8,31,31-Aug,26.77,25.66,93.64,34.03044468
2024-08-31 02:00:00+07:00,9.18,105.15,2024,8,31,31-Aug,26.63,25.63,94.25,33.86774257
2024-08-31 03:00:00+07:00,9.18,105.15,2024,8,31,31-Aug,26.14,25.25,94.86,33.08486625
2024-08-31 04:00:00+07:00,9.18,105.15,2024,8,31,31-Aug,26.08,25.05,94.09,32.87130825
2024-08-31 05:00:00+07:00,9.18,105.15,2024,8,31,31-Aug,25.89,25.15,95.71,32.75925425
2024-08-31 06:00:00+07:00,9.18,105.15,2024,8,31,31-Aug,25.79,25.13,96.14,32.64446857
2024-08-31 07:00:00+07:00,9.18,105.15,2024,8,31,31-Aug,26.15,25.19,94.44,33.04850233
2024-08-31 08:00:00+07:00,9.18,105.15,2024,8,31,31-Aug,26.53,25.52,94.2,33.68225712
2024-08-31 09:00:00+07:00,9.18,105.15,2024,8,31,31-Aug,27.33,25.72,90.93,34.63425152
2024-08-31 10:00:00+07:00,9.18,105.15,2024,8,31,31-Aug,28.08,25.91,88,35.52983993
2024-08-31 11:00:00+07:00,9.18,105.15,2024,8,31,31-Aug,28.98,26.07,84.33,36.55168697
2024-08-31 12:00:00+07:00,9.18,105.15,2024,8,31,31-Aug,28.9,25.92,83.99,36.35284992
2024-08-31 13:00:00+07:00,9.18,105.15,2024,8,31,31-Aug,29.22,26.01,82.88,36.74243753
2024-08-31 14:00:00+07:00,9.18,105.15,2024,8,31,31-Aug,28.94,26.08,84.58,36.51990592
2024-08-31 15:00:00+07:00,9.18,105.15,2024,8,31,31-Aug,28.76,25.81,84.09,36.12662833
2024-08-31 16:00:00+07:00,9.18,105.15,2024,8,31,31-Aug,28.72,25.64,83.47,35.95304688
2024-08-31 17:00:00+07:00,9.18,105.15,2024,8,31,31-Aug,27.98,25.28,85.28,34.93701952
2024-08-31 18:00:00+07:00,9.18,105.15,2024,8,31,31-Aug,27.95,25.15,84.81,34.80689425
2024-08-31 19:00:00+07:00,9.18,105.15,2024,8,31,31-Aug,27.8,25.28,86.15,34.75809952
2024-08-31 20:00:00+07:00,9.18,105.15,2024,8,31,31-Aug,27.48,25.17,87.24,34.35511217
2024-08-31 21:00:00+07:00,9.18,105.15,2024,8,31,31-Aug,27.01,25.05,89,33.79572825
2024-08-31 22:00:00+07:00,9.18,105.15,2024,8,31,31-Aug,26.79,24.86,89.21,33.43195988
2024-08-31 23:00:00+07:00,9.18,105.15,2024,8,31,31-Aug,26.49,24.88,90.9,33.14898032
2024-09-01 00:00:00+07:00,9.18,105.15,2024,9,1,1-Sep,26.52,25.37,93.43,33.55552457
2024-09-01 01:00:00+07:00,9.18,105.15,2024,9,1,1-Sep,26.74,25.58,93.33,33.93790692
2024-09-01 02:00:00+07:00,9.18,105.15,2024,9,1,1-Sep,26.55,25.5,94,33.686525
2024-09-01 03:00:00+07:00,9.18,105.15,2024,9,1,1-Sep,26.5,25.5,94.21,33.636825
2024-09-01 04:00:00+07:00,9.18,105.15,2024,9,1,1-Sep,26.55,25.48,93.86,33.67092512
2024-09-01 05:00:00+07:00,9.18,105.15,2024,9,1,1-Sep,26.69,25.13,91.2,33.53906857
2024-09-01 06:00:00+07:00,9.18,105.15,2024,9,1,1-Sep,26.41,25.14,92.76,33.26843988
2024-09-01 07:00:00+07:00,9.18,105.15,2024,9,1,1-Sep,26.62,25.47,93.43,33.73270977
2024-09-01 08:00:00+07:00,9.18,105.15,2024,9,1,1-Sep,27.61,25.98,90.8,35.11823412
2024-09-01 09:00:00+07:00,9.18,105.15,2024,9,1,1-Sep,28.24,25.69,86.08,35.51519433
2024-09-01 10:00:00+07:00,9.18,105.15,2024,9,1,1-Sep,28.62,25.7,84.26,35.900777
2024-09-01 11:00:00+07:00,9.18,105.15,2024,9,1,1-Sep,28.87,25.79,83.47,36.22017873
2024-09-01 12:00:00+07:00,9.18,105.15,2024,9,1,1-Sep,28.46,24.86,80.86,35.09193988
2024-09-01 13:00:00+07:00,9.18,105.15,2024,9,1,1-Sep,27.49,24.82,85.37,34.09735572
2024-09-01 14:00:00+07:00,9.18,105.15,2024,9,1,1-Sep,27.1,25.49,90.89,34.22542353
2024-09-01 15:00:00+07:00,9.18,105.15,2024,9,1,1-Sep,25.85,24.99,94.97,32.59675153
2024-09-01 16:00:00+07:00,9.18,105.15,2024,9,1,1-Sep,26.41,24.96,91.74,33.13046448
2024-09-01 17:00:00+07:00,9.18,105.15,2024,9,1,1-Sep,25.32,24.78,96.83,31.91002052
2024-09-01 18:00:00+07:00,9.18,105.15,2024,9,1,1-Sep,25.58,24.89,95.96,32.25205513
2024-09-01 19:00:00+07:00,9.18,105.15,2024,9,1,1-Sep,25.8,24.92,94.87,32.49359792
2024-09-01 20:00:00+07:00,9.18,105.15,2024,9,1,1-Sep,25.73,24.86,94.95,32.37831988
2024-09-01 21:00:00+07:00,9.18,105.15,2024,9,1,1-Sep,25.75,24.92,95.19,32.44389792
2024-09-01 22:00:00+07:00,9.18,105.15,2024,9,1,1-Sep,25.71,24.89,95.25,32.38127513
2024-09-01 23:00:00+07:00,9.18,105.15,2024,9,1,1-Sep,25.34,24.56,95.46,31.76382208
2024-09-02 00:00:00+07:00,9.18,105.15,2024,9,2,2-Sep,25.2,24.44,95.58,31.53469808
2024-09-02 01:00:00+07:00,9.18,105.15,2024,9,2,2-Sep,25.07,24.28,95.39,31.28621152
2024-09-02 02:00:00+07:00,9.18,105.15,2024,9,2,2-Sep,24.94,24.15,95.42,31.06066425
2024-09-02 03:00:00+07:00,9.18,105.15,2024,9,2,2-Sep,25.12,24.27,95.05,31.32848337
2024-09-02 04:00:00+07:00,9.18,105.15,2024,9,2,2-Sep,25.21,24.29,94.66,31.43280273
2024-09-02 05:00:00+07:00,9.18,105.15,2024,9,2,2-Sep,25.34,25.14,98.78,32.20485988
2024-09-02 06:00:00+07:00,9.18,105.15,2024,9,2,2-Sep,25.39,25.11,98.37,32.23149513
2024-09-02 07:00:00+07:00,9.18,105.15,2024,9,2,2-Sep,25.44,25.12,98.13,32.28888032
2024-09-02 08:00:00+07:00,9.18,105.15,2024,9,2,2-Sep,25.76,25.65,99.33,33.01865425
2024-09-02 09:00:00+07:00,9.18,105.15,2024,9,2,2-Sep,26.98,25.99,94.36,34.49996553
2024-09-02 10:00:00+07:00,9.18,105.15,2024,9,2,2-Sep,27.34,25.8,91.34,34.707252
2024-09-02 11:00:00+07:00,9.18,105.15,2024,9,2,2-Sep,27.63,25.99,90.81,35.14606553
2024-09-02 12:00:00+07:00,9.18,105.15,2024,9,2,2-Sep,27.86,26.39,91.73,35.69525113
2024-09-02 13:00:00+07:00,9.18,105.15,2024,9,2,2-Sep,27.85,26.15,90.47,35.49238425
2024-09-02 14:00:00+07:00,9.18,105.15,2024,9,2,2-Sep,28.25,26.22,88.77,35.94607252
2024-09-02 15:00:00+07:00,9.18,105.15,2024,9,2,2-Sep,28.01,25.58,86.63,35.20028692
2024-09-02 16:00:00+07:00,9.18,105.15,2024,9,2,2-Sep,27.94,25.59,87.07,35.13853593
2024-09-02 17:00:00+07:00,9.18,105.15,2024,9,2,2-Sep,27.65,25.74,89.34,34.96807828
2024-09-02 18:00:00+07:00,9.18,105.15,2024,9,2,2-Sep,27.14,25.49,90.67,34.26518353
2024-09-02 19:00:00+07:00,9.18,105.15,2024,9,2,2-Sep,27.03,25.52,91.47,34.17925712
2024-09-02 20:00:00+07:00,9.18,105.15,2024,9,2,2-Sep,27.02,25.53,91.56,34.17712777
2024-09-02 21:00:00+07:00,9.18,105.15,2024,9,2,2-Sep,26.45,25.35,93.65,33.47042425
2024-09-02 22:00:00+07:00,9.18,105.15,2024,9,2,2-Sep,26.47,25.27,93.16,33.42834537
2024-09-02 23:00:00+07:00,9.18,105.15,2024,9,2,2-Sep,26.11,24.88,92.94,32.77126032
2024-09-03 00:00:00+07:00,9.18,105.15,2024,9,3,3-Sep,25.9,24.81,93.72,32.50930233
2024-09-03 01:00:00+07:00,9.18,105.15,2024,9,3,3-Sep,25.76,24.72,93.95,32.30193952
2024-09-03 02:00:00+07:00,9.18,105.15,2024,9,3,3-Sep,25.51,24.47,94,31.86528777
2024-09-03 03:00:00+07:00,9.18,105.15,2024,9,3,3-Sep,25.43,24.5,94.61,31.808245
2024-09-03 04:00:00+07:00,9.18,105.15,2024,9,3,3-Sep,25.56,24.64,94.68,32.04272288
2024-09-03 05:00:00+07:00,9.18,105.15,2024,9,3,3-Sep,25.64,24.98,96.13,32.38036612
2024-09-03 06:00:00+07:00,9.18,105.15,2024,9,3,3-Sep,25.67,24.87,95.37,32.32628857
2024-09-03 07:00:00+07:00,9.18,105.15,2024,9,3,3-Sep,26.3,25.28,94.15,33.26709952
2024-09-03 08:00:00+07:00,9.18,105.15,2024,9,3,3-Sep,27.22,25.84,92.18,34.61957568
2024-09-03 09:00:00+07:00,9.18,105.15,2024,9,3,3-Sep,27.8,25.85,89.15,35.20400425
2024-09-03 10:00:00+07:00,9.18,105.15,2024,9,3,3-Sep,28.49,26.23,87.62,36.19265737
2024-09-03 11:00:00+07:00,9.18,105.15,2024,9,3,3-Sep,30.03,26.99,83.83,38.34225953
2024-09-03 12:00:00+07:00,9.18,105.15,2024,9,3,3-Sep,29.1,26,83.41,36.6152
2024-09-03 13:00:00+07:00,9.18,105.15,2024,9,3,3-Sep,28.8,25.78,83.74,36.14270852
2024-09-03 14:00:00+07:00,9.18,105.15,2024,9,3,3-Sep,29.29,25.76,81.36,36.61399728
2024-09-03 15:00:00+07:00,9.18,105.15,2024,9,3,3-Sep,29.72,26.23,81.55,37.41527737
2024-09-03 16:00:00+07:00,9.18,105.15,2024,9,3,3-Sep,28.22,25.13,83.36,35.05988857
2024-09-03 17:00:00+07:00,9.18,105.15,2024,9,3,3-Sep,28.09,25.46,85.69,35.18609748
2024-09-03 18:00:00+07:00,9.18,105.15,2024,9,3,3-Sep,27.87,25.45,86.7,34.95962825
2024-09-03 19:00:00+07:00,9.18,105.15,2024,9,3,3-Sep,27.6,25.5,88.33,34.730225
2024-09-03 20:00:00+07:00,9.18,105.15,2024,9,3,3-Sep,27.43,25.59,89.72,34.63159593
2024-09-03 21:00:00+07:00,9.18,105.15,2024,9,3,3-Sep,27.11,25.58,91.36,34.30568692
2024-09-03 22:00:00+07:00,9.18,105.15,2024,9,3,3-Sep,26.97,25.51,91.72,34.11180953
2024-09-03 23:00:00+07:00,9.18,105.15,2024,9,3,3-Sep,26.93,25.37,91.19,33.96306457
2024-09-04 00:00:00+07:00,9.18,105.15,2024,9,4,4-Sep,26.81,25.26,91.22,33.75857428
2024-09-04 01:00:00+07:00,9.18,105.15,2024,9,4,4-Sep,26.99,25.48,91.46,34.10828512
2024-09-04 02:00:00+07:00,9.18,105.15,2024,9,4,4-Sep,26.87,25.47,92.08,33.98120977
2024-09-04 03:00:00+07:00,9.18,105.15,2024,9,4,4-Sep,26.61,25.49,93.56,33.73836353
2024-09-04 04:00:00+07:00,9.18,105.15,2024,9,4,4-Sep,26.5,25.25,92.86,33.44270625
2024-09-04 05:00:00+07:00,9.18,105.15,2024,9,4,4-Sep,26.94,24.97,89,33.66492377
2024-09-04 06:00:00+07:00,9.18,105.15,2024,9,4,4-Sep,26.73,25.3,91.87,33.709997
2024-09-04 07:00:00+07:00,9.18,105.15,2024,9,4,4-Sep,26.5,24.91,91.03,33.18177393
2024-09-04 08:00:00+07:00,9.18,105.15,2024,9,4,4-Sep,27.37,25.32,88.59,34.36164672
2024-09-04 09:00:00+07:00,9.18,105.15,2024,9,4,4-Sep,27.93,25.74,87.9,35.24639828
2024-09-04 10:00:00+07:00,9.18,105.15,2024,9,4,4-Sep,28.37,25.24,83.16,35.29376128
2024-09-04 11:00:00+07:00,9.18,105.15,2024,9,4,4-Sep,27.65,24.48,82.91,33.99993712
2024-09-04 12:00:00+07:00,9.18,105.15,2024,9,4,4-Sep,28.49,24.74,80.17,35.03069428
2024-09-04 13:00:00+07:00,9.18,105.15,2024,9,4,4-Sep,28.44,24.34,78.5,34.68062468
2024-09-04 14:00:00+07:00,9.18,105.15,2024,9,4,4-Sep,27.84,25.02,84.64,34.59776612
2024-09-04 15:00:00+07:00,9.18,105.15,2024,9,4,4-Sep,27.27,24.8,86.39,33.863492
2024-09-04 16:00:00+07:00,9.18,105.15,2024,9,4,4-Sep,27.83,25.03,84.76,34.59548377
2024-09-04 17:00:00+07:00,9.18,105.15,2024,9,4,4-Sep,27.98,24.7,82.38,34.493497
2024-09-04 18:00:00+07:00,9.18,105.15,2024,9,4,4-Sep,27.56,24.77,84.79,34.12899937
2024-09-04 19:00:00+07:00,9.18,105.15,2024,9,4,4-Sep,27.58,24.93,85.51,34.27054497
2024-09-04 20:00:00+07:00,9.18,105.15,2024,9,4,4-Sep,27.4,24.78,85.66,33.97754052
2024-09-04 21:00:00+07:00,9.18,105.15,2024,9,4,4-Sep,27.32,25.16,87.97,34.18837168
2024-09-04 22:00:00+07:00,9.18,105.15,2024,9,4,4-Sep,27.44,24.94,86.23,34.13901508
2024-09-04 23:00:00+07:00,9.18,105.15,2024,9,4,4-Sep,27.46,24.94,86.13,34.15889508
2024-09-05 00:00:00+07:00,9.18,105.15,2024,9,5,5-Sep,27.32,25.07,87.56,34.11920497
2024-09-05 01:00:00+07:00,9.18,105.15,2024,9,5,5-Sep,27.41,25.35,88.54,34.42466425
2024-09-05 02:00:00+07:00,9.18,105.15,2024,9,5,5-Sep,27.15,25.21,89.17,34.05792473
2024-09-05 03:00:00+07:00,9.18,105.15,2024,9,5,5-Sep,27.22,25.5,90.32,34.352505
2024-09-05 04:00:00+07:00,9.18,105.15,2024,9,5,5-Sep,26.92,25.55,92.21,34.09335825
2024-09-05 05:00:00+07:00,9.18,105.15,2024,9,5,5-Sep,26.69,25.43,92.85,33.77113897
2024-09-05 06:00:00+07:00,9.18,105.15,2024,9,5,5-Sep,26.86,25.44,91.97,33.94790208
2024-09-06 07:00:00+07:00,9.18,105.15,2024,9,6,6-Sep,27.83,26.33,91.55,35.61703417
2024-09-06 08:00:00+07:00,9.18,105.15,2024,9,6,6-Sep,28.5,26.67,89.85,36.55872017
2024-09-06 09:00:00+07:00,9.18,105.15,2024,9,6,6-Sep,30.11,26.9,82.98,38.347573
2024-09-06 10:00:00+07:00,9.18,105.15,2024,9,6,6-Sep,29.36,26.24,83.31,37.06546528
2024-09-06 11:00:00+07:00,9.18,105.15,2024,9,6,6-Sep,29.56,27.1,86.65,37.966113
2024-09-06 12:00:00+07:00,9.18,105.15,2024,9,6,6-Sep,30.94,27.52,82.03,39.68882112
2024-09-06 13:00:00+07:00,9.18,105.15,2024,9,6,6-Sep,30.19,26.14,78.93,37.81034388
2024-09-06 14:00:00+07:00,9.18,105.15,2024,9,6,6-Sep,29.88,26.07,80.06,37.44628697
2024-09-06 15:00:00+07:00,9.18,105.15,2024,9,6,6-Sep,28.54,26.1,86.65,36.138273
2024-09-06 16:00:00+07:00,9.18,105.15,2024,9,6,6-Sep,28.66,26.28,86.99,36.40180752
2024-09-06 17:00:00+07:00,9.18,105.15,2024,9,6,6-Sep,27.41,25.47,89.19,34.51796977
2024-09-06 18:00:00+07:00,9.18,105.15,2024,9,6,6-Sep,27.02,25.34,90.56,34.02924868
2024-09-06 19:00:00+07:00,9.18,105.15,2024,9,6,6-Sep,27.32,25.71,90.98,34.61644273
2024-09-06 20:00:00+07:00,9.18,105.15,2024,9,6,6-Sep,27.4,25.98,91.96,34.90949412
2024-09-06 21:00:00+07:00,9.18,105.15,2024,9,6,6-Sep,27.33,25.95,92.16,34.81607825
2024-09-06 22:00:00+07:00,9.18,105.15,2024,9,6,6-Sep,27.45,25.94,91.51,34.92741908
2024-09-06 23:00:00+07:00,9.18,105.15,2024,9,6,6-Sep,27.25,25.95,92.6,34.73655825
2024-09-07 00:00:00+07:00,9.18,105.15,2024,9,7,7-Sep,26.91,25.86,94.02,34.32725588
2024-09-07 01:00:00+07:00,9.18,105.15,2024,9,7,7-Sep,26.86,25.81,94.01,34.23802833
2024-09-07 02:00:00+07:00,9.18,105.15,2024,9,7,7-Sep,26.73,25.83,94.81,34.12461017
2024-09-07 03:00:00+07:00,9.18,105.15,2024,9,7,7-Sep,26.6,25.85,95.67,34.01120425
2024-09-07 04:00:00+07:00,9.18,105.15,2024,9,7,7-Sep,26.59,25.85,95.71,34.00126425
2024-09-07 05:00:00+07:00,9.18,105.15,2024,9,7,7-Sep,26.77,26.04,95.77,34.33102848
2024-09-07 06:00:00+07:00,9.18,105.15,2024,9,7,7-Sep,26.59,25.82,95.51,33.97754772
2024-09-07 07:00:00+07:00,9.18,105.15,2024,9,7,7-Sep,26.97,26.01,94.49,34.50593753
2024-09-07 08:00:00+07:00,9.18,105.15,2024,9,7,7-Sep,27.66,26.31,92.35,35.43194633
2024-09-07 09:00:00+07:00,9.18,105.15,2024,9,7,7-Sep,29.12,25.91,82.87,36.56359993
2024-09-07 10:00:00+07:00,9.18,105.15,2024,9,7,7-Sep,28.84,25.43,81.86,35.90823897
2024-09-07 11:00:00+07:00,9.18,105.15,2024,9,7,7-Sep,28.64,25.9,85.15,36.078553
2024-09-07 12:00:00+07:00,9.18,105.15,2024,9,7,7-Sep,29.71,27.05,85.65,38.07378825
2024-09-07 13:00:00+07:00,9.18,105.15,2024,9,7,7-Sep,30.42,27.57,84.76,39.21408497
2024-09-07 14:00:00+07:00,9.18,105.15,2024,9,7,7-Sep,30.61,27.37,82.86,39.23482857
2024-09-07 15:00:00+07:00,9.18,105.15,2024,9,7,7-Sep,29.75,26.3,81.8,37.501357
2024-09-07 16:00:00+07:00,9.18,105.15,2024,9,7,7-Sep,29.93,26.86,83.64,38.13575188
2024-09-07 17:00:00+07:00,9.18,105.15,2024,9,7,7-Sep,28.98,25.44,81.21,36.05518208
2024-09-07 18:00:00+07:00,9.18,105.15,2024,9,7,7-Sep,28.52,25.68,84.64,35.78565472
2024-09-07 19:00:00+07:00,9.18,105.15,2024,9,7,7-Sep,28.42,26.04,86.94,35.97112848
2024-09-07 20:00:00+07:00,9.18,105.15,2024,9,7,7-Sep,28.12,25.93,87.93,35.58546297
2024-09-07 21:00:00+07:00,9.18,105.15,2024,9,7,7-Sep,27.95,25.86,88.44,35.36101588
2024-09-07 22:00:00+07:00,9.18,105.15,2024,9,7,7-Sep,27.81,25.8,88.83,35.174432
2024-09-07 23:00:00+07:00,9.18,105.15,2024,9,7,7-Sep,27.82,25.91,89.34,35.27139993
2024-09-08 00:00:00+07:00,9.18,105.15,2024,9,8,8-Sep,27.5,25.74,90.16,34.81897828
2024-09-08 01:00:00+07:00,9.18,105.15,2024,9,8,8-Sep,27.38,25.98,92.09,34.88961412
2024-09-08 02:00:00+07:00,9.18,105.15,2024,9,8,8-Sep,27.21,26.08,93.51,34.80028592
2024-09-08 03:00:00+07:00,9.18,105.15,2024,9,8,8-Sep,27.2,26.13,93.9,34.83028657
2024-09-08 04:00:00+07:00,9.18,105.15,2024,9,8,8-Sep,27.21,26.19,94.16,34.88825633
2024-09-08 05:00:00+07:00,9.18,105.15,2024,9,8,8-Sep,27.09,25.68,92.02,34.36423472
2024-09-08 06:00:00+07:00,9.18,105.15,2024,9,8,8-Sep,27.07,25.65,91.97,34.32079425
2024-09-08 07:00:00+07:00,9.18,105.15,2024,9,8,8-Sep,27.69,25.72,89.03,34.99209152
2024-09-08 08:00:00+07:00,9.18,105.15,2024,9,8,8-Sep,28.81,25.75,83.57,36.12899625
2024-09-08 09:00:00+07:00,9.18,105.15,2024,9,8,8-Sep,29.86,25.5,77.48,36.976665
2024-09-08 10:00:00+07:00,9.18,105.15,2024,9,8,8-Sep,31.2,25.94,73.65,38.65491908
2024-09-08 11:00:00+07:00,9.18,105.15,2024,9,8,8-Sep,30.18,25.05,74.07,36.94670825
2024-09-08 12:00:00+07:00,9.18,105.15,2024,9,8,8-Sep,30.34,25.34,74.66,37.32932868
2024-09-08 13:00:00+07:00,9.18,105.15,2024,9,8,8-Sep,30.23,25.57,76.16,37.39914097
2024-09-08 14:00:00+07:00,9.18,105.15,2024,9,8,8-Sep,30.15,25.33,75.44,37.13271617
2024-09-08 15:00:00+07:00,9.18,105.15,2024,9,8,8-Sep,29.69,25.41,77.84,36.73758193
2024-09-08 16:00:00+07:00,9.18,105.15,2024,9,8,8-Sep,28.82,25.54,82.5,35.97414148
2024-09-08 17:00:00+07:00,9.18,105.15,2024,9,8,8-Sep,29.11,25.52,81.02,36.24677712
2024-09-08 18:00:00+07:00,9.18,105.15,2024,9,8,8-Sep,28.09,25.34,85.03,35.09282868
2024-09-08 19:00:00+07:00,9.18,105.15,2024,9,8,8-Sep,28.21,25.52,85.32,35.35217712
2024-09-08 20:00:00+07:00,9.18,105.15,2024,9,8,8-Sep,27.69,25.5,87.88,34.819685
2024-09-08 21:00:00+07:00,9.18,105.15,2024,9,8,8-Sep,27.64,25.58,88.58,34.83250692
2024-09-08 22:00:00+07:00,9.18,105.15,2024,9,8,8-Sep,27.61,25.61,88.87,34.82618313
2024-09-08 23:00:00+07:00,9.18,105.15,2024,9,8,8-Sep,27.57,25.8,90.08,34.935872
2024-09-09 00:00:00+07:00,9.18,105.15,2024,9,9,9-Sep,26.92,25.52,92.02,34.06991712
2024-09-09 01:00:00+07:00,9.18,105.15,2024,9,9,9-Sep,26.48,25.25,92.97,33.42282625
2024-09-09 02:00:00+07:00,9.18,105.15,2024,9,9,9-Sep,26.49,25.38,93.6,33.53346932
2024-09-09 03:00:00+07:00,9.18,105.15,2024,9,9,9-Sep,26.36,25.37,94.27,33.39648457
2024-09-09 04:00:00+07:00,9.18,105.15,2024,9,9,9-Sep,26.42,25.35,93.86,33.44060425
2024-09-09 05:00:00+07:00,9.18,105.15,2024,9,9,9-Sep,26.25,25.04,93.06,33.03262448
2024-09-09 06:00:00+07:00,9.18,105.15,2024,9,9,9-Sep,26.25,25.16,93.77,33.12479168
2024-09-09 07:00:00+07:00,9.18,105.15,2024,9,9,9-Sep,27.03,25.4,90.83,34.085768
2024-09-09 08:00:00+07:00,9.18,105.15,2024,9,9,9-Sep,28.23,25.48,85.05,35.34084512
2024-09-09 09:00:00+07:00,9.18,105.15,2024,9,9,9-Sep,29.8,26,80.1,37.311
2024-09-09 10:00:00+07:00,9.18,105.15,2024,9,9,9-Sep,30.35,26.55,80.13,38.29990825
2024-09-09 11:00:00+07:00,9.18,105.15,2024,9,9,9-Sep,30.79,26.9,79.8,39.023493
2024-09-09 12:00:00+07:00,9.18,105.15,2024,9,9,9-Sep,30.06,25.21,75.27,36.95046473
2024-09-09 13:00:00+07:00,9.18,105.15,2024,9,9,9-Sep,30.8,25.88,75.08,38.20974832
2024-09-09 14:00:00+07:00,9.18,105.15,2024,9,9,9-Sep,30.31,25.64,76.14,37.53350688
2024-09-09 15:00:00+07:00,9.18,105.15,2024,9,9,9-Sep,30.46,26.27,78.33,38.18296737
2024-09-09 16:00:00+07:00,9.18,105.15,2024,9,9,9-Sep,30.52,26.39,78.64,38.33929113
2024-09-09 17:00:00+07:00,9.18,105.15,2024,9,9,9-Sep,29.85,26.12,80.41,37.45639232
2024-09-09 18:00:00+07:00,9.18,105.15,2024,9,9,9-Sep,29.2,26.08,83.34,36.77834592
2024-09-09 19:00:00+07:00,9.18,105.15,2024,9,9,9-Sep,29.02,26.32,85.41,36.79183872
2024-09-09 20:00:00+07:00,9.18,105.15,2024,9,9,9-Sep,28.78,26.66,88.35,36.82888068
2024-09-09 21:00:00+07:00,9.18,105.15,2024,9,9,9-Sep,27.89,26.43,91.74,35.75739697
2024-09-09 22:00:00+07:00,9.18,105.15,2024,9,9,9-Sep,27.72,26.39,92.46,35.55609113
2024-09-09 23:00:00+07:00,9.18,105.15,2024,9,9,9-Sep,27.17,26.08,93.74,34.76052592
2024-09-10 00:00:00+07:00,9.18,105.15,2024,9,10,10-Sep,26.98,26.16,95.31,34.63560768
2024-09-10 01:00:00+07:00,9.18,105.15,2024,9,10,10-Sep,26.8,26.11,95.97,34.41670113
2024-09-10 02:00:00+07:00,9.18,105.15,2024,9,10,10-Sep,27,26.25,95.68,34.72765625
2024-09-10 03:00:00+07:00,9.18,105.15,2024,9,10,10-Sep,26.96,26.1,95.05,34.567753
2024-09-10 04:00:00+07:00,9.18,105.15,2024,9,10,10-Sep,27.15,26.19,94.5,34.82861633
2024-09-10 05:00:00+07:00,9.18,105.15,2024,9,10,10-Sep,28.04,26.23,89.95,35.74535737
2024-09-10 06:00:00+07:00,9.18,105.15,2024,9,10,10-Sep,28.14,26.11,88.75,35.74866113
2024-09-10 07:00:00+07:00,9.18,105.15,2024,9,10,10-Sep,28.43,26.26,88.07,36.15711028
2024-09-10 08:00:00+07:00,9.18,105.15,2024,9,10,10-Sep,28.54,26.47,88.6,36.43587177
2024-09-10 09:00:00+07:00,9.18,105.15,2024,9,10,10-Sep,29.7,26.78,84.36,37.84147652
2024-09-10 10:00:00+07:00,9.18,105.15,2024,9,10,10-Sep,30.63,27.02,81.12,38.96345012
2024-09-10 11:00:00+07:00,9.18,105.15,2024,9,10,10-Sep,30.98,27.01,79.46,39.30308353
2024-09-10 12:00:00+07:00,9.18,105.15,2024,9,10,10-Sep,31.01,26.97,79.11,39.29986777
2024-09-10 13:00:00+07:00,9.18,105.15,2024,9,10,10-Sep,30.5,26.36,78.6,38.29519888
2024-09-10 14:00:00+07:00,9.18,105.15,2024,9,10,10-Sep,30.74,26.67,78.94,38.78528017
2024-09-10 15:00:00+07:00,9.18,105.15,2024,9,10,10-Sep,30.37,26.42,79.42,38.21443092
2024-09-10 16:00:00+07:00,9.18,105.15,2024,9,10,10-Sep,29.73,26.38,82.24,37.54595732
2024-09-10 17:00:00+07:00,9.18,105.15,2024,9,10,10-Sep,29.28,26,82.53,36.79412
2024-09-10 18:00:00+07:00,9.18,105.15,2024,9,10,10-Sep,28.31,26.02,87.39,35.84585812
2024-09-10 19:00:00+07:00,9.18,105.15,2024,9,10,10-Sep,28.33,26.25,88.5,36.04967625
2024-09-10 20:00:00+07:00,9.18,105.15,2024,9,10,10-Sep,28.12,26.25,89.57,35.84093625
2024-09-10 21:00:00+07:00,9.18,105.15,2024,9,10,10-Sep,27.95,26.39,91.2,35.78471113
2024-09-10 22:00:00+07:00,9.18,105.15,2024,9,10,10-Sep,27.98,26.36,90.89,35.79031888
2024-09-10 23:00:00+07:00,9.18,105.15,2024,9,10,10-Sep,27.9,26.41,91.61,35.75116793
2024-09-11 00:00:00+07:00,9.18,105.15,2024,9,11,11-Sep,27.62,26.24,92.2,35.33590528
2024-09-11 01:00:00+07:00,9.18,105.15,2024,9,11,11-Sep,27.44,26.24,93.22,35.15698528
2024-09-11 02:00:00+07:00,9.18,105.15,2024,9,11,11-Sep,27.45,26.16,92.7,35.10278768
2024-09-11 03:00:00+07:00,9.18,105.15,2024,9,11,11-Sep,27.1,25.73,92.24,34.41350337
2024-09-11 04:00:00+07:00,9.18,105.15,2024,9,11,11-Sep,26.67,25.57,93.72,33.86050097
2024-09-11 05:00:00+07:00,9.18,105.15,2024,9,11,11-Sep,26.56,25.57,94.35,33.75116097
2024-09-11 06:00:00+07:00,9.18,105.15,2024,9,11,11-Sep,26.7,25.8,94.82,34.071092
2024-09-11 07:00:00+07:00,9.18,105.15,2024,9,11,11-Sep,26.66,25.86,95.4,34.07875588
2024-09-11 08:00:00+07:00,9.18,105.15,2024,9,11,11-Sep,27.29,26.03,92.81,34.83994177
2024-09-11 09:00:00+07:00,9.18,105.15,2024,9,11,11-Sep,28.52,25.81,85.28,35.88806833
2024-09-11 10:00:00+07:00,9.18,105.15,2024,9,11,11-Sep,29.18,25.8,82.06,36.536212
2024-09-11 11:00:00+07:00,9.18,105.15,2024,9,11,11-Sep,29.46,26.21,82.67,37.14079073
2024-09-11 12:00:00+07:00,9.18,105.15,2024,9,11,11-Sep,29.03,26.12,84.32,36.64131232
2024-09-11 13:00:00+07:00,9.18,105.15,2024,9,11,11-Sep,28.6,26.08,86.29,36.18194592
2024-09-11 14:00:00+07:00,9.18,105.15,2024,9,11,11-Sep,28.87,25.91,84.07,36.31509993
2024-09-11 15:00:00+07:00,9.18,105.15,2024,9,11,11-Sep,27.73,25.55,87.96,34.89849825
2024-09-11 16:00:00+07:00,9.18,105.15,2024,9,11,11-Sep,27.49,25.44,88.63,34.57412208
2024-09-11 17:00:00+07:00,9.18,105.15,2024,9,11,11-Sep,26.55,25.55,94.23,33.72557825
2024-09-11 18:00:00+07:00,9.18,105.15,2024,9,11,11-Sep,26.49,25.54,94.5,33.65812148
2024-09-11 19:00:00+07:00,9.18,105.15,2024,9,11,11-Sep,26.91,25.9,94.21,34.358933
2024-09-11 20:00:00+07:00,9.18,105.15,2024,9,11,11-Sep,26.86,25.91,94.53,34.31715993
2024-09-11 21:00:00+07:00,9.18,105.15,2024,9,11,11-Sep,26.88,25.93,94.57,34.35290297
2024-09-11 22:00:00+07:00,9.18,105.15,2024,9,11,11-Sep,26.95,25.91,94.04,34.40661993
2024-09-11 23:00:00+07:00,9.18,105.15,2024,9,11,11-Sep,27.04,25.96,93.78,34.53576048
2024-09-12 00:00:00+07:00,9.18,105.15,2024,9,12,12-Sep,27.26,26.05,93.11,34.82605825
2024-09-12 01:00:00+07:00,9.18,105.15,2024,9,12,12-Sep,27.17,25.85,92.55,34.57778425
2024-09-12 02:00:00+07:00,9.18,105.15,2024,9,12,12-Sep,27.17,25.83,92.4,34.56197017
2024-09-12 03:00:00+07:00,9.18,105.15,2024,9,12,12-Sep,26.99,25.75,92.91,34.31991625
2024-09-12 04:00:00+07:00,9.18,105.15,2024,9,12,12-Sep,26.44,25.39,93.96,33.49153713
2024-09-12 05:00:00+07:00,9.18,105.15,2024,9,12,12-Sep,26.23,25.35,94.93,33.25174425
2024-09-12 06:00:00+07:00,9.18,105.15,2024,9,12,12-Sep,25.73,24.94,95.37,32.43927508
2024-09-12 07:00:00+07:00,9.18,105.15,2024,9,12,12-Sep,26.35,25.16,93.21,33.22419168
2024-09-12 08:00:00+07:00,9.18,105.15,2024,9,12,12-Sep,27.21,25.54,90.63,34.37380148
2024-09-12 09:00:00+07:00,9.18,105.15,2024,9,12,12-Sep,28.57,25.99,85.96,36.08042553
2024-09-12 10:00:00+07:00,9.18,105.15,2024,9,12,12-Sep,29.75,25.9,79.84,37.181893
2024-09-12 11:00:00+07:00,9.18,105.15,2024,9,12,12-Sep,30.49,25.78,75.99,37.82256852
2024-09-12 12:00:00+07:00,9.18,105.15,2024,9,12,12-Sep,29.68,25.32,77.43,36.65778672
2024-09-12 13:00:00+07:00,9.18,105.15,2024,9,12,12-Sep,30.18,25.67,76.85,37.42783817
2024-09-12 14:00:00+07:00,9.18,105.15,2024,9,12,12-Sep,29.14,25.22,79.47,36.04370052
2024-09-12 15:00:00+07:00,9.18,105.15,2024,9,12,12-Sep,29.48,25.56,79.52,36.64581808
2024-09-12 16:00:00+07:00,9.18,105.15,2024,9,12,12-Sep,29.16,25.26,79.55,36.09447428
2024-09-12 17:00:00+07:00,9.18,105.15,2024,9,12,12-Sep,27.43,25.64,89.99,34.67078688
2024-09-12 18:00:00+07:00,9.18,105.15,2024,9,12,12-Sep,27.04,25.74,92.6,34.36173828
2024-09-12 19:00:00+07:00,9.18,105.15,2024,9,12,12-Sep,27.08,25.7,92.13,34.370017
2024-09-12 20:00:00+07:00,9.18,105.15,2024,9,12,12-Sep,27.02,25.63,92.09,34.25540257
2024-09-12 21:00:00+07:00,9.18,105.15,2024,9,12,12-Sep,26.93,25.5,91.88,34.064245
2024-09-12 22:00:00+07:00,9.18,105.15,2024,9,12,12-Sep,26.97,25.42,91.22,34.04167892
2024-09-12 23:00:00+07:00,9.18,105.15,2024,9,12,12-Sep,27,25.47,91.36,34.11042977
2024-09-13 00:00:00+07:00,9.18,105.15,2024,9,13,13-Sep,26.78,25.31,91.7,33.76744033
2024-09-13 01:00:00+07:00,9.18,105.15,2024,9,13,13-Sep,26.95,25.43,91.39,34.02957897
2024-09-13 02:00:00+07:00,9.18,105.15,2024,9,13,13-Sep,26.9,25.31,91.01,33.88672033
2024-09-13 03:00:00+07:00,9.18,105.15,2024,9,13,13-Sep,26.95,25.44,91.51,34.03736208
2024-09-13 04:00:00+07:00,9.18,105.15,2024,9,13,13-Sep,27.03,25.5,91.39,34.163645
2024-09-13 05:00:00+07:00,9.18,105.15,2024,9,13,13-Sep,26.13,25.22,94.76,33.05176052
2024-09-13 06:00:00+07:00,9.18,105.15,2024,9,13,13-Sep,26.04,25.25,95.38,32.98546625
2024-09-13 07:00:00+07:00,9.18,105.15,2024,9,13,13-Sep,26.84,25.86,94.37,34.25767588
2024-09-13 08:00:00+07:00,9.18,105.15,2024,9,13,13-Sep,27.77,26.23,91.35,35.47697737
2024-09-13 09:00:00+07:00,9.18,105.15,2024,9,13,13-Sep,28.27,26.47,89.96,36.16749177
2024-09-13 10:00:00+07:00,9.18,105.15,2024,9,13,13-Sep,29.19,26.23,84.12,36.88845737
2024-09-13 11:00:00+07:00,9.18,105.15,2024,9,13,13-Sep,29.66,26.2,81.72,37.331572
2024-09-13 12:00:00+07:00,9.18,105.15,2024,9,13,13-Sep,29.51,26.19,82.37,37.17445633
2024-09-13 13:00:00+07:00,9.18,105.15,2024,9,13,13-Sep,29.48,26.13,82.22,37.09660657
2024-09-13 14:00:00+07:00,9.18,105.15,2024,9,13,13-Sep,29.85,26.07,80.21,37.41646697
2024-09-13 15:00:00+07:00,9.18,105.15,2024,9,13,13-Sep,29.18,26.11,83.52,36.78242113
2024-09-13 16:00:00+07:00,9.18,105.15,2024,9,13,13-Sep,29.64,25.77,79.72,36.96978137
2024-09-13 17:00:00+07:00,9.18,105.15,2024,9,13,13-Sep,29.06,26.16,84.41,36.70312768
2024-09-13 18:00:00+07:00,9.18,105.15,2024,9,13,13-Sep,28.09,25.83,87.57,35.47645017
2024-09-13 19:00:00+07:00,9.18,105.15,2024,9,13,13-Sep,28.15,25.95,87.86,35.63115825
2024-09-13 20:00:00+07:00,9.18,105.15,2024,9,13,13-Sep,27.67,25.63,88.66,34.90150257
2024-09-13 21:00:00+07:00,9.18,105.15,2024,9,13,13-Sep,27.28,25.58,90.44,34.47466692
2024-09-13 22:00:00+07:00,9.18,105.15,2024,9,13,13-Sep,27.26,25.62,90.75,34.48612132
2024-09-13 23:00:00+07:00,9.18,105.15,2024,9,13,13-Sep,27.13,25.54,91.02,34.29428148
2024-09-14 00:00:00+07:00,9.18,105.15,2024,9,14,14-Sep,27.08,25.48,91,34.19774512
2024-09-14 01:00:00+07:00,9.18,105.15,2024,9,14,14-Sep,27.18,25.44,90.26,34.26598208
2024-09-14 02:00:00+07:00,9.18,105.15,2024,9,14,14-Sep,27.03,25.12,89.27,33.86934032
2024-09-14 03:00:00+07:00,9.18,105.15,2024,9,14,14-Sep,26.66,24.72,89.1,33.19653952
2024-09-14 04:00:00+07:00,9.18,105.15,2024,9,14,14-Sep,26.45,24.7,90.11,32.972677
2024-09-14 05:00:00+07:00,9.18,105.15,2024,9,14,14-Sep,25.92,24.84,93.81,32.55197168
2024-09-14 06:00:00+07:00,9.18,105.15,2024,9,14,14-Sep,25.91,24.77,93.45,32.48889937
2024-09-14 07:00:00+07:00,9.18,105.15,2024,9,14,14-Sep,26.71,25.03,90.49,33.48220377
2024-09-14 08:00:00+07:00,9.18,105.15,2024,9,14,14-Sep,27.37,25.33,88.61,34.36939617
2024-09-14 09:00:00+07:00,9.18,105.15,2024,9,14,14-Sep,28.72,25.35,82.06,35.72680425
2024-09-14 10:00:00+07:00,9.18,105.15,2024,9,14,14-Sep,28.71,25.46,82.62,35.80237748
2024-09-14 11:00:00+07:00,9.18,105.15,2024,9,14,14-Sep,28.14,24.88,82.52,34.78908032
2024-09-14 12:00:00+07:00,9.18,105.15,2024,9,14,14-Sep,28.59,25.86,85.22,35.99717588
2024-09-14 13:00:00+07:00,9.18,105.15,2024,9,14,14-Sep,28.73,26.33,86.88,36.51163417
2024-09-14 14:00:00+07:00,9.18,105.15,2024,9,14,14-Sep,29.79,26.44,82.23,37.65408608
2024-09-14 15:00:00+07:00,9.18,105.15,2024,9,14,14-Sep,28.76,25.53,82.69,35.90668777
2024-09-14 16:00:00+07:00,9.18,105.15,2024,9,14,14-Sep,28.06,25.64,86.74,35.29700688
2024-09-14 17:00:00+07:00,9.18,105.15,2024,9,14,14-Sep,27.26,25.65,90.94,34.50965425
2024-09-14 18:00:00+07:00,9.18,105.15,2024,9,14,14-Sep,27.31,25.68,90.84,34.58291472
2024-09-14 19:00:00+07:00,9.18,105.15,2024,9,14,14-Sep,27.41,25.79,90.91,34.76893873
2024-09-14 20:00:00+07:00,9.18,105.15,2024,9,14,14-Sep,27.3,25.83,91.7,34.69119017
2024-09-14 21:00:00+07:00,9.18,105.15,2024,9,14,14-Sep,27.02,25.41,90.91,34.08360193
2024-09-14 22:00:00+07:00,9.18,105.15,2024,9,14,14-Sep,27.06,25.42,90.74,34.13113892
2024-09-14 23:00:00+07:00,9.18,105.15,2024,9,14,14-Sep,27,25.45,91.25,34.09484825
2024-09-15 00:00:00+07:00,9.18,105.15,2024,9,15,15-Sep,26.66,25.35,92.56,33.67916425
2024-09-15 01:00:00+07:00,9.18,105.15,2024,9,15,15-Sep,26.12,25.27,95.08,33.08044537
2024-09-15 02:00:00+07:00,9.18,105.15,2024,9,15,15-Sep,26.06,25.17,94.88,32.94363217
2024-09-15 03:00:00+07:00,9.18,105.15,2024,9,15,15-Sep,26.1,25.19,94.78,32.99880233
2024-09-15 04:00:00+07:00,9.18,105.15,2024,9,15,15-Sep,26,25.2,95.39,32.907112
2024-09-15 05:00:00+07:00,9.18,105.15,2024,9,15,15-Sep,26.35,25.15,93.11,33.21649425
2024-09-15 06:00:00+07:00,9.18,105.15,2024,9,15,15-Sep,26.13,24.94,93.17,32.83687508
2024-09-15 07:00:00+07:00,9.18,105.15,2024,9,15,15-Sep,26.29,25.05,92.91,33.08004825
2024-09-15 08:00:00+07:00,9.18,105.15,2024,9,15,15-Sep,26.55,25.52,94.08,33.70213712
2024-09-15 09:00:00+07:00,9.18,105.15,2024,9,15,15-Sep,27.18,25.24,89.2,34.11090128
2024-09-15 10:00:00+07:00,9.18,105.15,2024,9,15,15-Sep,26.87,24.74,88.15,33.42041428
2024-09-15 11:00:00+07:00,9.18,105.15,2024,9,15,15-Sep,26.59,24.5,88.3,32.961285
2024-09-15 12:00:00+07:00,9.18,105.15,2024,9,15,15-Sep,26.57,24.64,89.15,33.04666288
2024-09-15 13:00:00+07:00,9.18,105.15,2024,9,15,15-Sep,26.84,25.07,90.07,33.64208497
2024-09-15 14:00:00+07:00,9.18,105.15,2024,9,15,15-Sep,27.82,24.88,84.03,34.47100032
2024-09-15 15:00:00+07:00,9.18,105.15,2024,9,15,15-Sep,27.8,25.21,85.86,34.70402473
2024-09-15 16:00:00+07:00,9.18,105.15,2024,9,15,15-Sep,28.03,25.33,85.28,35.02543617
2024-09-15 17:00:00+07:00,9.18,105.15,2024,9,15,15-Sep,27.78,24.9,84.35,34.446473
2024-09-15 18:00:00+07:00,9.18,105.15,2024,9,15,15-Sep,27.16,24.88,87.37,33.81496032
2024-09-15 19:00:00+07:00,9.18,105.15,2024,9,15,15-Sep,27.07,24.98,88.38,33.80178612
2024-09-15 20:00:00+07:00,9.18,105.15,2024,9,15,15-Sep,27,25.02,88.95,33.76280612
2024-09-15 21:00:00+07:00,9.18,105.15,2024,9,15,15-Sep,26.79,25.04,90.16,33.56938448
2024-09-15 22:00:00+07:00,9.18,105.15,2024,9,15,15-Sep,26.58,25.07,91.41,33.38364497
2024-09-15 23:00:00+07:00,9.18,105.15,2024,9,15,15-Sep,26.43,25.11,92.5,33.26525513
2024-09-16 00:00:00+07:00,9.18,105.15,2024,9,16,16-Sep,26.55,25.29,92.79,33.52333673
2024-09-16 01:00:00+07:00,9.18,105.15,2024,9,16,16-Sep,26.37,25.15,93.03,33.23637425
2024-09-16 02:00:00+07:00,9.18,105.15,2024,9,16,16-Sep,26.1,24.97,93.48,32.82996377
2024-09-16 03:00:00+07:00,9.18,105.15,2024,9,16,16-Sep,26.31,25.02,92.63,33.07694612
2024-09-16 04:00:00+07:00,9.18,105.15,2024,9,16,16-Sep,26.05,25.08,94.38,32.86449792
2024-09-16 05:00:00+07:00,9.18,105.15,2024,9,16,16-Sep,26.01,24.98,94.06,32.74814612
2024-09-16 06:00:00+07:00,9.18,105.15,2024,9,16,16-Sep,25.97,24.93,94.04,32.67020497
2024-09-16 07:00:00+07:00,9.18,105.15,2024,9,16,16-Sep,26.89,25.24,90.68,33.82264128
2024-09-16 08:00:00+07:00,9.18,105.15,2024,9,16,16-Sep,27.71,25.37,87.11,34.73838457
2024-09-16 09:00:00+07:00,9.18,105.15,2024,9,16,16-Sep,28.45,25.44,83.79,35.52836208
2024-09-16 10:00:00+07:00,9.18,105.15,2024,9,16,16-Sep,28.86,25.69,82.99,36.13147433
2024-09-16 11:00:00+07:00,9.18,105.15,2024,9,16,16-Sep,28.48,25.37,83.27,35.50376457
2024-09-16 12:00:00+07:00,9.18,105.15,2024,9,16,16-Sep,28.78,25.31,81.52,35.75544033
2024-09-16 13:00:00+07:00,9.18,105.15,2024,9,16,16-Sep,28.37,24.51,79.59,34.73810353
2024-09-16 14:00:00+07:00,9.18,105.15,2024,9,16,16-Sep,28.36,25.32,83.65,35.34570672
2024-09-16 15:00:00+07:00,9.18,105.15,2024,9,16,16-Sep,28.22,25.35,84.49,35.22980425
2024-09-16 16:00:00+07:00,9.18,105.15,2024,9,16,16-Sep,27.77,25.24,86.13,34.69736128
2024-09-16 17:00:00+07:00,9.18,105.15,2024,9,16,16-Sep,28,25.73,87.51,35.30810337
2024-09-16 18:00:00+07:00,9.18,105.15,2024,9,16,16-Sep,27.77,25.46,87.25,34.86801748
2024-09-16 19:00:00+07:00,9.18,105.15,2024,9,16,16-Sep,27.52,25.34,87.92,34.52624868
2024-09-16 20:00:00+07:00,9.18,105.15,2024,9,16,16-Sep,27.21,24.99,87.68,33.94859153
2024-09-16 21:00:00+07:00,9.18,105.15,2024,9,16,16-Sep,26.49,24.69,89.83,33.00488033
2024-09-16 22:00:00+07:00,9.18,105.15,2024,9,16,16-Sep,26.31,24.72,91,32.84863952
2024-09-16 23:00:00+07:00,9.18,105.15,2024,9,16,16-Sep,26.26,24.9,92.22,32.935593
2024-09-17 00:00:00+07:00,9.18,105.15,2024,9,17,17-Sep,26.46,25,91.71,33.21074
2024-09-17 01:00:00+07:00,9.18,105.15,2024,9,17,17-Sep,26.05,24.8,92.84,32.650812
2024-09-17 02:00:00+07:00,9.18,105.15,2024,9,17,17-Sep,25.93,24.64,92.59,32.41050288
2024-09-17 03:00:00+07:00,9.18,105.15,2024,9,17,17-Sep,26.09,24.58,91.38,32.52435892
2024-09-17 04:00:00+07:00,9.18,105.15,2024,9,17,17-Sep,26.02,24.76,92.75,32.59066128
2024-09-17 05:00:00+07:00,9.18,105.15,2024,9,17,17-Sep,26.52,25.42,93.64,33.59437892
2024-09-17 06:00:00+07:00,9.18,105.15,2024,9,17,17-Sep,26.62,25.45,93.3,33.71712825
2024-09-17 07:00:00+07:00,9.18,105.15,2024,9,17,17-Sep,26.97,25.79,93.26,34.33157873
2024-09-17 08:00:00+07:00,9.18,105.15,2024,9,17,17-Sep,27.57,26.05,91.46,35.13419825
2024-09-17 09:00:00+07:00,9.18,105.15,2024,9,17,17-Sep,28.21,26.19,88.86,35.88225633
2024-09-17 10:00:00+07:00,9.18,105.15,2024,9,17,17-Sep,28.01,26,88.87,35.53174
2024-09-17 11:00:00+07:00,9.18,105.15,2024,9,17,17-Sep,28.04,25.62,86.72,35.26144132
2024-09-17 12:00:00+07:00,9.18,105.15,2024,9,17,17-Sep,27.76,25.78,88.99,35.10894852
2024-09-17 13:00:00+07:00,9.18,105.15,2024,9,17,17-Sep,27.84,25.94,89.41,35.31507908
2024-09-17 14:00:00+07:00,9.18,105.15,2024,9,17,17-Sep,27.72,26,90.4,35.24348
2024-09-17 15:00:00+07:00,9.18,105.15,2024,9,17,17-Sep,27.37,25.98,92.14,34.87967412
2024-09-17 16:00:00+07:00,9.18,105.15,2024,9,17,17-Sep,26.71,25.06,90.7,33.50519508
2024-09-17 17:00:00+07:00,9.18,105.15,2024,9,17,17-Sep,25.91,25.03,94.88,32.68700377
2024-09-17 18:00:00+07:00,9.18,105.15,2024,9,17,17-Sep,26.21,25.28,94.62,33.17763952
2024-09-17 19:00:00+07:00,9.18,105.15,2024,9,17,17-Sep,26.36,25.26,93.68,33.31127428
2024-09-17 20:00:00+07:00,9.18,105.15,2024,9,17,17-Sep,26.52,25.33,93.18,33.52449617
2024-09-17 21:00:00+07:00,9.18,105.15,2024,9,17,17-Sep,26.46,25.24,92.98,33.39522128
2024-09-17 22:00:00+07:00,9.18,105.15,2024,9,17,17-Sep,26.59,25.42,93.33,33.66395892
2024-09-17 23:00:00+07:00,9.18,105.15,2024,9,17,17-Sep,26.36,25.29,93.87,33.33447673
2024-09-18 00:00:00+07:00,9.18,105.15,2024,9,18,18-Sep,26.28,25.23,93.96,33.20857937
2024-09-18 01:00:00+07:00,9.18,105.15,2024,9,18,18-Sep,26.24,25.19,93.95,33.13796233
2024-09-18 02:00:00+07:00,9.18,105.15,2024,9,18,18-Sep,26.07,25.06,94.2,32.86903508
2024-09-18 03:00:00+07:00,9.18,105.15,2024,9,18,18-Sep,25.7,24.78,94.67,32.28774052
2024-09-18 04:00:00+07:00,9.18,105.15,2024,9,18,18-Sep,25.81,24.81,94.23,32.41984233
2024-09-18 05:00:00+07:00,9.18,105.15,2024,9,18,18-Sep,26.28,24.77,91.43,32.85667937
2024-09-18 06:00:00+07:00,9.18,105.15,2024,9,18,18-Sep,26.2,24.42,89.97,32.51374692
2024-09-18 07:00:00+07:00,9.18,105.15,2024,9,18,18-Sep,26.06,24.58,91.55,32.49453892
2024-09-18 08:00:00+07:00,9.18,105.15,2024,9,18,18-Sep,26.74,24.86,89.42,33.38225988
2024-09-18 09:00:00+07:00,9.18,105.15,2024,9,18,18-Sep,26.84,24.65,87.78,33.32258425
2024-09-18 10:00:00+07:00,9.18,105.15,2024,9,18,18-Sep,26.59,24.48,88.23,32.94629712
2024-09-18 11:00:00+07:00,9.18,105.15,2024,9,18,18-Sep,26.67,24.76,89.3,33.23676128
2024-09-18 12:00:00+07:00,9.18,105.15,2024,9,18,18-Sep,27.11,25.28,89.71,34.07223952
2024-09-18 13:00:00+07:00,9.18,105.15,2024,9,18,18-Sep,27.64,25.4,87.61,34.692108
2024-09-18 14:00:00+07:00,9.18,105.15,2024,9,18,18-Sep,27.77,25.6,88.01,34.977388
2024-09-18 15:00:00+07:00,9.18,105.15,2024,9,18,18-Sep,27.42,25.52,89.4,34.56691712
2024-09-18 16:00:00+07:00,9.18,105.15,2024,9,18,18-Sep,27.04,25.33,90.36,34.04137617
2024-09-18 17:00:00+07:00,9.18,105.15,2024,9,18,18-Sep,27.48,24.95,86.1,34.18640825
2024-09-18 18:00:00+07:00,9.18,105.15,2024,9,18,18-Sep,27.47,24.71,84.94,33.99411673
2024-09-18 19:00:00+07:00,9.18,105.15,2024,9,18,18-Sep,27.51,24.71,84.73,34.03387673
2024-09-18 20:00:00+07:00,9.18,105.15,2024,9,18,18-Sep,27.35,24.7,85.49,33.867277
2024-09-18 21:00:00+07:00,9.18,105.15,2024,9,18,18-Sep,26.93,24.84,88.32,33.55591168
2024-09-18 22:00:00+07:00,9.18,105.15,2024,9,18,18-Sep,26.96,25.08,89.5,33.76903792
2024-09-18 23:00:00+07:00,9.18,105.15,2024,9,18,18-Sep,26.89,25.07,89.76,33.69178497
2024-09-19 00:00:00+07:00,9.18,105.15,2024,9,19,19-Sep,27.02,25.1,89.27,33.844033
2024-09-19 01:00:00+07:00,9.18,105.15,2024,9,19,19-Sep,26.61,24.86,90.1,33.25303988
2024-09-19 02:00:00+07:00,9.18,105.15,2024,9,19,19-Sep,26.31,24.91,92.03,32.99291393
2024-09-19 03:00:00+07:00,9.18,105.15,2024,9,19,19-Sep,26.01,24.97,94.01,32.74050377
2024-09-19 04:00:00+07:00,9.18,105.15,2024,9,19,19-Sep,25.92,24.87,93.95,32.57478857
2024-09-19 05:00:00+07:00,9.18,105.15,2024,9,19,19-Sep,25.83,24.74,93.69,32.38665428
2024-09-19 06:00:00+07:00,9.18,105.15,2024,9,19,19-Sep,25.92,24.72,93.12,32.46097952
2024-09-19 07:00:00+07:00,9.18,105.15,2024,9,19,19-Sep,26.28,24.87,91.99,32.93262857
2024-09-19 08:00:00+07:00,9.18,105.15,2024,9,19,19-Sep,26.55,25.04,91.41,33.33082448
2024-09-19 09:00:00+07:00,9.18,105.15,2024,9,19,19-Sep,27.37,25.71,90.7,34.66614273
2024-09-19 10:00:00+07:00,9.18,105.15,2024,9,19,19-Sep,27.59,25.46,88.18,34.68909748
2024-09-19 11:00:00+07:00,9.18,105.15,2024,9,19,19-Sep,27.31,25.17,88.13,34.18613217
2024-09-19 12:00:00+07:00,9.18,105.15,2024,9,19,19-Sep,28.55,25.74,84.8,35.86267828
2024-09-19 13:00:00+07:00,9.18,105.15,2024,9,19,19-Sep,27.89,25.35,86.1,34.90178425
2024-09-19 14:00:00+07:00,9.18,105.15,2024,9,19,19-Sep,28.6,25.87,85.16,36.01503057
2024-09-19 15:00:00+07:00,9.18,105.15,2024,9,19,19-Sep,27.5,25.76,90.26,34.83473728
2024-09-19 16:00:00+07:00,9.18,105.15,2024,9,19,19-Sep,27.37,26.09,92.76,34.96730793
2024-09-19 17:00:00+07:00,9.18,105.15,2024,9,19,19-Sep,27.11,25.08,88.68,33.91813792
2024-09-19 18:00:00+07:00,9.18,105.15,2024,9,19,19-Sep,26.52,24.92,90.95,33.20927792
2024-09-19 19:00:00+07:00,9.18,105.15,2024,9,19,19-Sep,26.65,25.2,91.79,33.553212
2024-09-19 20:00:00+07:00,9.18,105.15,2024,9,19,19-Sep,26.67,25.28,92.11,33.63487952
2024-09-19 21:00:00+07:00,9.18,105.15,2024,9,19,19-Sep,26.65,25.42,93,33.72359892
2024-09-19 22:00:00+07:00,9.18,105.15,2024,9,19,19-Sep,26.65,25.57,93.78,33.84062097
2024-09-19 23:00:00+07:00,9.18,105.15,2024,9,19,19-Sep,26.61,25.47,93.47,33.72276977
2024-09-20 00:00:00+07:00,9.18,105.15,2024,9,20,20-Sep,26.55,25.64,94.76,33.79606688
2024-09-20 01:00:00+07:00,9.18,105.15,2024,9,20,20-Sep,26.5,25.52,94.35,33.65243712
2024-09-20 02:00:00+07:00,9.18,105.15,2024,9,20,20-Sep,26.26,25.41,95.07,33.32816193
2024-09-20 03:00:00+07:00,9.18,105.15,2024,9,20,20-Sep,26.35,25.52,95.19,33.50333712
2024-09-20 04:00:00+07:00,9.18,105.15,2024,9,20,20-Sep,26.36,25.54,95.3,33.52890148
2024-09-20 05:00:00+07:00,9.18,105.15,2024,9,20,20-Sep,26.82,25.43,92.07,33.90035897
2024-09-20 06:00:00+07:00,9.18,105.15,2024,9,20,20-Sep,27.03,25.45,91.05,34.12466825
2024-09-20 07:00:00+07:00,9.18,105.15,2024,9,20,20-Sep,27.43,25.65,90.04,34.67863425
2024-09-20 08:00:00+07:00,9.18,105.15,2024,9,20,20-Sep,27.85,26.04,89.91,35.40454848
2024-09-20 09:00:00+07:00,9.18,105.15,2024,9,20,20-Sep,29.29,26.33,84.15,37.06827417
2024-09-20 10:00:00+07:00,9.18,105.15,2024,9,20,20-Sep,30.16,26.21,79.44,37.83659073
2024-09-20 11:00:00+07:00,9.18,105.15,2024,9,20,20-Sep,29.31,26.18,83.28,36.96764372
2024-09-20 12:00:00+07:00,9.18,105.15,2024,9,20,20-Sep,30.41,26.75,80.85,38.52264625
2024-09-20 13:00:00+07:00,9.18,105.15,2024,9,20,20-Sep,29.87,26.51,82.23,37.79031553
2024-09-20 14:00:00+07:00,9.18,105.15,2024,9,20,20-Sep,29.49,26.43,83.63,37.34779697
2024-09-20 15:00:00+07:00,9.18,105.15,2024,9,20,20-Sep,29.06,26.47,85.94,36.95275177
2024-09-20 16:00:00+07:00,9.18,105.15,2024,9,20,20-Sep,29.33,26.26,83.6,37.05171028
2024-09-20 17:00:00+07:00,9.18,105.15,2024,9,20,20-Sep,28.45,25.27,82.94,35.39646537
2024-09-20 18:00:00+07:00,9.18,105.15,2024,9,20,20-Sep,28.05,25.52,86.14,35.19313712
2024-09-20 19:00:00+07:00,9.18,105.15,2024,9,20,20-Sep,27.67,25.59,88.47,34.87015593
2024-09-20 20:00:00+07:00,9.18,105.15,2024,9,20,20-Sep,27.18,25.76,91.93,34.51665728
2024-09-20 21:00:00+07:00,9.18,105.15,2024,9,20,20-Sep,27.21,25.97,92.94,34.71268577
2024-09-20 22:00:00+07:00,9.18,105.15,2024,9,20,20-Sep,27.33,26.03,92.66,34.87970177
2024-09-20 23:00:00+07:00,9.18,105.15,2024,9,20,20-Sep,27.04,25.72,92.49,34.34599152
2024-09-21 00:00:00+07:00,9.18,105.15,2024,9,21,21-Sep,26.34,25.37,94.37,33.37660457
2024-09-21 01:00:00+07:00,9.18,105.15,2024,9,21,21-Sep,26.36,25.36,94.27,33.38872288
2024-09-21 02:00:00+07:00,9.18,105.15,2024,9,21,21-Sep,26.25,25.21,93.99,33.16332473
2024-09-21 03:00:00+07:00,9.18,105.15,2024,9,21,21-Sep,26.35,25.41,94.57,33.41762193
2024-09-21 04:00:00+07:00,9.18,105.15,2024,9,21,21-Sep,26.39,25.51,94.92,33.53528953
2024-09-21 05:00:00+07:00,9.18,105.15,2024,9,21,21-Sep,26.95,25.5,91.78,34.084125
2024-09-21 06:00:00+07:00,9.18,105.15,2024,9,21,21-Sep,26.87,25.54,92.4,34.03584148
2024-09-21 07:00:00+07:00,9.18,105.15,2024,9,21,21-Sep,27.51,25.93,91.12,34.97912297
2024-09-21 08:00:00+07:00,9.18,105.15,2024,9,21,21-Sep,28.34,26.27,88.56,36.07568737
2024-09-21 09:00:00+07:00,9.18,105.15,2024,9,21,21-Sep,29.44,26.7,85.25,37.517577
2024-09-21 10:00:00+07:00,9.18,105.15,2024,9,21,21-Sep,29.92,26.3,80.99,37.670337
2024-09-21 11:00:00+07:00,9.18,105.15,2024,9,21,21-Sep,29.56,25.77,80.12,36.89026137
2024-09-21 12:00:00+07:00,9.18,105.15,2024,9,21,21-Sep,29.6,26.02,81.15,37.12811812
2024-09-21 13:00:00+07:00,9.18,105.15,2024,9,21,21-Sep,28.68,25.51,83.02,35.81154953
2024-09-21 14:00:00+07:00,9.18,105.15,2024,9,21,21-Sep,28.85,26.11,85.17,36.45440113
2024-09-21 15:00:00+07:00,9.18,105.15,2024,9,21,21-Sep,27.28,25.38,89.37,34.31872932
2024-09-21 16:00:00+07:00,9.18,105.15,2024,9,21,21-Sep,27.03,25.34,90.49,34.03918868
2024-09-21 17:00:00+07:00,9.18,105.15,2024,9,21,21-Sep,26.16,25.18,94.33,33.05073572
2024-09-21 18:00:00+07:00,9.18,105.15,2024,9,21,21-Sep,26.3,25.18,93.56,33.18989572
2024-09-21 19:00:00+07:00,9.18,105.15,2024,9,21,21-Sep,26.38,25.19,93.17,33.27712233
2024-09-21 20:00:00+07:00,9.18,105.15,2024,9,21,21-Sep,26.2,25.13,93.81,33.05200857
2024-09-21 21:00:00+07:00,9.18,105.15,2024,9,21,21-Sep,26.28,25.25,94.09,33.22402625
2024-09-21 22:00:00+07:00,9.18,105.15,2024,9,21,21-Sep,26.37,25.14,92.97,33.22867988
2024-09-21 23:00:00+07:00,9.18,105.15,2024,9,21,21-Sep,26.37,25.04,92.39,33.15190448
2024-09-22 00:00:00+07:00,9.18,105.15,2024,9,22,22-Sep,26.26,24.89,92.2,32.92797513
2024-09-22 01:00:00+07:00,9.18,105.15,2024,9,22,22-Sep,26.08,24.88,93.12,32.74144032
2024-09-22 02:00:00+07:00,9.18,105.15,2024,9,22,22-Sep,26.01,24.89,93.56,32.67947513
2024-09-22 03:00:00+07:00,9.18,105.15,2024,9,22,22-Sep,25.93,24.97,94.42,32.66098377
2024-09-22 04:00:00+07:00,9.18,105.15,2024,9,22,22-Sep,25.86,24.94,94.65,32.56849508
2024-09-22 05:00:00+07:00,9.18,105.15,2024,9,22,22-Sep,25.92,24.89,94.05,32.59001513
2024-09-22 06:00:00+07:00,9.18,105.15,2024,9,22,22-Sep,25.98,24.9,93.8,32.657273
2024-09-22 07:00:00+07:00,9.18,105.15,2024,9,22,22-Sep,26.48,25.06,91.92,33.27657508
2024-09-22 08:00:00+07:00,9.18,105.15,2024,9,22,22-Sep,27.34,25.29,88.58,34.30859673
2024-09-22 09:00:00+07:00,9.18,105.15,2024,9,22,22-Sep,29.09,25.36,80.31,36.10234288
2024-09-22 10:00:00+07:00,9.18,105.15,2024,9,22,22-Sep,29.82,25.65,78.37,37.05429425
2024-09-22 11:00:00+07:00,9.18,105.15,2024,9,22,22-Sep,30.19,25.5,76.05,37.304685
2024-09-22 12:00:00+07:00,9.18,105.15,2024,9,22,22-Sep,30.01,25.41,76.43,37.05566193
2024-09-22 13:00:00+07:00,9.18,105.15,2024,9,22,22-Sep,30.44,25.36,74.31,37.44424288
2024-09-22 14:00:00+07:00,9.18,105.15,2024,9,22,22-Sep,29.56,25.83,80.39,36.93763017
2024-09-22 15:00:00+07:00,9.18,105.15,2024,9,22,22-Sep,28.56,25.79,85.01,35.91203873
2024-09-22 16:00:00+07:00,9.18,105.15,2024,9,22,22-Sep,27.63,25.37,87.5,34.65886457
2024-09-22 17:00:00+07:00,9.18,105.15,2024,9,22,22-Sep,27.75,25.24,86.26,34.67748128
2024-09-22 18:00:00+07:00,9.18,105.15,2024,9,22,22-Sep,27.51,25.28,87.63,34.46983952
2024-09-22 19:00:00+07:00,9.18,105.15,2024,9,22,22-Sep,27.46,25.37,88.39,34.48988457
2024-09-22 20:00:00+07:00,9.18,105.15,2024,9,22,22-Sep,27.18,25.33,89.68,34.18053617
2024-09-22 21:00:00+07:00,9.18,105.15,2024,9,22,22-Sep,26.87,25.33,91.31,33.87239617
2024-09-22 22:00:00+07:00,9.18,105.15,2024,9,22,22-Sep,26.9,25.43,91.66,33.97987897
2024-09-22 23:00:00+07:00,9.18,105.15,2024,9,22,22-Sep,26.8,25.36,91.81,33.82608288
2024-09-23 00:00:00+07:00,9.18,105.15,2024,9,23,23-Sep,26.68,25.39,92.6,33.73009713
2024-09-23 01:00:00+07:00,9.18,105.15,2024,9,23,23-Sep,26.54,25.37,93.3,33.57540457
2024-09-23 02:00:00+07:00,9.18,105.15,2024,9,23,23-Sep,26.38,25.15,92.96,33.24631425
2024-09-23 03:00:00+07:00,9.18,105.15,2024,9,23,23-Sep,26.01,25.1,94.71,32.840093
2024-09-23 04:00:00+07:00,9.18,105.15,2024,9,23,23-Sep,26.04,25.13,94.7,32.89296857
2024-09-23 05:00:00+07:00,9.18,105.15,2024,9,23,23-Sep,26.32,25.52,95.35,33.47351712
2024-09-23 06:00:00+07:00,9.18,105.15,2024,9,23,23-Sep,26.31,25.58,95.79,33.51048692
2024-09-23 07:00:00+07:00,9.18,105.15,2024,9,23,23-Sep,27.13,25.99,93.46,34.64906553
2024-09-23 08:00:00+07:00,9.18,105.15,2024,9,23,23-Sep,28.45,26.08,87.02,36.03284592
2024-09-23 09:00:00+07:00,9.18,105.15,2024,9,23,23-Sep,30.58,25.63,74.92,37.79404257
2024-09-23 10:00:00+07:00,9.18,105.15,2024,9,23,23-Sep,30.97,25.05,70.75,37.73196825
2024-09-23 11:00:00+07:00,9.18,105.15,2024,9,23,23-Sep,30.98,25.01,70.58,37.71127153
2024-09-23 12:00:00+07:00,9.18,105.15,2024,9,23,23-Sep,31.4,24.73,67.76,37.91566537
2024-09-23 13:00:00+07:00,9.18,105.15,2024,9,23,23-Sep,31.36,24.92,68.67,38.02023792
2024-09-23 14:00:00+07:00,9.18,105.15,2024,9,23,23-Sep,30.84,24.83,70.36,37.43485217
2024-09-23 15:00:00+07:00,9.18,105.15,2024,9,23,23-Sep,30.09,24.9,73.78,36.742613
2024-09-23 16:00:00+07:00,9.18,105.15,2024,9,23,23-Sep,29.91,24.83,74.23,36.51043217
2024-09-23 17:00:00+07:00,9.18,105.15,2024,9,23,23-Sep,28.58,24.97,80.87,35.29508377
2024-09-23 18:00:00+07:00,9.18,105.15,2024,9,23,23-Sep,27.91,25.63,87.41,35.14006257
2024-09-23 19:00:00+07:00,9.18,105.15,2024,9,23,23-Sep,27.59,25.62,89.06,34.81414132
2024-09-23 20:00:00+07:00,9.18,105.15,2024,9,23,23-Sep,27.3,25.53,90.08,34.45544777
2024-09-23 21:00:00+07:00,9.18,105.15,2024,9,23,23-Sep,26.76,25.42,92.4,33.83293892
2024-09-23 22:00:00+07:00,9.18,105.15,2024,9,23,23-Sep,26.71,25.58,93.54,33.90808692
2024-09-23 23:00:00+07:00,9.18,105.15,2024,9,23,23-Sep,26.55,25.47,93.77,33.66312977
2024-09-24 00:00:00+07:00,9.18,105.15,2024,9,24,24-Sep,26.27,25.5,95.58,33.408205
2024-09-24 01:00:00+07:00,9.18,105.15,2024,9,24,24-Sep,26.28,25.54,95.71,33.44938148
2024-09-24 02:00:00+07:00,9.18,105.15,2024,9,24,24-Sep,26.21,25.47,95.75,33.32516977
2024-09-24 03:00:00+07:00,9.18,105.15,2024,9,24,24-Sep,26.15,25.37,95.48,33.18774457
2024-09-24 04:00:00+07:00,9.18,105.15,2024,9,24,24-Sep,26.05,25.31,95.72,33.04182033
2024-09-24 05:00:00+07:00,9.18,105.15,2024,9,24,24-Sep,26.12,25.49,96.34,33.25130353
2024-09-24 06:00:00+07:00,9.18,105.15,2024,9,24,24-Sep,26.35,25.63,95.83,33.58942257
2024-09-24 07:00:00+07:00,9.18,105.15,2024,9,24,24-Sep,27.09,25.97,93.65,34.59340577
2024-09-24 08:00:00+07:00,9.18,105.15,2024,9,24,24-Sep,28.3,25.78,86.27,35.64570852
2024-09-24 09:00:00+07:00,9.18,105.15,2024,9,24,24-Sep,30.54,25.58,74.87,37.71510692
2024-09-24 10:00:00+07:00,9.18,105.15,2024,9,24,24-Sep,31.08,25.37,71.67,38.08816457
2024-09-24 11:00:00+07:00,9.18,105.15,2024,9,24,24-Sep,31.23,25.3,70.76,38.182997
2024-09-24 12:00:00+07:00,9.18,105.15,2024,9,24,24-Sep,32.34,24.91,64.93,38.98673393
2024-09-24 13:00:00+07:00,9.18,105.15,2024,9,24,24-Sep,31.77,24.58,65.76,38.17027892
2024-09-24 14:00:00+07:00,9.18,105.15,2024,9,24,24-Sep,30.21,24.96,73.55,36.90766448
2024-09-24 15:00:00+07:00,9.18,105.15,2024,9,24,24-Sep,29.58,25.33,77.97,36.56613617
2024-09-24 16:00:00+07:00,9.18,105.15,2024,9,24,24-Sep,29.89,25.09,75.47,36.68913393
2024-09-24 17:00:00+07:00,9.18,105.15,2024,9,24,24-Sep,29.26,25.05,78.06,36.03222825
2024-09-24 18:00:00+07:00,9.18,105.15,2024,9,24,24-Sep,28.84,25.31,81.3,35.81508033
2024-09-24 19:00:00+07:00,9.18,105.15,2024,9,24,24-Sep,28.58,25.87,85.29,35.99515057
2024-09-24 20:00:00+07:00,9.18,105.15,2024,9,24,24-Sep,28.1,25.82,87.45,35.47848772
2024-09-24 21:00:00+07:00,9.18,105.15,2024,9,24,24-Sep,27.84,26.13,90.44,35.46644657
2024-09-24 22:00:00+07:00,9.18,105.15,2024,9,24,24-Sep,27.64,26.14,91.59,35.27564388
2024-09-24 23:00:00+07:00,9.18,105.15,2024,9,24,24-Sep,27.63,25.99,90.78,35.14606553
2024-09-25 00:00:00+07:00,9.18,105.15,2024,9,25,25-Sep,27.42,25.98,91.87,34.92937412
2024-09-25 01:00:00+07:00,9.18,105.15,2024,9,25,25-Sep,27.2,25.94,92.85,34.67891908
2024-09-25 02:00:00+07:00,9.18,105.15,2024,9,25,25-Sep,27.11,25.8,92.53,34.478632
2024-09-25 03:00:00+07:00,9.18,105.15,2024,9,25,25-Sep,26.74,25.57,93.34,33.93008097
2024-09-25 04:00:00+07:00,9.18,105.15,2024,9,25,25-Sep,26.69,25.66,94.1,33.95092468
2024-09-25 05:00:00+07:00,9.18,105.15,2024,9,25,25-Sep,26.63,25.58,94.02,33.82856692
2024-09-25 06:00:00+07:00,9.18,105.15,2024,9,25,25-Sep,26.64,25.64,94.29,33.88552688
2024-09-25 07:00:00+07:00,9.18,105.15,2024,9,25,25-Sep,27.69,26.38,92.58,35.51819732
2024-09-25 08:00:00+07:00,9.18,105.15,2024,9,25,25-Sep,28.75,26.59,88.15,36.74202993
2024-09-25 09:00:00+07:00,9.18,105.15,2024,9,25,25-Sep,30.71,27.1,81.12,39.109213
2024-09-25 10:00:00+07:00,9.18,105.15,2024,9,25,25-Sep,31.25,26.91,77.75,39.48896593
2024-09-25 11:00:00+07:00,9.18,105.15,2024,9,25,25-Sep,31.71,27.13,76.72,40.12810457
2024-09-25 12:00:00+07:00,9.18,105.15,2024,9,25,25-Sep,32.54,25.9,68.12,39.955153
2024-09-25 13:00:00+07:00,9.18,105.15,2024,9,25,25-Sep,32.19,26.06,70.12,39.73445108
2024-09-25 14:00:00+07:00,9.18,105.15,2024,9,25,25-Sep,31.31,26.31,74.86,39.06004633
2024-09-25 15:00:00+07:00,9.18,105.15,2024,9,25,25-Sep,28.94,25.85,83.42,36.33716425
2024-09-25 16:00:00+07:00,9.18,105.15,2024,9,25,25-Sep,28.55,25.53,83.72,35.69794777
2024-09-25 17:00:00+07:00,9.18,105.15,2024,9,25,25-Sep,27.93,25.71,87.71,35.22278273
2024-09-25 18:00:00+07:00,9.18,105.15,2024,9,25,25-Sep,27.11,25.51,90.95,34.25096953
2024-09-25 19:00:00+07:00,9.18,105.15,2024,9,25,25-Sep,26.91,25.59,92.47,34.11471593
2024-09-25 20:00:00+07:00,9.18,105.15,2024,9,25,25-Sep,26.61,25.6,94.22,33.824348
2024-09-25 21:00:00+07:00,9.18,105.15,2024,9,25,25-Sep,26.28,25.57,95.9,33.47284097
2024-09-25 22:00:00+07:00,9.18,105.15,2024,9,25,25-Sep,25.97,25.21,95.6,32.88500473
2024-09-25 23:00:00+07:00,9.18,105.15,2024,9,25,25-Sep,26.06,25.01,93.96,32.82079153
2024-09-26 00:00:00+07:00,9.18,105.15,2024,9,26,26-Sep,25.67,24.81,95.01,32.28068233
2024-09-26 01:00:00+07:00,9.18,105.15,2024,9,26,26-Sep,25.67,24.89,95.48,32.34151513
2024-09-26 02:00:00+07:00,9.18,105.15,2024,9,26,26-Sep,25.59,24.86,95.72,32.23915988
2024-09-26 03:00:00+07:00,9.18,105.15,2024,9,26,26-Sep,25.57,24.99,96.59,32.31843153
2024-09-26 04:00:00+07:00,9.18,105.15,2024,9,26,26-Sep,25.52,24.97,96.77,32.25344377
2024-09-26 05:00:00+07:00,9.18,105.15,2024,9,26,26-Sep,26.15,25.59,96.76,33.35927593
2024-09-26 06:00:00+07:00,9.18,105.15,2024,9,26,26-Sep,26.04,25.43,96.47,33.12503897
2024-09-26 07:00:00+07:00,9.18,105.15,2024,9,26,26-Sep,26.55,25.71,95.15,33.85106273
2024-09-26 08:00:00+07:00,9.18,105.15,2024,9,26,26-Sep,27.43,26.13,92.61,35.05890657
2024-09-26 09:00:00+07:00,9.18,105.15,2024,9,26,26-Sep,28.92,26.32,85.88,36.69243872
2024-09-26 10:00:00+07:00,9.18,105.15,2024,9,26,26-Sep,29.97,26.54,81.91,37.91406548
2024-09-26 11:00:00+07:00,9.18,105.15,2024,9,26,26-Sep,31.12,25.55,72.33,38.26815825
2024-09-26 12:00:00+07:00,9.18,105.15,2024,9,26,26-Sep,29.98,24.57,72.8,36.38349897
2024-09-26 13:00:00+07:00,9.18,105.15,2024,9,26,26-Sep,29.35,25.07,77.78,36.13702497
2024-09-26 14:00:00+07:00,9.18,105.15,2024,9,26,26-Sep,28.74,25.14,80.88,35.58445988
2024-09-26 15:00:00+07:00,9.18,105.15,2024,9,26,26-Sep,28.87,24.86,78.96,35.49947988
2024-09-26 16:00:00+07:00,9.18,105.15,2024,9,26,26-Sep,28.28,25,82.42,35.01982
2024-09-26 17:00:00+07:00,9.18,105.15,2024,9,26,26-Sep,28.04,25.6,86.63,35.245768
2024-09-26 18:00:00+07:00,9.18,105.15,2024,9,26,26-Sep,27.77,25.44,87.18,34.85244208
2024-09-26 19:00:00+07:00,9.18,105.15,2024,9,26,26-Sep,27.64,25.71,89.25,34.93452273
2024-09-26 20:00:00+07:00,9.18,105.15,2024,9,26,26-Sep,27.97,26.03,89.21,35.51586177
2024-09-26 21:00:00+07:00,9.18,105.15,2024,9,26,26-Sep,27.73,26.31,91.98,35.50152633
2024-09-26 22:00:00+07:00,9.18,105.15,2024,9,26,26-Sep,27.38,25.95,91.97,34.86577825
2024-09-26 23:00:00+07:00,9.18,105.15,2024,9,26,26-Sep,27.2,25.74,91.76,34.52077828
2024-09-27 00:00:00+07:00,9.18,105.15,2024,9,27,27-Sep,26.73,25.36,92.24,33.75650288
2024-09-27 01:00:00+07:00,9.18,105.15,2024,9,27,27-Sep,26.67,25.4,92.75,33.727928
2024-09-27 02:00:00+07:00,9.18,105.15,2024,9,27,27-Sep,26.67,25.41,92.81,33.73570193
2024-09-27 03:00:00+07:00,9.18,105.15,2024,9,27,27-Sep,26.62,25.51,93.64,33.76390953
2024-09-27 04:00:00+07:00,9.18,105.15,2024,9,27,27-Sep,26.6,25.52,93.78,33.75183712
2024-09-27 05:00:00+07:00,9.18,105.15,2024,9,27,27-Sep,26.3,25.41,94.87,33.36792193
2024-09-27 06:00:00+07:00,9.18,105.15,2024,9,27,27-Sep,26.24,25.33,94.77,33.24617617
2024-09-27 07:00:00+07:00,9.18,105.15,2024,9,27,27-Sep,26.26,25.35,94.78,33.28156425
2024-09-27 08:00:00+07:00,9.18,105.15,2024,9,27,27-Sep,27.14,25.47,90.6,34.24958977
2024-09-27 09:00:00+07:00,9.18,105.15,2024,9,27,27-Sep,28.2,25.41,84.87,35.25652193
2024-09-27 10:00:00+07:00,9.18,105.15,2024,9,27,27-Sep,29.39,24.97,77.1,36.10022377
2024-09-27 11:00:00+07:00,9.18,105.15,2024,9,27,27-Sep,30.42,24.44,70.43,36.72337808
2024-09-27 12:00:00+07:00,9.18,105.15,2024,9,27,27-Sep,31.88,24.8,66.2,38.445832
2024-09-27 13:00:00+07:00,9.18,105.15,2024,9,27,27-Sep,31.81,25.04,67.44,38.55926448
2024-09-27 14:00:00+07:00,9.18,105.15,2024,9,27,27-Sep,31.81,25,67.29,38.52864
2024-09-27 15:00:00+07:00,9.18,105.15,2024,9,27,27-Sep,31.05,24.67,68.89,37.52241617
2024-09-27 16:00:00+07:00,9.18,105.15,2024,9,27,27-Sep,29.35,24.76,76.39,35.90068128
2024-09-27 17:00:00+07:00,9.18,105.15,2024,9,27,27-Sep,28.86,25.18,80.55,35.73453572
2024-09-27 18:00:00+07:00,9.18,105.15,2024,9,27,27-Sep,28.37,25.32,83.57,35.35564672
2024-09-27 19:00:00+07:00,9.18,105.15,2024,9,27,27-Sep,28.19,25.46,85.12,35.28549748
2024-09-27 20:00:00+07:00,9.18,105.15,2024,9,27,27-Sep,27.93,25.35,85.85,34.94154425
2024-09-27 21:00:00+07:00,9.18,105.15,2024,9,27,27-Sep,27.34,25.64,90.44,34.58132688
2024-09-27 22:00:00+07:00,9.18,105.15,2024,9,27,27-Sep,27,25.53,91.72,34.15724777
2024-09-27 23:00:00+07:00,9.18,105.15,2024,9,27,27-Sep,26.65,25.4,92.83,33.708048
2024-09-28 00:00:00+07:00,9.18,105.15,2024,9,28,28-Sep,26.27,25.06,93.07,33.06783508
2024-09-28 01:00:00+07:00,9.18,105.15,2024,9,28,28-Sep,26.25,25.11,93.46,33.08633513
2024-09-28 02:00:00+07:00,9.18,105.15,2024,9,28,28-Sep,26.19,25.12,93.88,33.03438032
2024-09-28 03:00:00+07:00,9.18,105.15,2024,9,28,28-Sep,26.14,25.5,96.28,33.278985
2024-09-28 04:00:00+07:00,9.18,105.15,2024,9,28,28-Sep,25.92,25.3,96.39,32.904857
2024-09-28 05:00:00+07:00,9.18,105.15,2024,9,28,28-Sep,26.08,25.32,95.55,33.07938672
2024-09-28 06:00:00+07:00,9.18,105.15,2024,9,28,28-Sep,26.07,25.26,95.34,33.02301428
2024-09-28 07:00:00+07:00,9.18,105.15,2024,9,28,28-Sep,26.89,25.82,93.87,34.27574772
2024-09-28 08:00:00+07:00,9.18,105.15,2024,9,28,28-Sep,28.66,25.59,83.46,35.85421593
2024-09-28 09:00:00+07:00,9.18,105.15,2024,9,28,28-Sep,30.74,25.08,71.84,37.52635792
2024-09-28 10:00:00+07:00,9.18,105.15,2024,9,28,28-Sep,31.32,25.06,69.41,38.08753508
2024-09-28 11:00:00+07:00,9.18,105.15,2024,9,28,28-Sep,31.92,24.88,66.35,38.54640032
2024-09-28 12:00:00+07:00,9.18,105.15,2024,9,28,28-Sep,32.26,24.85,64.98,38.86153425
2024-09-28 13:00:00+07:00,9.18,105.15,2024,9,28,28-Sep,32.31,24.57,63.72,38.69951897
2024-09-28 14:00:00+07:00,9.18,105.15,2024,9,28,28-Sep,32.3,24.73,64.42,38.81026537
2024-09-28 15:00:00+07:00,9.18,105.15,2024,9,28,28-Sep,32.16,25,65.96,38.87654
2024-09-28 16:00:00+07:00,9.18,105.15,2024,9,28,28-Sep,32.03,25.11,66.87,38.83165513
2024-09-28 17:00:00+07:00,9.18,105.15,2024,9,28,28-Sep,30.88,25.04,71.11,37.63484448
2024-09-28 18:00:00+07:00,9.18,105.15,2024,9,28,28-Sep,29.54,25.73,80.01,36.83886337
2024-09-28 19:00:00+07:00,9.18,105.15,2024,9,28,28-Sep,29.18,25.46,80.37,36.26955748
2024-09-28 20:00:00+07:00,9.18,105.15,2024,9,28,28-Sep,28.66,25.46,82.85,35.75267748
2024-09-28 21:00:00+07:00,9.18,105.15,2024,9,28,28-Sep,27.94,25.54,86.8,35.09942148
2024-09-28 22:00:00+07:00,9.18,105.15,2024,9,28,28-Sep,27.98,25.67,87.31,35.24103817
2024-09-28 23:00:00+07:00,9.18,105.15,2024,9,28,28-Sep,27.7,25.66,88.67,34.95486468
2024-09-29 00:00:00+07:00,9.18,105.15,2024,9,29,29-Sep,27.35,25.64,90.43,34.59126688
2024-09-29 01:00:00+07:00,9.18,105.15,2024,9,29,29-Sep,27.04,25.72,92.53,34.34599152
2024-09-29 02:00:00+07:00,9.18,105.15,2024,9,29,29-Sep,26.8,25.6,93.16,34.013208
2024-09-29 03:00:00+07:00,9.18,105.15,2024,9,29,29-Sep,26.5,25.56,94.59,33.68369808
2024-09-29 04:00:00+07:00,9.18,105.15,2024,9,29,29-Sep,26.58,25.73,95.11,33.89662337
2024-09-29 05:00:00+07:00,9.18,105.15,2024,9,29,29-Sep,26.85,26.23,96.45,34.56249737
2024-09-29 06:00:00+07:00,9.18,105.15,2024,9,29,29-Sep,26.85,26.27,96.62,34.59462737
2024-09-29 07:00:00+07:00,9.18,105.15,2024,9,29,29-Sep,28.14,26.74,92.11,36.25808228
2024-09-29 08:00:00+07:00,9.18,105.15,2024,9,29,29-Sep,29.41,26.12,82.52,37.01903232
2024-09-29 09:00:00+07:00,9.18,105.15,2024,9,29,29-Sep,30.8,24.89,70.76,37.44073513
2024-09-29 10:00:00+07:00,9.18,105.15,2024,9,29,29-Sep,31.24,24.77,68.53,37.78691937
2024-09-29 11:00:00+07:00,9.18,105.15,2024,9,29,29-Sep,31.83,24.66,65.83,38.29018868
2024-09-29 12:00:00+07:00,9.18,105.15,2024,9,29,29-Sep,32.45,25.05,65.06,39.20308825
2024-09-29 13:00:00+07:00,9.18,105.15,2024,9,29,29-Sep,32.24,25.22,66.51,39.12510052
2024-09-29 14:00:00+07:00,9.18,105.15,2024,9,29,29-Sep,31.47,25.4,70.25,38.499128
2024-09-29 15:00:00+07:00,9.18,105.15,2024,9,29,29-Sep,31.29,25.31,70.59,38.25038033
2024-09-29 16:00:00+07:00,9.18,105.15,2024,9,29,29-Sep,31.21,25.09,69.99,38.00121393
2024-09-29 17:00:00+07:00,9.18,105.15,2024,9,29,29-Sep,29.96,24.98,74.72,36.67444612
2024-09-29 18:00:00+07:00,9.18,105.15,2024,9,29,29-Sep,29.43,25.25,78.25,36.35512625
2024-09-29 19:00:00+07:00,9.18,105.15,2024,9,29,29-Sep,29.17,25.81,82.12,36.53416833
2024-09-29 20:00:00+07:00,9.18,105.15,2024,9,29,29-Sep,29.01,26.04,84.01,36.55758848
2024-09-29 21:00:00+07:00,9.18,105.15,2024,9,29,29-Sep,28.42,26.05,87.01,35.97909825
2024-09-29 22:00:00+07:00,9.18,105.15,2024,9,29,29-Sep,28.36,26.35,88.85,36.15997425
2024-09-29 23:00:00+07:00,9.18,105.15,2024,9,29,29-Sep,28.23,26.41,89.88,36.07918793
2024-09-30 00:00:00+07:00,9.18,105.15,2024,9,30,30-Sep,27.97,26.44,91.41,35.84500608
2024-09-30 01:00:00+07:00,9.18,105.15,2024,9,30,30-Sep,27.98,26.57,92.05,35.96038297
2024-09-30 02:00:00+07:00,9.18,105.15,2024,9,30,30-Sep,27.77,26.5,92.81,35.694805
2024-09-30 03:00:00+07:00,9.18,105.15,2024,9,30,30-Sep,27.66,26.52,93.5,35.60168912
2024-09-30 04:00:00+07:00,9.18,105.15,2024,9,30,30-Sep,27.7,26.47,93,35.60091177
2024-09-30 05:00:00+07:00,9.18,105.15,2024,9,30,30-Sep,27.61,26.57,94.08,35.59260297
2024-09-30 06:00:00+07:00,9.18,105.15,2024,9,30,30-Sep,27.57,26.56,94.22,35.54471408
2024-09-30 07:00:00+07:00,9.18,105.15,2024,9,30,30-Sep,28.35,26.65,90.51,36.39330425
2024-09-30 08:00:00+07:00,9.18,105.15,2024,9,30,30-Sep,29.23,26.54,85.46,37.17850548
2024-09-30 09:00:00+07:00,9.18,105.15,2024,9,30,30-Sep,31.15,26.45,76.14,39.01401825
2024-09-30 10:00:00+07:00,9.18,105.15,2024,9,30,30-Sep,31.39,26.09,73.51,38.96318793
2024-09-30 11:00:00+07:00,9.18,105.15,2024,9,30,30-Sep,31.85,26.08,71.58,39.41244592
2024-09-30 12:00:00+07:00,9.18,105.15,2024,9,30,30-Sep,32.37,26.26,70.23,40.07347028
2024-09-30 13:00:00+07:00,9.18,105.15,2024,9,30,30-Sep,31.3,26.01,73.55,38.80995753
2024-09-30 14:00:00+07:00,9.18,105.15,2024,9,30,30-Sep,31.7,26.24,72.88,39.39142528
2024-09-30 15:00:00+07:00,9.18,105.15,2024,9,30,30-Sep,31.33,26.03,73.48,38.85570177
2024-09-30 16:00:00+07:00,9.18,105.15,2024,9,30,30-Sep,30.52,26.37,78.55,38.32314657
2024-09-30 17:00:00+07:00,9.18,105.15,2024,9,30,30-Sep,29.56,26.08,81.61,37.13618592
2024-09-30 18:00:00+07:00,9.18,105.15,2024,9,30,30-Sep,29.06,26.06,83.89,36.62323108
2024-09-30 19:00:00+07:00,9.18,105.15,2024,9,30,30-Sep,28.98,25.9,83.47,36.416513
2024-09-30 20:00:00+07:00,9.18,105.15,2024,9,30,30-Sep,29.04,26.14,84.38,36.66724388
2024-09-30 21:00:00+07:00,9.18,105.15,2024,9,30,30-Sep,28.54,26.33,87.83,36.32277417
2024-09-30 22:00:00+07:00,9.18,105.15,2024,9,30,30-Sep,28.45,26.11,87.16,36.05680113
2024-09-30 23:00:00+07:00,9.18,105.15,2024,9,30,30-Sep,28.26,26.08,87.98,35.84398592
2024-10-01 00:00:00+07:00,9.18,105.15,2024,10,1,1-Oct,27.99,26.38,90.97,35.81639732
2024-10-01 01:00:00+07:00,9.18,105.15,2024,10,1,1-Oct,27.95,26.29,90.71,35.70411073
2024-10-01 02:00:00+07:00,9.18,105.15,2024,10,1,1-Oct,27.89,26.51,92.21,35.82219553
2024-10-01 03:00:00+07:00,9.18,105.15,2024,10,1,1-Oct,27.65,26.5,93.45,35.575525
2024-10-01 04:00:00+07:00,9.18,105.15,2024,10,1,1-Oct,27.57,26.45,93.58,35.45549825
2024-10-01 05:00:00+07:00,9.18,105.15,2024,10,1,1-Oct,27.8,26.58,93.06,35.78959492
2024-10-01 06:00:00+07:00,9.18,105.15,2024,10,1,1-Oct,27.91,26.62,92.71,35.93149332
2024-10-01 07:00:00+07:00,9.18,105.15,2024,10,1,1-Oct,28.6,26.72,89.61,36.69896352
2024-10-01 08:00:00+07:00,9.18,105.15,2024,10,1,1-Oct,29.71,26.58,83.33,37.68813492
2024-10-01 09:00:00+07:00,9.18,105.15,2024,10,1,1-Oct,31.43,25.64,71.4,38.64678688
2024-10-01 10:00:00+07:00,9.18,105.15,2024,10,1,1-Oct,31.76,25.27,68.56,38.68660537
2024-10-01 11:00:00+07:00,9.18,105.15,2024,10,1,1-Oct,32.08,25.73,69.19,39.36362337
2024-10-01 12:00:00+07:00,9.18,105.15,2024,10,1,1-Oct,32.46,25.66,67.45,39.68630468
2024-10-01 13:00:00+07:00,9.18,105.15,2024,10,1,1-Oct,31.3,25.56,71.58,38.45489808
2024-10-01 14:00:00+07:00,9.18,105.15,2024,10,1,1-Oct,31.27,25.85,72.97,38.65318425
2024-10-01 15:00:00+07:00,9.18,105.15,2024,10,1,1-Oct,30.35,25.89,77.05,37.77036913
2024-10-01 16:00:00+07:00,9.18,105.15,2024,10,1,1-Oct,30.92,26.29,76.4,38.65629073
2024-10-01 17:00:00+07:00,9.18,105.15,2024,10,1,1-Oct,28.57,25.49,83.44,35.68660353
2024-10-01 18:00:00+07:00,9.18,105.15,2024,10,1,1-Oct,27.42,25.52,89.4,34.56691712
2024-10-01 19:00:00+07:00,9.18,105.15,2024,10,1,1-Oct,27.73,25.75,89.01,35.05547625
2024-10-01 20:00:00+07:00,9.18,105.15,2024,10,1,1-Oct,27.64,25.92,90.34,35.10040992
2024-10-01 21:00:00+07:00,9.18,105.15,2024,10,1,1-Oct,27.62,26.16,91.74,35.27176768
2024-10-01 22:00:00+07:00,9.18,105.15,2024,10,1,1-Oct,27.48,26.13,92.4,35.10860657
2024-10-01 23:00:00+07:00,9.18,105.15,2024,10,1,1-Oct,27.3,26.27,94.13,35.04192737
2024-10-02 00:00:00+07:00,9.18,105.15,2024,10,2,2-Oct,27.38,26.47,94.8,35.28283177
2024-10-02 01:00:00+07:00,9.18,105.15,2024,10,2,2-Oct,27.52,26.39,93.56,35.35729113
2024-10-02 02:00:00+07:00,9.18,105.15,2024,10,2,2-Oct,27.42,26.31,93.67,35.19338633
2024-10-02 03:00:00+07:00,9.18,105.15,2024,10,2,2-Oct,27.41,26.17,92.96,35.07103417
2024-10-02 04:00:00+07:00,9.18,105.15,2024,10,2,2-Oct,27.53,26.29,92.96,35.28663073
2024-10-02 05:00:00+07:00,9.18,105.15,2024,10,2,2-Oct,27.86,26.58,92.75,35.84923492
2024-10-02 06:00:00+07:00,9.18,105.15,2024,10,2,2-Oct,28.07,26.7,92.25,36.155797
2024-10-02 07:00:00+07:00,9.18,105.15,2024,10,2,2-Oct,28.64,26.89,90.3,36.87816313
2024-10-02 08:00:00+07:00,9.18,105.15,2024,10,2,2-Oct,29.57,26.78,85,37.71225652
2024-10-02 09:00:00+07:00,9.18,105.15,2024,10,2,2-Oct,30.96,26.05,75.14,38.50385825
2024-10-02 10:00:00+07:00,9.18,105.15,2024,10,2,2-Oct,31.42,25.93,72.67,38.86566297
2024-10-02 11:00:00+07:00,9.18,105.15,2024,10,2,2-Oct,31.73,25.33,68.92,38.70323617
2024-10-02 12:00:00+07:00,9.18,105.15,2024,10,2,2-Oct,31.01,25.91,74.34,38.44225993
2024-10-02 13:00:00+07:00,9.18,105.15,2024,10,2,2-Oct,30.78,26.03,75.87,38.30900177
2024-10-02 14:00:00+07:00,9.18,105.15,2024,10,2,2-Oct,31.45,26.74,76.13,39.54822228
2024-10-02 15:00:00+07:00,9.18,105.15,2024,10,2,2-Oct,31.64,26.49,74.21,39.53347753
2024-10-02 16:00:00+07:00,9.18,105.15,2024,10,2,2-Oct,30.56,26.75,80.11,38.67174625
2024-10-02 17:00:00+07:00,9.18,105.15,2024,10,2,2-Oct,29.8,25.88,79.54,37.21574832
2024-10-02 18:00:00+07:00,9.18,105.15,2024,10,2,2-Oct,29.42,26.06,82.17,36.98107108
2024-10-02 19:00:00+07:00,9.18,105.15,2024,10,2,2-Oct,29.25,26.1,83.15,36.844013
2024-10-02 20:00:00+07:00,9.18,105.15,2024,10,2,2-Oct,28.97,26.31,85.57,36.73408633
2024-10-02 21:00:00+07:00,9.18,105.15,2024,10,2,2-Oct,28.47,26.4,88.56,36.309668
2024-10-02 22:00:00+07:00,9.18,105.15,2024,10,2,2-Oct,28.49,26.48,88.86,36.39427312
2024-10-02 23:00:00+07:00,9.18,105.15,2024,10,2,2-Oct,28.02,26.38,90.82,35.84621732
2024-10-03 00:00:00+07:00,9.18,105.15,2024,10,3,3-Oct,28,26.43,91.22,35.86673697
2024-10-03 01:00:00+07:00,9.18,105.15,2024,10,3,3-Oct,27.9,26.37,91.4,35.71886657
2024-10-03 02:00:00+07:00,9.18,105.15,2024,10,3,3-Oct,27.57,26.02,91.25,35.11029812
2024-10-03 03:00:00+07:00,9.18,105.15,2024,10,3,3-Oct,27.65,26.19,91.77,35.32561633
2024-10-03 04:00:00+07:00,9.18,105.15,2024,10,3,3-Oct,27.38,26.26,93.6,35.11341028
2024-10-03 05:00:00+07:00,9.18,105.15,2024,10,3,3-Oct,27.63,26.27,92.32,35.36994737
2024-10-03 06:00:00+07:00,9.18,105.15,2024,10,3,3-Oct,27.53,26.19,92.39,35.20633633
2024-10-03 07:00:00+07:00,9.18,105.15,2024,10,3,3-Oct,28.2,26.27,89.28,35.93652737
2024-10-03 08:00:00+07:00,9.18,105.15,2024,10,3,3-Oct,29.21,26.32,84.46,36.98069872
2024-10-03 09:00:00+07:00,9.18,105.15,2024,10,3,3-Oct,30.68,26.77,79.67,38.80740337
2024-10-03 10:00:00+07:00,9.18,105.15,2024,10,3,3-Oct,30.65,25.82,75.47,38.01318772
2024-10-03 11:00:00+07:00,9.18,105.15,2024,10,3,3-Oct,30.14,25.8,77.6,37.490452
2024-10-03 12:00:00+07:00,9.18,105.15,2024,10,3,3-Oct,29.02,25.49,81.27,36.13390353
2024-10-03 13:00:00+07:00,9.18,105.15,2024,10,3,3-Oct,29.05,25.66,81.98,36.29676468
2024-10-03 14:00:00+07:00,9.18,105.15,2024,10,3,3-Oct,28.99,25.8,82.92,36.347352
2024-10-03 15:00:00+07:00,9.18,105.15,2024,10,3,3-Oct,27.77,24.7,83.41,34.284757
2024-10-03 16:00:00+07:00,9.18,105.15,2024,10,3,3-Oct,26.91,24.28,85.51,33.11517152
2024-10-03 17:00:00+07:00,9.18,105.15,2024,10,3,3-Oct,26.49,24.78,90.36,33.07300052
2024-10-03 18:00:00+07:00,9.18,105.15,2024,10,3,3-Oct,26.11,24.81,92.55,32.71804233
2024-10-03 19:00:00+07:00,9.18,105.15,2024,10,3,3-Oct,26.09,24.97,93.57,32.82002377
2024-10-03 20:00:00+07:00,9.18,105.15,2024,10,3,3-Oct,26.2,25.18,94.13,33.09049572
2024-10-03 21:00:00+07:00,9.18,105.15,2024,10,3,3-Oct,26.15,25.08,93.88,32.96389792
2024-10-03 22:00:00+07:00,9.18,105.15,2024,10,3,3-Oct,26.35,25.16,93.15,33.22419168
2024-10-03 23:00:00+07:00,9.18,105.15,2024,10,3,3-Oct,26,25.1,94.82,32.830153
2024-10-04 00:00:00+07:00,9.18,105.15,2024,10,4,4-Oct,25.71,24.96,95.67,32.43466448
2024-10-04 01:00:00+07:00,9.18,105.15,2024,10,4,4-Oct,25.81,25,95.25,32.56464
2024-10-04 02:00:00+07:00,9.18,105.15,2024,10,4,4-Oct,25.57,24.84,95.75,32.20407168
2024-10-04 03:00:00+07:00,9.18,105.15,2024,10,4,4-Oct,25.49,24.91,96.59,32.17783393
2024-10-04 04:00:00+07:00,9.18,105.15,2024,10,4,4-Oct,25.6,24.85,95.62,32.24149425
2024-10-04 05:00:00+07:00,9.18,105.15,2024,10,4,4-Oct,25.6,24.94,96.14,32.31005508
2024-10-04 06:00:00+07:00,9.18,105.15,2024,10,4,4-Oct,25.61,24.98,96.34,32.35054612
2024-10-04 07:00:00+07:00,9.18,105.15,2024,10,4,4-Oct,26.48,25.39,93.72,33.53129713
2024-10-04 08:00:00+07:00,9.18,105.15,2024,10,4,4-Oct,27.49,25.75,90.27,34.81691625
2024-10-04 09:00:00+07:00,9.18,105.15,2024,10,4,4-Oct,29.6,26.12,81.59,37.20789232
2024-10-04 10:00:00+07:00,9.18,105.15,2024,10,4,4-Oct,30.55,25.55,74.71,37.70157825
2024-10-04 11:00:00+07:00,9.18,105.15,2024,10,4,4-Oct,31.1,24.91,69.67,37.75417393
2024-10-04 12:00:00+07:00,9.18,105.15,2024,10,4,4-Oct,31.32,24.97,69.05,38.01864377
2024-10-04 13:00:00+07:00,9.18,105.15,2024,10,4,4-Oct,30.8,25.18,72.04,37.66289572
2024-10-04 14:00:00+07:00,9.18,105.15,2024,10,4,4-Oct,30.36,25.23,74.08,37.26409937
2024-10-04 15:00:00+07:00,9.18,105.15,2024,10,4,4-Oct,28.14,24.91,82.65,34.81193393
2024-10-04 16:00:00+07:00,9.18,105.15,2024,10,4,4-Oct,27.6,24.77,84.62,34.16875937
2024-10-04 17:00:00+07:00,9.18,105.15,2024,10,4,4-Oct,27.38,25,86.86,34.12522
2024-10-04 18:00:00+07:00,9.18,105.15,2024,10,4,4-Oct,26.19,24.52,90.5,32.57868512
2024-10-04 19:00:00+07:00,9.18,105.15,2024,10,4,4-Oct,26.01,24.73,92.66,32.55800537
2024-10-04 20:00:00+07:00,9.18,105.15,2024,10,4,4-Oct,25.72,24.76,94.46,32.29246128
2024-10-04 21:00:00+07:00,9.18,105.15,2024,10,4,4-Oct,25.55,24.68,94.93,32.06296672
2024-10-04 22:00:00+07:00,9.18,105.15,2024,10,4,4-Oct,25.44,24.55,94.8,31.85570825
2024-10-04 23:00:00+07:00,9.18,105.15,2024,10,4,4-Oct,25.46,24.63,95.15,31.93578457
2024-10-05 00:00:00+07:00,9.18,105.15,2024,10,5,5-Oct,25.47,24.57,94.74,31.90055897
2024-10-05 01:00:00+07:00,9.18,105.15,2024,10,5,5-Oct,25.4,24.6,95.36,31.853548
2024-10-05 02:00:00+07:00,9.18,105.15,2024,10,5,5-Oct,25.34,24.61,95.75,31.80143713
2024-10-05 03:00:00+07:00,9.18,105.15,2024,10,5,5-Oct,25.29,24.7,96.49,31.819637
2024-10-05 04:00:00+07:00,9.18,105.15,2024,10,5,5-Oct,25.3,24.72,96.59,31.84469952
2024-10-05 05:00:00+07:00,9.18,105.15,2024,10,5,5-Oct,25.6,24.85,95.68,32.24149425
2024-10-05 06:00:00+07:00,9.18,105.15,2024,10,5,5-Oct,25.53,24.73,95.31,32.08088537
2024-10-06 07:00:00+07:00,9.18,105.15,2024,10,6,6-Oct,26.19,25.33,94.99,33.19647617
2024-10-06 08:00:00+07:00,9.18,105.15,2024,10,6,6-Oct,26.69,25.41,92.71,33.75558193
2024-10-06 09:00:00+07:00,9.18,105.15,2024,10,6,6-Oct,27.58,25.04,86.08,34.35464448
2024-10-06 10:00:00+07:00,9.18,105.15,2024,10,6,6-Oct,28.91,24.91,79.02,35.57731393
2024-10-06 11:00:00+07:00,9.18,105.15,2024,10,6,6-Oct,30.05,24.77,73.38,36.60405937
2024-10-06 12:00:00+07:00,9.18,105.15,2024,10,6,6-Oct,28.95,24.49,76.86,35.29962953
2024-10-06 13:00:00+07:00,9.18,105.15,2024,10,6,6-Oct,29.06,24.9,78.29,35.718793
2024-10-06 14:00:00+07:00,9.18,105.15,2024,10,6,6-Oct,28.85,24.86,79.07,35.47959988
2024-10-06 15:00:00+07:00,9.18,105.15,2024,10,6,6-Oct,28,24.12,79.43,34.08014832
2024-10-06 16:00:00+07:00,9.18,105.15,2024,10,6,6-Oct,27.42,24.18,82.51,33.54796772
2024-10-06 17:00:00+07:00,9.18,105.15,2024,10,6,6-Oct,27.58,24.72,84.42,34.11101952
2024-10-06 18:00:00+07:00,9.18,105.15,2024,10,6,6-Oct,27,24.95,88.57,33.70928825
2024-10-06 19:00:00+07:00,9.18,105.15,2024,10,6,6-Oct,26.99,25.09,89.38,33.80653393
2024-10-06 20:00:00+07:00,9.18,105.15,2024,10,6,6-Oct,26.82,25.13,90.49,33.66828857
2024-10-06 21:00:00+07:00,9.18,105.15,2024,10,6,6-Oct,26.7,25.5,93.11,33.835625
2024-10-06 22:00:00+07:00,9.18,105.15,2024,10,6,6-Oct,26.47,25.45,94.14,33.56802825
2024-10-06 23:00:00+07:00,9.18,105.15,2024,10,6,6-Oct,26.29,25.23,93.87,33.21851937
2024-10-07 00:00:00+07:00,9.18,105.15,2024,10,7,7-Oct,26.13,25.31,95.2,33.12134033
2024-10-07 01:00:00+07:00,9.18,105.15,2024,10,7,7-Oct,26.26,25.45,95.32,33.35928825
2024-10-07 02:00:00+07:00,9.18,105.15,2024,10,7,7-Oct,25.98,25.36,96.37,33.01100288
2024-10-07 03:00:00+07:00,9.18,105.15,2024,10,7,7-Oct,25.87,25.27,96.54,32.83194537
2024-10-07 04:00:00+07:00,9.18,105.15,2024,10,7,7-Oct,25.76,25.25,96.97,32.70714625
2024-10-07 05:00:00+07:00,9.18,105.15,2024,10,7,7-Oct,25.8,25.13,96.11,32.65440857
2024-10-07 06:00:00+07:00,9.18,105.15,2024,10,7,7-Oct,25.94,25.06,94.95,32.73981508
2024-10-07 07:00:00+07:00,9.18,105.15,2024,10,7,7-Oct,26.63,25.28,92.32,33.59511952
2024-10-07 08:00:00+07:00,9.18,105.15,2024,10,7,7-Oct,27.75,25.43,87.2,34.82477897
2024-10-07 09:00:00+07:00,9.18,105.15,2024,10,7,7-Oct,29.61,25.79,79.96,36.95573873
2024-10-07 10:00:00+07:00,9.18,105.15,2024,10,7,7-Oct,29.96,25.92,79.01,37.40648992
2024-10-07 11:00:00+07:00,9.18,105.15,2024,10,7,7-Oct,30.72,24.99,71.55,37.43753153
2024-10-07 12:00:00+07:00,9.18,105.15,2024,10,7,7-Oct,30.4,24.98,72.84,37.11180612
2024-10-07 13:00:00+07:00,9.18,105.15,2024,10,7,7-Oct,29.6,24.76,75.27,36.14918128
2024-10-07 14:00:00+07:00,9.18,105.15,2024,10,7,7-Oct,30.33,25.28,74.43,37.27291952
2024-10-07 15:00:00+07:00,9.18,105.15,2024,10,7,7-Oct,30.94,25.88,74.52,38.34890832
2024-10-07 16:00:00+07:00,9.18,105.15,2024,10,7,7-Oct,31,25.42,72.22,38.04749892
2024-10-07 17:00:00+07:00,9.18,105.15,2024,10,7,7-Oct,28.77,25.45,82.24,35.85422825
2024-10-07 18:00:00+07:00,9.18,105.15,2024,10,7,7-Oct,28.46,25.82,85.65,35.83632772
2024-10-07 19:00:00+07:00,9.18,105.15,2024,10,7,7-Oct,27.93,25.87,88.58,35.34905057
2024-10-07 20:00:00+07:00,9.18,105.15,2024,10,7,7-Oct,27.67,26.12,91.26,35.28947232
2024-10-07 21:00:00+07:00,9.18,105.15,2024,10,7,7-Oct,27.08,26.13,94.53,34.71100657
2024-10-07 22:00:00+07:00,9.18,105.15,2024,10,7,7-Oct,27.07,25.82,92.9,34.45466772
2024-10-07 23:00:00+07:00,9.18,105.15,2024,10,7,7-Oct,26.71,25.74,94.41,34.03371828
2024-10-08 00:00:00+07:00,9.18,105.15,2024,10,8,8-Oct,26.33,25.65,96.01,33.58523425
2024-10-08 01:00:00+07:00,9.18,105.15,2024,10,8,8-Oct,26.38,25.67,95.88,33.65063817
2024-10-08 02:00:00+07:00,9.18,105.15,2024,10,8,8-Oct,26.03,25.33,95.96,33.03743617
2024-10-08 03:00:00+07:00,9.18,105.15,2024,10,8,8-Oct,25.83,25.17,96.13,32.71501217
2024-10-08 04:00:00+07:00,9.18,105.15,2024,10,8,8-Oct,25.77,25.14,96.32,32.63227988
2024-10-08 05:00:00+07:00,9.18,105.15,2024,10,8,8-Oct,25.28,24.38,94.77,31.56940132
2024-10-08 06:00:00+07:00,9.18,105.15,2024,10,8,8-Oct,25.19,24.38,95.27,31.47994132
2024-10-08 07:00:00+07:00,9.18,105.15,2024,10,8,8-Oct,25.64,24.55,93.75,32.05450825
2024-10-08 08:00:00+07:00,9.18,105.15,2024,10,8,8-Oct,26.46,24.55,89.28,32.86958825
2024-10-08 09:00:00+07:00,9.18,105.15,2024,10,8,8-Oct,28.1,24.69,81.77,34.60522033
2024-10-08 10:00:00+07:00,9.18,105.15,2024,10,8,8-Oct,28.97,24.82,78.34,35.56847572
2024-10-08 11:00:00+07:00,9.18,105.15,2024,10,8,8-Oct,29.79,24.72,74.25,36.30775952
2024-10-08 12:00:00+07:00,9.18,105.15,2024,10,8,8-Oct,30.12,24.79,73.2,36.68880473
2024-10-08 13:00:00+07:00,9.18,105.15,2024,10,8,8-Oct,29.7,25.09,76.35,36.50027393
2024-10-08 14:00:00+07:00,9.18,105.15,2024,10,8,8-Oct,29.47,25.12,77.47,36.29470032
2024-10-08 15:00:00+07:00,9.18,105.15,2024,10,8,8-Oct,28.21,24.73,81.43,34.74480537
2024-10-08 16:00:00+07:00,9.18,105.15,2024,10,8,8-Oct,28.12,24.82,82.31,34.72357572
2024-10-08 17:00:00+07:00,9.18,105.15,2024,10,8,8-Oct,26.97,25.09,89.45,33.78665393
2024-10-08 18:00:00+07:00,9.18,105.15,2024,10,8,8-Oct,26.53,24.96,91.1,33.24974448
2024-10-08 19:00:00+07:00,9.18,105.15,2024,10,8,8-Oct,26.44,25.18,92.78,33.32905572
2024-10-08 20:00:00+07:00,9.18,105.15,2024,10,8,8-Oct,26.3,25.05,92.82,33.08998825
2024-10-08 21:00:00+07:00,9.18,105.15,2024,10,8,8-Oct,26.23,25.15,93.75,33.09721425
2024-10-08 22:00:00+07:00,9.18,105.15,2024,10,8,8-Oct,26.39,25.3,93.77,33.372037
2024-10-08 23:00:00+07:00,9.18,105.15,2024,10,8,8-Oct,26.25,25.26,94.29,33.20193428
2024-10-09 00:00:00+07:00,9.18,105.15,2024,10,9,9-Oct,26.13,25.21,94.69,33.04404473
2024-10-09 01:00:00+07:00,9.18,105.15,2024,10,9,9-Oct,26.07,25.22,95.05,32.99212052
2024-10-09 02:00:00+07:00,9.18,105.15,2024,10,9,9-Oct,25.96,25.14,95.25,32.82113988
2024-10-09 03:00:00+07:00,9.18,105.15,2024,10,9,9-Oct,25.92,25.16,95.6,32.79677168
2024-10-09 04:00:00+07:00,9.18,105.15,2024,10,9,9-Oct,25.87,25.19,96.07,32.77018233
2024-10-09 05:00:00+07:00,9.18,105.15,2024,10,9,9-Oct,26,25.22,95.48,32.92254052
2024-10-09 06:00:00+07:00,9.18,105.15,2024,10,9,9-Oct,25.98,25.18,95.31,32.87181572
2024-10-09 07:00:00+07:00,9.18,105.15,2024,10,9,9-Oct,26.43,25.37,93.92,33.46606457
2024-10-09 08:00:00+07:00,9.18,105.15,2024,10,9,9-Oct,27.09,25.66,91.92,34.34852468
2024-10-09 09:00:00+07:00,9.18,105.15,2024,10,9,9-Oct,28.7,26.01,85.41,36.22555753
2024-10-09 10:00:00+07:00,9.18,105.15,2024,10,9,9-Oct,29.41,26.1,82.36,37.003053
2024-10-09 11:00:00+07:00,9.18,105.15,2024,10,9,9-Oct,30.19,24.9,73.36,36.842013
2024-10-09 12:00:00+07:00,9.18,105.15,2024,10,9,9-Oct,30.42,24.98,72.73,37.13168612
2024-10-09 13:00:00+07:00,9.18,105.15,2024,10,9,9-Oct,29.22,24.97,77.91,35.93124377
2024-10-09 14:00:00+07:00,9.18,105.15,2024,10,9,9-Oct,28.85,24.83,78.94,35.45679217
2024-10-09 15:00:00+07:00,9.18,105.15,2024,10,9,9-Oct,28.09,24.88,82.75,34.73938032
2024-10-09 16:00:00+07:00,9.18,105.15,2024,10,9,9-Oct,27.51,24.88,85.56,34.16286032
2024-10-09 17:00:00+07:00,9.18,105.15,2024,10,9,9-Oct,26.95,24.64,87.19,33.42438288
2024-10-09 18:00:00+07:00,9.18,105.15,2024,10,9,9-Oct,26.78,24.76,88.72,33.34610128
2024-10-09 19:00:00+07:00,9.18,105.15,2024,10,9,9-Oct,26.55,25.07,91.59,33.35382497
2024-10-09 20:00:00+07:00,9.18,105.15,2024,10,9,9-Oct,26.14,24.92,93.01,32.83155792
2024-10-09 21:00:00+07:00,9.18,105.15,2024,10,9,9-Oct,25.97,25,94.39,32.72368
2024-10-09 22:00:00+07:00,9.18,105.15,2024,10,9,9-Oct,26.06,25.12,94.59,32.90516032
2024-10-09 23:00:00+07:00,9.18,105.15,2024,10,9,9-Oct,25.78,25.01,95.51,32.54247153
2024-10-10 00:00:00+07:00,9.18,105.15,2024,10,10,10-Oct,25.91,25.14,95.53,32.77143988
2024-10-10 01:00:00+07:00,9.18,105.15,2024,10,10,10-Oct,26.06,25.21,95.07,32.97446473
2024-10-10 02:00:00+07:00,9.18,105.15,2024,10,10,10-Oct,26.03,25.14,94.8,32.89071988
2024-10-10 03:00:00+07:00,9.18,105.15,2024,10,10,10-Oct,26.11,25.15,94.45,32.97793425
2024-10-10 04:00:00+07:00,9.18,105.15,2024,10,10,10-Oct,26.07,25.16,94.72,32.94587168
2024-10-10 05:00:00+07:00,9.18,105.15,2024,10,10,10-Oct,26.04,25.2,95.14,32.946872
2024-10-10 06:00:00+07:00,9.18,105.15,2024,10,10,10-Oct,26.28,25.28,94.25,33.24721952
2024-10-10 07:00:00+07:00,9.18,105.15,2024,10,10,10-Oct,27.18,25.79,92.12,34.54031873
2024-10-10 08:00:00+07:00,9.18,105.15,2024,10,10,10-Oct,28.12,25.96,88.06,35.60928048
2024-10-10 09:00:00+07:00,9.18,105.15,2024,10,10,10-Oct,29.94,26.53,81.94,37.87612577
2024-10-10 10:00:00+07:00,9.18,105.15,2024,10,10,10-Oct,30.45,26.09,77.6,38.02882793
2024-10-10 11:00:00+07:00,9.18,105.15,2024,10,10,10-Oct,30.78,25.3,72.64,37.735697
2024-10-10 12:00:00+07:00,9.18,105.15,2024,10,10,10-Oct,29.23,24.75,76.84,35.77382625
2024-10-10 13:00:00+07:00,9.18,105.15,2024,10,10,10-Oct,28.69,24.5,78.12,35.048685
2024-10-10 14:00:00+07:00,9.18,105.15,2024,10,10,10-Oct,28.9,24.63,77.77,35.35514457
2024-10-10 15:00:00+07:00,9.18,105.15,2024,10,10,10-Oct,28.41,24.72,80.45,34.93603952
2024-10-10 16:00:00+07:00,9.18,105.15,2024,10,10,10-Oct,27.77,24.73,83.54,34.30744537
2024-10-10 17:00:00+07:00,9.18,105.15,2024,10,10,10-Oct,26.09,24.79,92.54,32.68298473
2024-10-10 18:00:00+07:00,9.18,105.15,2024,10,10,10-Oct,25.84,24.93,94.73,32.54098497
2024-10-10 19:00:00+07:00,9.18,105.15,2024,10,10,10-Oct,25.63,24.79,95.12,32.22574473
2024-10-10 20:00:00+07:00,9.18,105.15,2024,10,10,10-Oct,25.64,24.86,95.42,32.28885988
2024-10-10 21:00:00+07:00,9.18,105.15,2024,10,10,10-Oct,25.72,24.9,95.21,32.398833
2024-10-10 22:00:00+07:00,9.18,105.15,2024,10,10,10-Oct,25.75,24.92,95.19,32.44389792
2024-10-10 23:00:00+07:00,9.18,105.15,2024,10,10,10-Oct,25.73,24.87,94.98,32.38592857
2024-10-11 00:00:00+07:00,9.18,105.15,2024,10,11,11-Oct,25.61,24.86,95.65,32.25903988
2024-10-11 01:00:00+07:00,9.18,105.15,2024,10,11,11-Oct,25.56,24.89,96.09,32.23217513
2024-10-11 02:00:00+07:00,9.18,105.15,2024,10,11,11-Oct,25.55,24.89,96.14,32.22223513
2024-10-11 03:00:00+07:00,9.18,105.15,2024,10,11,11-Oct,25.63,25,96.32,32.38572
2024-10-11 04:00:00+07:00,9.18,105.15,2024,10,11,11-Oct,25.7,24.95,95.63,32.41708825
2024-10-11 05:00:00+07:00,9.18,105.15,2024,10,11,11-Oct,25.84,25.16,96,32.71725168
2024-10-11 06:00:00+07:00,9.18,105.15,2024,10,11,11-Oct,25.82,25,95.24,32.57458
2024-10-11 07:00:00+07:00,9.18,105.15,2024,10,11,11-Oct,25.93,25.13,95.37,32.78362857
2024-10-11 08:00:00+07:00,9.18,105.15,2024,10,11,11-Oct,26.63,25.74,94.87,33.95419828
2024-10-11 09:00:00+07:00,9.18,105.15,2024,10,11,11-Oct,27.86,25.87,88.92,35.27947057
2024-10-11 10:00:00+07:00,9.18,105.15,2024,10,11,11-Oct,28.71,25.85,84.58,36.10854425
2024-10-11 11:00:00+07:00,9.18,105.15,2024,10,11,11-Oct,29.17,26.24,84.23,36.87660528
2024-10-11 12:00:00+07:00,9.18,105.15,2024,10,11,11-Oct,29.85,26.37,81.6,37.65716657
2024-10-11 13:00:00+07:00,9.18,105.15,2024,10,11,11-Oct,30.03,26.2,79.99,37.699352
2024-10-11 14:00:00+07:00,9.18,105.15,2024,10,11,11-Oct,29.91,26.3,81.01,37.660397
2024-10-11 15:00:00+07:00,9.18,105.15,2024,10,11,11-Oct,29.65,26.1,81.28,37.241613
2024-10-11 16:00:00+07:00,9.18,105.15,2024,10,11,11-Oct,29.11,25.47,80.81,36.20776977
2024-10-11 17:00:00+07:00,9.18,105.15,2024,10,11,11-Oct,27.09,25.43,90.68,34.16873897
2024-10-11 18:00:00+07:00,9.18,105.15,2024,10,11,11-Oct,27.15,25.45,90.4,34.24394825
2024-10-11 19:00:00+07:00,9.18,105.15,2024,10,11,11-Oct,27.08,25.49,91.03,34.20554353
2024-10-11 20:00:00+07:00,9.18,105.15,2024,10,11,11-Oct,26.76,25.52,92.96,33.91087712
2024-10-11 21:00:00+07:00,9.18,105.15,2024,10,11,11-Oct,26.75,25.55,93.18,33.92437825
2024-10-11 22:00:00+07:00,9.18,105.15,2024,10,11,11-Oct,26.81,25.65,93.34,34.06235425
2024-10-11 23:00:00+07:00,9.18,105.15,2024,10,11,11-Oct,26.63,25.57,93.93,33.82074097
2024-10-12 00:00:00+07:00,9.18,105.15,2024,10,12,12-Oct,26.42,25.6,95.24,33.635488
2024-10-12 01:00:00+07:00,9.18,105.15,2024,10,12,12-Oct,26.52,25.67,95.11,33.78979817
2024-10-12 02:00:00+07:00,9.18,105.15,2024,10,12,12-Oct,26.53,25.7,95.21,33.823317
2024-10-12 03:00:00+07:00,9.18,105.15,2024,10,12,12-Oct,26.65,25.84,95.33,34.05299568
2024-10-12 04:00:00+07:00,9.18,105.15,2024,10,12,12-Oct,26.48,25.71,95.54,33.78148273
2024-10-12 05:00:00+07:00,9.18,105.15,2024,10,12,12-Oct,26.78,26.09,96,34.38084793
2024-10-12 06:00:00+07:00,9.18,105.15,2024,10,12,12-Oct,26.73,26,95.78,34.25942
2024-10-12 07:00:00+07:00,9.18,105.15,2024,10,12,12-Oct,27.4,26.48,94.69,35.31081312
2024-10-12 08:00:00+07:00,9.18,105.15,2024,10,12,12-Oct,28.71,26.89,89.9,36.94774313
2024-10-12 09:00:00+07:00,9.18,105.15,2024,10,12,12-Oct,30.08,26.43,80.82,37.93425697
2024-10-12 10:00:00+07:00,9.18,105.15,2024,10,12,12-Oct,30.5,25.83,76.16,37.87199017
2024-10-12 11:00:00+07:00,9.18,105.15,2024,10,12,12-Oct,30.64,25.71,75.01,37.91652273
2024-10-12 12:00:00+07:00,9.18,105.15,2024,10,12,12-Oct,30.16,25.03,74.06,36.91150377
2024-10-12 13:00:00+07:00,9.18,105.15,2024,10,12,12-Oct,30.63,25.44,73.89,37.69528208
2024-10-12 14:00:00+07:00,9.18,105.15,2024,10,12,12-Oct,30.61,25.78,75.46,37.94184852
2024-10-12 15:00:00+07:00,9.18,105.15,2024,10,12,12-Oct,30.12,25.82,77.76,37.48636772
2024-10-12 16:00:00+07:00,9.18,105.15,2024,10,12,12-Oct,30.01,25.58,77.16,37.18828692
2024-10-12 17:00:00+07:00,9.18,105.15,2024,10,12,12-Oct,28.85,25.54,82.33,36.00396148
2024-10-12 18:00:00+07:00,9.18,105.15,2024,10,12,12-Oct,28.02,25.42,85.79,35.08537892
2024-10-12 19:00:00+07:00,9.18,105.15,2024,10,12,12-Oct,27.87,25.61,87.51,35.08462313
2024-10-12 20:00:00+07:00,9.18,105.15,2024,10,12,12-Oct,27.69,25.52,88,34.83529712
2024-10-12 21:00:00+07:00,9.18,105.15,2024,10,12,12-Oct,27.12,25.31,89.87,34.10540033
2024-10-12 22:00:00+07:00,9.18,105.15,2024,10,12,12-Oct,26.93,25.51,91.94,34.07204953
2024-10-12 23:00:00+07:00,9.18,105.15,2024,10,12,12-Oct,26.64,25.44,93.13,33.72922208
2024-10-13 00:00:00+07:00,9.18,105.15,2024,10,13,13-Oct,26.09,25.13,94.47,32.94266857
2024-10-13 01:00:00+07:00,9.18,105.15,2024,10,13,13-Oct,26.07,25.26,95.3,33.02301428
2024-10-13 02:00:00+07:00,9.18,105.15,2024,10,13,13-Oct,25.99,25.21,95.47,32.90488473
2024-10-13 03:00:00+07:00,9.18,105.15,2024,10,13,13-Oct,25.74,25.08,96.16,32.55635792
2024-10-13 04:00:00+07:00,9.18,105.15,2024,10,13,13-Oct,25.78,25.1,96.08,32.611473
2024-10-13 05:00:00+07:00,9.18,105.15,2024,10,13,13-Oct,26.15,25.25,94.79,33.09480625
2024-10-13 06:00:00+07:00,9.18,105.15,2024,10,13,13-Oct,26.29,25.42,94.94,33.36575892
2024-10-13 07:00:00+07:00,9.18,105.15,2024,10,13,13-Oct,27.11,25.74,92.27,34.43131828
2024-10-13 08:00:00+07:00,9.18,105.15,2024,10,13,13-Oct,28.17,25.71,86.57,35.46134273
2024-10-13 09:00:00+07:00,9.18,105.15,2024,10,13,13-Oct,30.61,26.1,76.9,38.195853
2024-10-13 10:00:00+07:00,9.18,105.15,2024,10,13,13-Oct,31.25,26.05,73.91,38.79211825
2024-10-13 11:00:00+07:00,9.18,105.15,2024,10,13,13-Oct,31.77,26.17,72.27,39.40487417
2024-10-13 12:00:00+07:00,9.18,105.15,2024,10,13,13-Oct,32.45,24.99,64.82,39.15715153
2024-10-13 13:00:00+07:00,9.18,105.15,2024,10,13,13-Oct,32.32,25.27,66.43,39.24324537
2024-10-13 14:00:00+07:00,9.18,105.15,2024,10,13,13-Oct,31.88,25.66,69.7,39.10978468
2024-10-13 15:00:00+07:00,9.18,105.15,2024,10,13,13-Oct,30.8,25.01,71.28,37.53235153
2024-10-13 16:00:00+07:00,9.18,105.15,2024,10,13,13-Oct,30.57,25.24,73.23,37.48056128
2024-10-13 17:00:00+07:00,9.18,105.15,2024,10,13,13-Oct,29.07,25.32,80.26,36.05144672
2024-10-13 18:00:00+07:00,9.18,105.15,2024,10,13,13-Oct,28.53,25.35,82.94,35.53794425
2024-10-13 19:00:00+07:00,9.18,105.15,2024,10,13,13-Oct,28.22,25.66,86.05,35.47174468
2024-10-13 20:00:00+07:00,9.18,105.15,2024,10,13,13-Oct,27.65,25.55,88.36,34.81897825
2024-10-13 21:00:00+07:00,9.18,105.15,2024,10,13,13-Oct,27.32,25.59,90.28,34.52225593
2024-10-13 22:00:00+07:00,9.18,105.15,2024,10,13,13-Oct,27.02,25.68,92.38,34.29465472
2024-10-13 23:00:00+07:00,9.18,105.15,2024,10,13,13-Oct,26.92,25.66,92.83,34.17954468
2024-10-14 00:00:00+07:00,9.18,105.15,2024,10,14,14-Oct,26.25,25.45,95.33,33.34934825
2024-10-14 01:00:00+07:00,9.18,105.15,2024,10,14,14-Oct,26.13,25.37,95.58,33.16786457
2024-10-14 02:00:00+07:00,9.18,105.15,2024,10,14,14-Oct,26.01,25.2,95.32,32.917052
2024-10-14 03:00:00+07:00,9.18,105.15,2024,10,14,14-Oct,25.96,25.16,95.34,32.83653168
2024-10-14 04:00:00+07:00,9.18,105.15,2024,10,14,14-Oct,25.91,25.06,95.04,32.70999508
2024-10-14 05:00:00+07:00,9.18,105.15,2024,10,14,14-Oct,25.94,25.04,94.76,32.72448448
2024-10-14 06:00:00+07:00,9.18,105.15,2024,10,14,14-Oct,25.96,25.03,94.6,32.73670377
2024-10-14 07:00:00+07:00,9.18,105.15,2024,10,14,14-Oct,26.7,25.49,93.09,33.82782353
2024-10-14 08:00:00+07:00,9.18,105.15,2024,10,14,14-Oct,27.79,25.43,87.02,34.86453897
2024-10-14 09:00:00+07:00,9.18,105.15,2024,10,14,14-Oct,30.27,25.18,74.21,37.13607572
2024-10-14 10:00:00+07:00,9.18,105.15,2024,10,14,14-Oct,30.21,25.15,74.38,37.05333425
2024-10-14 11:00:00+07:00,9.18,105.15,2024,10,14,14-Oct,30.74,25.28,72.73,37.68045952
2024-10-14 12:00:00+07:00,9.18,105.15,2024,10,14,14-Oct,31.49,25.43,70.27,38.54233897
2024-10-14 13:00:00+07:00,9.18,105.15,2024,10,14,14-Oct,31.05,25.24,71.27,37.95768128
2024-10-14 14:00:00+07:00,9.18,105.15,2024,10,14,14-Oct,30.93,25.45,72.64,38.00126825
2024-10-14 15:00:00+07:00,9.18,105.15,2024,10,14,14-Oct,30.27,25.48,75.61,37.36860512
2024-10-14 16:00:00+07:00,9.18,105.15,2024,10,14,14-Oct,30.53,25.12,72.9,37.34834032
2024-10-14 17:00:00+07:00,9.18,105.15,2024,10,14,14-Oct,28.16,25.12,83.58,34.99256032
2024-10-14 18:00:00+07:00,9.18,105.15,2024,10,14,14-Oct,27.26,24.99,87.47,33.99829153
2024-10-14 19:00:00+07:00,9.18,105.15,2024,10,14,14-Oct,27.29,25.52,90.04,34.43769712
2024-10-14 20:00:00+07:00,9.18,105.15,2024,10,14,14-Oct,27.28,25.34,89.18,34.28768868
2024-10-14 21:00:00+07:00,9.18,105.15,2024,10,14,14-Oct,26.81,25.3,91.44,33.789517
2024-10-14 22:00:00+07:00,9.18,105.15,2024,10,14,14-Oct,26.91,25.46,91.74,34.01317748
2024-10-14 23:00:00+07:00,9.18,105.15,2024,10,14,14-Oct,26.59,25.46,93.55,33.69509748
2024-10-15 00:00:00+07:00,9.18,105.15,2024,10,15,15-Oct,26.68,25.52,93.4,33.83135712
2024-10-15 01:00:00+07:00,9.18,105.15,2024,10,15,15-Oct,26.52,25.56,94.47,33.70357808
2024-10-15 02:00:00+07:00,9.18,105.15,2024,10,15,15-Oct,26.57,25.51,93.95,33.71420953
2024-10-15 03:00:00+07:00,9.18,105.15,2024,10,15,15-Oct,26.53,25.47,93.93,33.64324977
2024-10-15 04:00:00+07:00,9.18,105.15,2024,10,15,15-Oct,26.51,25.53,94.34,33.67018777
2024-10-15 05:00:00+07:00,9.18,105.15,2024,10,15,15-Oct,26.86,25.75,93.61,34.19069625
2024-10-15 06:00:00+07:00,9.18,105.15,2024,10,15,15-Oct,26.99,25.63,92.31,34.22558257
2024-10-15 07:00:00+07:00,9.18,105.15,2024,10,15,15-Oct,27.5,26.03,91.73,35.04868177
2024-10-15 08:00:00+07:00,9.18,105.15,2024,10,15,15-Oct,28.51,26.08,86.69,36.09248592
2024-10-15 09:00:00+07:00,9.18,105.15,2024,10,15,15-Oct,30.45,25.66,75.62,37.68836468
2024-10-15 10:00:00+07:00,9.18,105.15,2024,10,15,15-Oct,30.31,25.25,74.41,37.22984625
2024-10-15 11:00:00+07:00,9.18,105.15,2024,10,15,15-Oct,29.02,25.15,79.64,35.87047425
2024-10-15 12:00:00+07:00,9.18,105.15,2024,10,15,15-Oct,29.28,25.48,80.04,36.38454512
2024-10-15 13:00:00+07:00,9.18,105.15,2024,10,15,15-Oct,29.15,25.28,79.67,36.09999952
2024-10-15 14:00:00+07:00,9.18,105.15,2024,10,15,15-Oct,28.51,24.92,80.9,35.18733792
2024-10-15 15:00:00+07:00,9.18,105.15,2024,10,15,15-Oct,27.8,25.14,85.49,34.65009988
2024-10-15 16:00:00+07:00,9.18,105.15,2024,10,15,15-Oct,28.85,25.57,82.51,36.02742097
2024-10-15 17:00:00+07:00,9.18,105.15,2024,10,15,15-Oct,27.25,24.96,87.33,33.96542448
2024-10-15 18:00:00+07:00,9.18,105.15,2024,10,15,15-Oct,26.52,24.96,91.15,33.23980448
2024-10-15 19:00:00+07:00,9.18,105.15,2024,10,15,15-Oct,26.36,25.19,93.33,33.25724233
2024-10-15 20:00:00+07:00,9.18,105.15,2024,10,15,15-Oct,26.25,25.15,93.71,33.11709425
2024-10-15 21:00:00+07:00,9.18,105.15,2024,10,15,15-Oct,26.07,25.13,94.59,32.92278857
2024-10-15 22:00:00+07:00,9.18,105.15,2024,10,15,15-Oct,25.95,25.16,95.37,32.82659168
2024-10-15 23:00:00+07:00,9.18,105.15,2024,10,15,15-Oct,25.64,24.96,96.06,32.36508448
2024-10-16 00:00:00+07:00,9.18,105.15,2024,10,16,16-Oct,25.51,24.72,95.41,32.05343952
2024-10-16 01:00:00+07:00,9.18,105.15,2024,10,16,16-Oct,25.42,24.62,95.37,31.88848932
2024-10-16 02:00:00+07:00,9.18,105.15,2024,10,16,16-Oct,25.22,24.44,95.45,31.55457808
2024-10-16 03:00:00+07:00,9.18,105.15,2024,10,16,16-Oct,25.24,24.45,95.41,31.58193825
2024-10-16 04:00:00+07:00,9.18,105.15,2024,10,16,16-Oct,25.27,24.58,95.95,31.70927892
2024-10-16 05:00:00+07:00,9.18,105.15,2024,10,16,16-Oct,25.8,25.05,95.62,32.59298825
2024-10-16 06:00:00+07:00,9.18,105.15,2024,10,16,16-Oct,25.95,25.12,95.22,32.79582032
2024-10-16 07:00:00+07:00,9.18,105.15,2024,10,16,16-Oct,26.88,25.61,92.74,34.10056313
2024-10-16 08:00:00+07:00,9.18,105.15,2024,10,16,16-Oct,28,25.49,86.26,35.12002353
2024-10-16 09:00:00+07:00,9.18,105.15,2024,10,16,16-Oct,30.33,25.45,75.19,37.40486825
2024-10-16 10:00:00+07:00,9.18,105.15,2024,10,16,16-Oct,29.82,25.28,76.63,36.76597952
2024-10-16 11:00:00+07:00,9.18,105.15,2024,10,16,16-Oct,29.12,25.1,78.98,35.931433
2024-10-16 12:00:00+07:00,9.18,105.15,2024,10,16,16-Oct,28.47,24.65,79.8,34.94280425
2024-10-16 13:00:00+07:00,9.18,105.15,2024,10,16,16-Oct,28.51,25.23,82.45,35.42519937
2024-10-16 14:00:00+07:00,9.18,105.15,2024,10,16,16-Oct,28.85,25.83,83.76,36.23189017
2024-10-16 15:00:00+07:00,9.18,105.15,2024,10,16,16-Oct,29.23,26.29,84.2,36.97643073
2024-10-16 16:00:00+07:00,9.18,105.15,2024,10,16,16-Oct,29.24,25.95,82.44,36.71461825
2024-10-16 17:00:00+07:00,9.18,105.15,2024,10,16,16-Oct,27.69,25.76,89.25,35.02359728
2024-10-16 18:00:00+07:00,9.18,105.15,2024,10,16,16-Oct,27.05,25.81,92.95,34.42688833
2024-10-16 19:00:00+07:00,9.18,105.15,2024,10,16,16-Oct,26.94,25.76,93.23,34.27809728
2024-10-16 20:00:00+07:00,9.18,105.15,2024,10,16,16-Oct,26.94,25.91,94.12,34.39667993
2024-10-16 21:00:00+07:00,9.18,105.15,2024,10,16,16-Oct,26.65,25.63,94.15,33.88762257
2024-10-16 22:00:00+07:00,9.18,105.15,2024,10,16,16-Oct,26.29,25.38,94.75,33.33466932
2024-10-16 23:00:00+07:00,9.18,105.15,2024,10,16,16-Oct,26.43,25.4,94.08,33.489368
2024-10-17 00:00:00+07:00,9.18,105.15,2024,10,17,17-Oct,26.27,25.42,95.07,33.34587892
2024-10-17 01:00:00+07:00,9.18,105.15,2024,10,17,17-Oct,26.25,25.43,95.24,33.33377897
2024-10-17 02:00:00+07:00,9.18,105.15,2024,10,17,17-Oct,26.17,25.39,95.47,33.22315713
2024-10-17 03:00:00+07:00,9.18,105.15,2024,10,17,17-Oct,26.16,25.37,95.42,33.19768457
2024-10-17 04:00:00+07:00,9.18,105.15,2024,10,17,17-Oct,26.15,25.28,94.97,33.11799952
2024-10-17 05:00:00+07:00,9.18,105.15,2024,10,17,17-Oct,26.22,25.6,96.39,33.436688
2024-10-17 06:00:00+07:00,9.18,105.15,2024,10,17,17-Oct,26.34,25.55,95.46,33.51683825
2024-10-17 07:00:00+07:00,9.18,105.15,2024,10,17,17-Oct,26.72,25.79,94.63,34.08307873
2024-10-17 08:00:00+07:00,9.18,105.15,2024,10,17,17-Oct,27.55,26.05,91.53,35.11431825
2024-10-17 09:00:00+07:00,9.18,105.15,2024,10,17,17-Oct,29.58,26.09,81.53,37.16404793
2024-10-17 10:00:00+07:00,9.18,105.15,2024,10,17,17-Oct,29.84,25.88,79.32,37.25550832
2024-10-17 11:00:00+07:00,9.18,105.15,2024,10,17,17-Oct,29.44,25.95,81.54,36.91341825
2024-10-17 12:00:00+07:00,9.18,105.15,2024,10,17,17-Oct,29.98,25.24,75.76,36.89410128
2024-10-17 13:00:00+07:00,9.18,105.15,2024,10,17,17-Oct,29.2,25.24,79.25,36.11878128
2024-10-17 14:00:00+07:00,9.18,105.15,2024,10,17,17-Oct,28.92,25.15,80.12,35.77107425
2024-10-17 15:00:00+07:00,9.18,105.15,2024,10,17,17-Oct,27.22,24.96,87.46,33.93560448
2024-10-17 16:00:00+07:00,9.18,105.15,2024,10,17,17-Oct,26.76,24.93,89.69,33.45546497
2024-10-17 17:00:00+07:00,9.18,105.15,2024,10,17,17-Oct,26.32,24.39,89.15,32.61062313
2024-10-17 18:00:00+07:00,9.18,105.15,2024,10,17,17-Oct,25.61,24.23,92.1,31.78586137
2024-10-17 19:00:00+07:00,9.18,105.15,2024,10,17,17-Oct,25.55,24.43,93.55,31.87512097
2024-10-17 20:00:00+07:00,9.18,105.15,2024,10,17,17-Oct,25.47,24.48,94.27,31.83301712
2024-10-17 21:00:00+07:00,9.18,105.15,2024,10,17,17-Oct,25.51,24.78,95.77,32.09888052
2024-10-17 22:00:00+07:00,9.18,105.15,2024,10,17,17-Oct,25.46,24.78,96.06,32.04918052
2024-10-17 23:00:00+07:00,9.18,105.15,2024,10,17,17-Oct,25.56,24.88,96.06,32.22456032
2024-10-18 00:00:00+07:00,9.18,105.15,2024,10,18,18-Oct,25.48,24.74,95.68,32.03875428
2024-10-18 01:00:00+07:00,9.18,105.15,2024,10,18,18-Oct,25.62,24.85,95.52,32.26137425
2024-10-18 02:00:00+07:00,9.18,105.15,2024,10,18,18-Oct,25.59,24.83,95.61,32.21635217
2024-10-18 03:00:00+07:00,9.18,105.15,2024,10,18,18-Oct,25.08,24.37,95.85,31.36314257
2024-10-18 04:00:00+07:00,9.18,105.15,2024,10,18,18-Oct,25.1,24.48,96.39,31.46523712
2024-10-18 05:00:00+07:00,9.18,105.15,2024,10,18,18-Oct,25.11,24.42,95.99,31.43028692
2024-10-18 06:00:00+07:00,9.18,105.15,2024,10,18,18-Oct,25.1,24.45,96.21,31.44277825
2024-10-18 07:00:00+07:00,9.18,105.15,2024,10,18,18-Oct,25.37,24.53,95.11,31.77110977
2024-10-18 08:00:00+07:00,9.18,105.15,2024,10,18,18-Oct,25.58,24.7,94.89,32.107897
2024-10-18 09:00:00+07:00,9.18,105.15,2024,10,18,18-Oct,26.86,24.74,88.22,33.41047428
2024-10-18 10:00:00+07:00,9.18,105.15,2024,10,18,18-Oct,27.58,24.44,83.03,33.90041808
2024-10-18 11:00:00+07:00,9.18,105.15,2024,10,18,18-Oct,27.93,24.71,82.67,34.45135673
2024-10-18 12:00:00+07:00,9.18,105.15,2024,10,18,18-Oct,28.82,24.88,79.29,35.46500032
2024-10-18 13:00:00+07:00,9.18,105.15,2024,10,18,18-Oct,29.42,25.52,79.56,36.55491712
2024-10-18 14:00:00+07:00,9.18,105.15,2024,10,18,18-Oct,28.99,24.43,76.41,35.29448097
2024-10-18 15:00:00+07:00,9.18,105.15,2024,10,18,18-Oct,27.48,23.91,80.94,33.40894793
2024-10-18 16:00:00+07:00,9.18,105.15,2024,10,18,18-Oct,27.25,24.41,84.48,33.54997593
2024-10-18 17:00:00+07:00,9.18,105.15,2024,10,18,18-Oct,26.37,25.15,93,33.23637425
2024-10-18 18:00:00+07:00,9.18,105.15,2024,10,18,18-Oct,26.61,25.23,92.14,33.53659937
2024-10-18 19:00:00+07:00,9.18,105.15,2024,10,18,18-Oct,26.61,25.28,92.43,33.57523952
2024-10-18 20:00:00+07:00,9.18,105.15,2024,10,18,18-Oct,26.53,25.3,92.97,33.511197
2024-10-18 21:00:00+07:00,9.18,105.15,2024,10,18,18-Oct,26.19,25.36,95.17,33.21974288
2024-10-18 22:00:00+07:00,9.18,105.15,2024,10,18,18-Oct,26.11,25.37,95.74,33.14798457
2024-10-18 23:00:00+07:00,9.18,105.15,2024,10,18,18-Oct,26,25.2,95.36,32.907112
2024-10-19 00:00:00+07:00,9.18,105.15,2024,10,19,19-Oct,25.82,24.93,94.82,32.52110497
2024-10-19 01:00:00+07:00,9.18,105.15,2024,10,19,19-Oct,25.62,24.87,95.59,32.27658857
2024-10-19 02:00:00+07:00,9.18,105.15,2024,10,19,19-Oct,25.6,24.8,95.34,32.203512
2024-10-19 03:00:00+07:00,9.18,105.15,2024,10,19,19-Oct,25.44,24.89,96.77,32.11289513
2024-10-19 04:00:00+07:00,9.18,105.15,2024,10,19,19-Oct,25.53,24.92,96.41,32.22521792
2024-10-19 05:00:00+07:00,9.18,105.15,2024,10,19,19-Oct,25.81,25.01,95.37,32.57229153
2024-10-19 06:00:00+07:00,9.18,105.15,2024,10,19,19-Oct,25.9,25.09,95.27,32.72307393
2024-10-19 07:00:00+07:00,9.18,105.15,2024,10,19,19-Oct,26.48,25.23,92.85,33.40737937
2024-10-19 08:00:00+07:00,9.18,105.15,2024,10,19,19-Oct,27.62,25.66,89.09,34.87534468
2024-10-19 09:00:00+07:00,9.18,105.15,2024,10,19,19-Oct,28.94,25.49,81.67,36.05438353
2024-10-19 10:00:00+07:00,9.18,105.15,2024,10,19,19-Oct,29.75,25.78,79.25,37.08700852
2024-10-19 11:00:00+07:00,9.18,105.15,2024,10,19,19-Oct,30.89,25.27,72.07,37.82182537
2024-10-19 12:00:00+07:00,9.18,105.15,2024,10,19,19-Oct,30.99,25,70.48,37.71356
2024-10-19 13:00:00+07:00,9.18,105.15,2024,10,19,19-Oct,29.08,25.05,78.94,35.85330825
2024-10-19 14:00:00+07:00,9.18,105.15,2024,10,19,19-Oct,29.36,25.4,79.27,36.401788
2024-10-19 15:00:00+07:00,9.18,105.15,2024,10,19,19-Oct,29.01,25.24,80.12,35.92992128
2024-10-19 16:00:00+07:00,9.18,105.15,2024,10,19,19-Oct,28.99,25.19,79.99,35.87146233
2024-10-19 17:00:00+07:00,9.18,105.15,2024,10,19,19-Oct,28.28,25.21,83.44,35.18114473
2024-10-19 18:00:00+07:00,9.18,105.15,2024,10,19,19-Oct,27.62,25.56,88.58,34.79697808
2024-10-19 19:00:00+07:00,9.18,105.15,2024,10,19,19-Oct,27.19,25.56,90.86,34.36955808
2024-10-19 20:00:00+07:00,9.18,105.15,2024,10,19,19-Oct,26.92,25.51,92,34.06210953
2024-10-19 21:00:00+07:00,9.18,105.15,2024,10,19,19-Oct,26.21,25.25,94.44,33.15444625
2024-10-19 22:00:00+07:00,9.18,105.15,2024,10,19,19-Oct,26.01,25.32,95.99,33.00980672
2024-10-19 23:00:00+07:00,9.18,105.15,2024,10,19,19-Oct,25.9,25.16,95.7,32.77689168
2024-10-20 00:00:00+07:00,9.18,105.15,2024,10,20,20-Oct,25.87,25.13,95.71,32.72398857
2024-10-20 01:00:00+07:00,9.18,105.15,2024,10,20,20-Oct,25.76,25.1,96.13,32.591593
2024-10-20 02:00:00+07:00,9.18,105.15,2024,10,20,20-Oct,25.47,24.56,94.67,31.89304208
2024-10-20 03:00:00+07:00,9.18,105.15,2024,10,20,20-Oct,25.23,24.46,95.53,31.57948148
2024-10-20 04:00:00+07:00,9.18,105.15,2024,10,20,20-Oct,25.3,24.48,95.19,31.66403712
2024-10-20 05:00:00+07:00,9.18,105.15,2024,10,20,20-Oct,25.71,25.1,96.39,32.541893
2024-10-20 06:00:00+07:00,9.18,105.15,2024,10,20,20-Oct,25.94,25.2,95.68,32.847472
2024-10-20 07:00:00+07:00,9.18,105.15,2024,10,20,20-Oct,26.74,25.68,93.91,34.01633472
2024-10-20 08:00:00+07:00,9.18,105.15,2024,10,20,20-Oct,27.7,25.49,87.8,34.82182353
2024-10-20 09:00:00+07:00,9.18,105.15,2024,10,20,20-Oct,29.31,25.59,80.43,36.50031593
2024-10-20 10:00:00+07:00,9.18,105.15,2024,10,20,20-Oct,29.38,25.64,80.29,36.60908688
2024-10-20 11:00:00+07:00,9.18,105.15,2024,10,20,20-Oct,30.21,25.84,77.52,37.59163568
2024-10-20 12:00:00+07:00,9.18,105.15,2024,10,20,20-Oct,30.33,25.48,75.37,37.42824512
2024-10-20 13:00:00+07:00,9.18,105.15,2024,10,20,20-Oct,28.73,24.81,79.39,35.32232233
2024-10-20 14:00:00+07:00,9.18,105.15,2024,10,20,20-Oct,29.09,25.19,79.52,35.97086233
2024-10-20 15:00:00+07:00,9.18,105.15,2024,10,20,20-Oct,28.29,25.14,83.05,35.13715988
2024-10-20 16:00:00+07:00,9.18,105.15,2024,10,20,20-Oct,28.32,24.9,81.73,34.983233
2024-10-20 17:00:00+07:00,9.18,105.15,2024,10,20,20-Oct,27.03,24.67,86.94,33.52653617
2024-10-20 18:00:00+07:00,9.18,105.15,2024,10,20,20-Oct,26.25,24.68,91.09,32.75876672
2024-10-20 19:00:00+07:00,9.18,105.15,2024,10,20,20-Oct,25.84,24.7,93.45,32.366337
2024-10-20 20:00:00+07:00,9.18,105.15,2024,10,20,20-Oct,25.77,24.79,94.28,32.36490473
2024-10-20 21:00:00+07:00,9.18,105.15,2024,10,20,20-Oct,25.72,24.8,94.68,32.322792
2024-10-20 22:00:00+07:00,9.18,105.15,2024,10,20,20-Oct,25.6,24.86,95.7,32.24909988
2024-10-20 23:00:00+07:00,9.18,105.15,2024,10,20,20-Oct,25.68,24.93,95.62,32.38194497
2024-10-21 00:00:00+07:00,9.18,105.15,2024,10,21,21-Oct,25.81,25.19,96.36,32.71054233
2024-10-21 01:00:00+07:00,9.18,105.15,2024,10,21,21-Oct,25.78,24.87,94.73,32.43562857
2024-10-21 02:00:00+07:00,9.18,105.15,2024,10,21,21-Oct,25.72,24.77,94.53,32.30003937
2024-10-21 03:00:00+07:00,9.18,105.15,2024,10,21,21-Oct,25.71,24.83,94.85,32.33563217
2024-10-21 04:00:00+07:00,9.18,105.15,2024,10,21,21-Oct,25.69,24.8,94.85,32.292972
2024-10-21 05:00:00+07:00,9.18,105.15,2024,10,21,21-Oct,25.78,24.73,93.92,32.32938537
2024-10-21 06:00:00+07:00,9.18,105.15,2024,10,21,21-Oct,25.75,24.6,93.37,32.201448
2024-10-21 07:00:00+07:00,9.18,105.15,2024,10,21,21-Oct,26.08,24.93,93.4,32.77954497
2024-10-21 08:00:00+07:00,9.18,105.15,2024,10,21,21-Oct,26.43,25.22,93.09,33.34996052
2024-10-21 09:00:00+07:00,9.18,105.15,2024,10,21,21-Oct,28.56,25.51,83.63,35.69226953
2024-10-21 10:00:00+07:00,9.18,105.15,2024,10,21,21-Oct,28.82,25.41,81.84,35.87280193
2024-10-21 11:00:00+07:00,9.18,105.15,2024,10,21,21-Oct,28.99,24.97,78.93,35.70262377
2024-10-21 12:00:00+07:00,9.18,105.15,2024,10,21,21-Oct,29.68,24.62,74.28,36.12292932
2024-10-21 13:00:00+07:00,9.18,105.15,2024,10,21,21-Oct,30.12,24.67,72.63,36.59799617
2024-10-21 14:00:00+07:00,9.18,105.15,2024,10,21,21-Oct,30.34,24.88,72.65,36.97588032
2024-10-21 15:00:00+07:00,9.18,105.15,2024,10,21,21-Oct,29.04,25,78.86,35.77526
2024-10-21 16:00:00+07:00,9.18,105.15,2024,10,21,21-Oct,28.69,25.18,81.33,35.56555572
2024-10-21 17:00:00+07:00,9.18,105.15,2024,10,21,21-Oct,27.1,25.15,89.07,33.96199425
2024-10-21 18:00:00+07:00,9.18,105.15,2024,10,21,21-Oct,27.11,25.25,89.58,34.04904625
2024-10-21 19:00:00+07:00,9.18,105.15,2024,10,21,21-Oct,27.05,25.33,90.35,34.05131617
2024-10-21 20:00:00+07:00,9.18,105.15,2024,10,21,21-Oct,26.99,25.69,92.61,34.27269433
2024-10-21 21:00:00+07:00,9.18,105.15,2024,10,21,21-Oct,26.94,25.64,92.61,34.18372688
2024-10-21 22:00:00+07:00,9.18,105.15,2024,10,21,21-Oct,26.89,25.51,92.16,34.03228953
2024-10-21 23:00:00+07:00,9.18,105.15,2024,10,21,21-Oct,26.93,25.47,91.69,34.04084977
2024-10-22 00:00:00+07:00,9.18,105.15,2024,10,22,22-Oct,27.07,25.87,93.19,34.49421057
2024-10-22 01:00:00+07:00,9.18,105.15,2024,10,22,22-Oct,26.93,25.63,92.62,34.16594257
2024-10-22 02:00:00+07:00,9.18,105.15,2024,10,22,22-Oct,26.79,25.54,92.87,33.95632148
2024-10-22 03:00:00+07:00,9.18,105.15,2024,10,22,22-Oct,26.72,25.63,93.79,33.95720257
2024-10-22 04:00:00+07:00,9.18,105.15,2024,10,22,22-Oct,26.56,25.42,93.46,33.63413892
2024-10-22 05:00:00+07:00,9.18,105.15,2024,10,22,22-Oct,26.8,25.15,90.65,33.66379425
2024-10-22 06:00:00+07:00,9.18,105.15,2024,10,22,22-Oct,26.79,25.12,90.59,33.63078032
2024-10-22 07:00:00+07:00,9.18,105.15,2024,10,22,22-Oct,27.23,25.31,89.24,34.21474033
2024-10-22 08:00:00+07:00,9.18,105.15,2024,10,22,22-Oct,28.2,25.68,86.24,35.46757472
2024-10-22 09:00:00+07:00,9.18,105.15,2024,10,22,22-Oct,28.6,25.58,83.72,35.78674692
2024-10-22 10:00:00+07:00,9.18,105.15,2024,10,22,22-Oct,29.07,25.46,80.89,36.16021748
2024-10-22 11:00:00+07:00,9.18,105.15,2024,10,22,22-Oct,29.4,25.84,81.17,36.78649568
2024-10-22 12:00:00+07:00,9.18,105.15,2024,10,22,22-Oct,29.83,25.8,79.02,37.182312
2024-10-22 13:00:00+07:00,9.18,105.15,2024,10,22,22-Oct,28.39,25.06,82.17,35.17511508
2024-10-22 14:00:00+07:00,9.18,105.15,2024,10,22,22-Oct,28.02,25.38,85.61,35.05428932
2024-10-22 15:00:00+07:00,9.18,105.15,2024,10,22,22-Oct,27.78,25.46,87.21,34.87795748
2024-10-22 16:00:00+07:00,9.18,105.15,2024,10,22,22-Oct,28.07,25.44,85.67,35.15064208
2024-10-22 17:00:00+07:00,9.18,105.15,2024,10,22,22-Oct,27.69,25.36,87.16,34.71074288
2024-10-22 18:00:00+07:00,9.18,105.15,2024,10,22,22-Oct,27.45,25.49,89.06,34.57332353
2024-10-22 19:00:00+07:00,9.18,105.15,2024,10,22,22-Oct,27.43,25.6,89.75,34.639428
2024-10-22 20:00:00+07:00,9.18,105.15,2024,10,22,22-Oct,27.26,25.67,91.04,34.52535817
2024-10-22 21:00:00+07:00,9.18,105.15,2024,10,22,22-Oct,26.65,25.37,92.68,33.68474457
2024-10-22 22:00:00+07:00,9.18,105.15,2024,10,22,22-Oct,26.69,25.4,92.69,33.747808
2024-10-22 23:00:00+07:00,9.18,105.15,2024,10,22,22-Oct,26.37,25.1,92.78,33.197933
2024-10-23 00:00:00+07:00,9.18,105.15,2024,10,23,23-Oct,26.05,25.08,94.36,32.86449792
2024-10-23 01:00:00+07:00,9.18,105.15,2024,10,23,23-Oct,26.28,25.19,93.7,33.17772233
2024-10-23 02:00:00+07:00,9.18,105.15,2024,10,23,23-Oct,26.4,25.22,93.2,33.32014052
2024-10-23 03:00:00+07:00,9.18,105.15,2024,10,23,23-Oct,26.14,24.98,93.36,32.87736612
2024-10-23 04:00:00+07:00,9.18,105.15,2024,10,23,23-Oct,26.05,24.97,93.8,32.78026377
2024-10-23 05:00:00+07:00,9.18,105.15,2024,10,23,23-Oct,26.28,24.78,91.44,32.86426052
2024-10-23 06:00:00+07:00,9.18,105.15,2024,10,23,23-Oct,26.36,24.86,91.49,33.00453988
2024-10-23 07:00:00+07:00,9.18,105.15,2024,10,23,23-Oct,26.83,25.2,90.8,33.732132
2024-10-23 08:00:00+07:00,9.18,105.15,2024,10,23,23-Oct,27.91,25.44,86.49,34.99160208
2024-10-23 09:00:00+07:00,9.18,105.15,2024,10,23,23-Oct,29.65,25.37,77.81,36.66674457
2024-10-23 10:00:00+07:00,9.18,105.15,2024,10,23,23-Oct,29.39,25.33,78.8,36.37727617
2024-10-23 11:00:00+07:00,9.18,105.15,2024,10,23,23-Oct,29.4,24.74,76.04,35.93523428
2024-10-23 12:00:00+07:00,9.18,105.15,2024,10,23,23-Oct,28.49,24.71,80,35.00799673
2024-10-23 13:00:00+07:00,9.18,105.15,2024,10,23,23-Oct,28.81,24.6,78.02,35.243088
2024-10-23 14:00:00+07:00,9.18,105.15,2024,10,23,23-Oct,28.13,24.53,80.88,34.51454977
2024-10-23 15:00:00+07:00,9.18,105.15,2024,10,23,23-Oct,27.85,24.38,81.45,34.12398132
2024-10-23 16:00:00+07:00,9.18,105.15,2024,10,23,23-Oct,28.3,24.88,81.69,34.94812032
2024-10-23 17:00:00+07:00,9.18,105.15,2024,10,23,23-Oct,27.23,24.89,87.09,33.89215513
2024-10-23 18:00:00+07:00,9.18,105.15,2024,10,23,23-Oct,26.82,24.98,89.62,33.55328612
2024-10-23 19:00:00+07:00,9.18,105.15,2024,10,23,23-Oct,26.57,24.82,90.13,33.18287572
2024-10-23 20:00:00+07:00,9.18,105.15,2024,10,23,23-Oct,26.25,24.89,92.26,32.91803513
2024-10-23 21:00:00+07:00,9.18,105.15,2024,10,23,23-Oct,25.79,24.9,94.81,32.468413
2024-10-23 22:00:00+07:00,9.18,105.15,2024,10,23,23-Oct,25.7,24.82,94.9,32.31809572
2024-10-23 23:00:00+07:00,9.18,105.15,2024,10,23,23-Oct,25.7,24.87,95.15,32.35610857
2024-10-24 00:00:00+07:00,9.18,105.15,2024,10,24,24-Oct,25.53,24.76,95.5,32.10360128
2024-10-24 01:00:00+07:00,9.18,105.15,2024,10,24,24-Oct,25.61,24.87,95.68,32.26664857
2024-10-24 02:00:00+07:00,9.18,105.15,2024,10,24,24-Oct,25.7,24.82,94.88,32.31809572
2024-10-24 03:00:00+07:00,9.18,105.15,2024,10,24,24-Oct,25.65,24.76,94.88,32.22288128
2024-10-24 04:00:00+07:00,9.18,105.15,2024,10,24,24-Oct,25.55,24.73,95.25,32.10076537
2024-10-24 05:00:00+07:00,9.18,105.15,2024,10,24,24-Oct,26.14,25.07,93.82,32.94628497
2024-10-24 06:00:00+07:00,9.18,105.15,2024,10,24,24-Oct,26.01,25.05,94.47,32.80172825
2024-10-24 07:00:00+07:00,9.18,105.15,2024,10,24,24-Oct,26.25,25.4,95.13,33.310448
2024-10-24 08:00:00+07:00,9.18,105.15,2024,10,24,24-Oct,26.88,25.78,93.7,34.23422852
2024-10-24 09:00:00+07:00,9.18,105.15,2024,10,24,24-Oct,28.75,25.71,83.65,36.03786273
2024-10-24 10:00:00+07:00,9.18,105.15,2024,10,24,24-Oct,29.23,25.61,80.89,36.43646313
2024-10-24 11:00:00+07:00,9.18,105.15,2024,10,24,24-Oct,30.15,25.68,77.03,37.40587472
2024-10-24 12:00:00+07:00,9.18,105.15,2024,10,24,24-Oct,30.71,25.69,74.64,37.97037433
2024-10-24 13:00:00+07:00,9.18,105.15,2024,10,24,24-Oct,30.85,25.28,72.23,37.78979952
2024-10-24 14:00:00+07:00,9.18,105.15,2024,10,24,24-Oct,31.18,25.3,70.99,38.133297
2024-10-24 15:00:00+07:00,9.18,105.15,2024,10,24,24-Oct,30.35,24.48,70.87,36.68373712
2024-10-24 16:00:00+07:00,9.18,105.15,2024,10,24,24-Oct,30.1,24.51,72.04,36.45772353
2024-10-24 17:00:00+07:00,9.18,105.15,2024,10,24,24-Oct,28.47,25.44,83.71,35.54824208
2024-10-24 18:00:00+07:00,9.18,105.15,2024,10,24,24-Oct,28.04,25.73,87.31,35.34786337
2024-10-24 19:00:00+07:00,9.18,105.15,2024,10,24,24-Oct,27.85,25.58,87.49,35.04124692
2024-10-24 20:00:00+07:00,9.18,105.15,2024,10,24,24-Oct,27.57,25.6,89.02,34.778588
2024-10-24 21:00:00+07:00,9.18,105.15,2024,10,24,24-Oct,27.12,25.51,90.92,34.26090953
2024-10-24 22:00:00+07:00,9.18,105.15,2024,10,24,24-Oct,27.25,25.38,89.53,34.28890932
2024-10-24 23:00:00+07:00,9.18,105.15,2024,10,24,24-Oct,27.21,25.23,88.95,34.13299937
2024-10-25 00:00:00+07:00,9.18,105.15,2024,10,25,25-Oct,27.09,25.39,90.41,34.13763713
2024-10-25 01:00:00+07:00,9.18,105.15,2024,10,25,25-Oct,27.14,25.45,90.45,34.23400825
2024-10-25 02:00:00+07:00,9.18,105.15,2024,10,25,25-Oct,27.17,25.4,90.02,34.224928
2024-10-25 03:00:00+07:00,9.18,105.15,2024,10,25,25-Oct,26.8,25.33,91.67,33.80281617
2024-10-25 04:00:00+07:00,9.18,105.15,2024,10,25,25-Oct,26.76,25.41,92.31,33.82516193
2024-10-25 05:00:00+07:00,9.18,105.15,2024,10,25,25-Oct,26.98,25.43,91.26,34.05939897
2024-10-25 06:00:00+07:00,9.18,105.15,2024,10,25,25-Oct,26.9,25.56,92.38,34.08129808
2024-10-25 07:00:00+07:00,9.18,105.15,2024,10,25,25-Oct,27.65,25.94,90.42,35.12621908
2024-10-25 08:00:00+07:00,9.18,105.15,2024,10,25,25-Oct,28.9,25.84,83.58,36.28949568
2024-10-25 09:00:00+07:00,9.18,105.15,2024,10,25,25-Oct,30.83,25.06,71.4,37.60047508
2024-10-25 10:00:00+07:00,9.18,105.15,2024,10,25,25-Oct,31.44,25.34,70.1,38.42272868
2024-10-25 11:00:00+07:00,9.18,105.15,2024,10,25,25-Oct,31.92,25.63,69.41,39.12600257
2024-10-25 12:00:00+07:00,9.18,105.15,2024,10,25,25-Oct,32.11,25.75,69.15,39.40919625
2024-10-25 13:00:00+07:00,9.18,105.15,2024,10,25,25-Oct,31.95,25.84,70.17,39.32119568
2024-10-25 14:00:00+07:00,9.18,105.15,2024,10,25,25-Oct,31.44,25.38,70.27,38.45376932
2024-10-25 15:00:00+07:00,9.18,105.15,2024,10,25,25-Oct,31.04,24.91,69.92,37.69453393
2024-10-25 16:00:00+07:00,9.18,105.15,2024,10,25,25-Oct,31.26,24.8,68.58,37.829552
2024-10-25 17:00:00+07:00,9.18,105.15,2024,10,25,25-Oct,29.49,24.51,74.65,35.85138353
2024-10-25 18:00:00+07:00,9.18,105.15,2024,10,25,25-Oct,28.83,24.69,78.35,35.33084033
2024-10-25 19:00:00+07:00,9.18,105.15,2024,10,25,25-Oct,28.49,25.01,81.44,35.23621153
2024-10-25 20:00:00+07:00,9.18,105.15,2024,10,25,25-Oct,28.49,25.28,82.81,35.44395952
2024-10-25 21:00:00+07:00,9.18,105.15,2024,10,25,25-Oct,28.08,25.52,85.97,35.22295712
2024-10-25 22:00:00+07:00,9.18,105.15,2024,10,25,25-Oct,28.03,25.67,87.01,35.29073817
2024-10-25 23:00:00+07:00,9.18,105.15,2024,10,25,25-Oct,27.92,25.68,87.61,35.18925472
2024-10-26 00:00:00+07:00,9.18,105.15,2024,10,26,26-Oct,28.06,26.1,89.1,35.661153
2024-10-26 01:00:00+07:00,9.18,105.15,2024,10,26,26-Oct,28.2,26.21,88.98,35.88835073
2024-10-26 02:00:00+07:00,9.18,105.15,2024,10,26,26-Oct,28.11,26.24,89.61,35.82296528
2024-10-26 03:00:00+07:00,9.18,105.15,2024,10,26,26-Oct,28.21,26.27,89.21,35.94646737
2024-10-26 04:00:00+07:00,9.18,105.15,2024,10,26,26-Oct,28,26.14,89.64,35.63348388
2024-10-26 05:00:00+07:00,9.18,105.15,2024,10,26,26-Oct,28.27,26.18,88.46,35.93388372
2024-10-26 06:00:00+07:00,9.18,105.15,2024,10,26,26-Oct,28.22,26.28,89.2,35.96444752
2024-10-26 07:00:00+07:00,9.18,105.15,2024,10,26,26-Oct,28.39,26.47,89.4,36.28677177
2024-10-26 08:00:00+07:00,9.18,105.15,2024,10,26,26-Oct,28.81,26.42,86.92,36.66379092
2024-10-26 09:00:00+07:00,9.18,105.15,2024,10,26,26-Oct,30.53,26.86,80.78,38.73215188
2024-10-26 10:00:00+07:00,9.18,105.15,2024,10,26,26-Oct,30.72,26.55,78.48,38.66768825
2024-10-26 11:00:00+07:00,9.18,105.15,2024,10,26,26-Oct,30.93,27,79.66,39.24512
2024-10-26 12:00:00+07:00,9.18,105.15,2024,10,26,26-Oct,31.1,26.94,78.57,39.36458308
2024-10-26 13:00:00+07:00,9.18,105.15,2024,10,26,26-Oct,30.22,26.34,79.81,38.00075268
2024-10-26 14:00:00+07:00,9.18,105.15,2024,10,26,26-Oct,30.93,26.7,78.21,38.998637
2024-10-26 15:00:00+07:00,9.18,105.15,2024,10,26,26-Oct,30.29,26.33,79.38,38.06227417
2024-10-26 16:00:00+07:00,9.18,105.15,2024,10,26,26-Oct,30,25.56,77.13,37.16269808
2024-10-26 17:00:00+07:00,9.18,105.15,2024,10,26,26-Oct,29.52,25.36,78.34,36.52976288
2024-10-26 18:00:00+07:00,9.18,105.15,2024,10,26,26-Oct,28.81,25.51,82.4,35.94076953
2024-10-26 19:00:00+07:00,9.18,105.15,2024,10,26,26-Oct,28.69,25.96,85.21,36.17586048
2024-10-26 20:00:00+07:00,9.18,105.15,2024,10,26,26-Oct,28.78,26.18,85.88,36.44082372
2024-10-26 21:00:00+07:00,9.18,105.15,2024,10,26,26-Oct,28.76,26.37,86.96,36.57370657
2024-10-26 22:00:00+07:00,9.18,105.15,2024,10,26,26-Oct,28.53,26.4,88.23,36.369308
2024-10-26 23:00:00+07:00,9.18,105.15,2024,10,26,26-Oct,28.56,26.37,87.92,36.37490657
2024-10-27 00:00:00+07:00,9.18,105.15,2024,10,27,27-Oct,28.47,26.36,88.36,36.27737888
2024-10-27 01:00:00+07:00,9.18,105.15,2024,10,27,27-Oct,28.45,26.33,88.33,36.23331417
2024-10-27 02:00:00+07:00,9.18,105.15,2024,10,27,27-Oct,28.36,26.16,87.89,36.00732768
2024-10-27 03:00:00+07:00,9.18,105.15,2024,10,27,27-Oct,28.23,26.11,88.3,35.83812113
2024-10-27 04:00:00+07:00,9.18,105.15,2024,10,27,27-Oct,28.17,26.03,88.15,35.71466177
2024-10-27 05:00:00+07:00,9.18,105.15,2024,10,27,27-Oct,28.68,25.72,84.01,35.97615152
2024-10-27 06:00:00+07:00,9.18,105.15,2024,10,27,27-Oct,28.27,25.57,85.32,35.45090097
2024-10-27 07:00:00+07:00,9.18,105.15,2024,10,27,27-Oct,28.61,25.78,84.7,35.95384852
2024-10-27 08:00:00+07:00,9.18,105.15,2024,10,27,27-Oct,28.61,25.88,85.23,36.03288832
2024-10-27 09:00:00+07:00,9.18,105.15,2024,10,27,27-Oct,29.43,25.9,81.33,36.863813
2024-10-27 10:00:00+07:00,9.18,105.15,2024,10,27,27-Oct,29.16,25.76,81.92,36.48477728
2024-10-27 11:00:00+07:00,9.18,105.15,2024,10,27,27-Oct,28.61,25.03,80.95,35.37080377
2024-10-27 12:00:00+07:00,9.18,105.15,2024,10,27,27-Oct,28.92,25.42,81.44,35.97997892
2024-10-27 13:00:00+07:00,9.18,105.15,2024,10,27,27-Oct,29.17,25.68,81.5,36.43175472
2024-10-27 14:00:00+07:00,9.18,105.15,2024,10,27,27-Oct,28.88,25.72,83.12,36.17495152
2024-10-27 15:00:00+07:00,9.18,105.15,2024,10,27,27-Oct,29.32,26.03,82.48,36.85776177
2024-10-27 16:00:00+07:00,9.18,105.15,2024,10,27,27-Oct,29.33,25.88,81.73,36.74856832
2024-10-27 17:00:00+07:00,9.18,105.15,2024,10,27,27-Oct,27.3,25.77,91.37,34.64382137
2024-10-27 18:00:00+07:00,9.18,105.15,2024,10,27,27-Oct,27.09,25.79,92.65,34.45085873
2024-10-27 19:00:00+07:00,9.18,105.15,2024,10,27,27-Oct,27.36,25.79,91.15,34.71923873
2024-10-27 20:00:00+07:00,9.18,105.15,2024,10,27,27-Oct,27.54,25.91,90.84,34.99307993
2024-10-27 21:00:00+07:00,9.18,105.15,2024,10,27,27-Oct,27.5,25.9,91.02,34.945393
2024-10-27 22:00:00+07:00,9.18,105.15,2024,10,27,27-Oct,27.58,26.09,91.63,35.17604793
2024-10-27 23:00:00+07:00,9.18,105.15,2024,10,27,27-Oct,27.57,26.13,91.86,35.19806657
2024-10-28 00:00:00+07:00,9.18,105.15,2024,10,28,28-Oct,27.61,26.09,91.44,35.20586793
2024-10-28 01:00:00+07:00,9.18,105.15,2024,10,28,28-Oct,27.51,25.96,91.3,35.00294048
2024-10-28 02:00:00+07:00,9.18,105.15,2024,10,28,28-Oct,27.51,26.03,91.62,35.05862177
2024-10-28 03:00:00+07:00,9.18,105.15,2024,10,28,28-Oct,27.04,25.76,92.71,34.37749728
2024-10-28 04:00:00+07:00,9.18,105.15,2024,10,28,28-Oct,27.17,25.95,93.09,34.65703825
2024-10-28 05:00:00+07:00,9.18,105.15,2024,10,28,28-Oct,26.68,25.59,93.77,33.88609593
2024-10-28 06:00:00+07:00,9.18,105.15,2024,10,28,28-Oct,26.78,25.77,94.2,34.12694137
2024-10-28 07:00:00+07:00,9.18,105.15,2024,10,28,28-Oct,27.29,25.93,92.32,34.76044297
2024-10-28 08:00:00+07:00,9.18,105.15,2024,10,28,28-Oct,27.87,26.18,90.54,35.53628372
2024-10-28 09:00:00+07:00,9.18,105.15,2024,10,28,28-Oct,28.03,25.79,87.68,35.38521873
2024-10-28 10:00:00+07:00,9.18,105.15,2024,10,28,28-Oct,28.38,25.92,86.52,35.83596992
2024-10-28 11:00:00+07:00,9.18,105.15,2024,10,28,28-Oct,28.92,26.1,84.77,36.515993
2024-10-28 12:00:00+07:00,9.18,105.15,2024,10,28,28-Oct,29.55,25.22,77.55,36.45124052
2024-10-28 13:00:00+07:00,9.18,105.15,2024,10,28,28-Oct,28.28,24.47,79.83,34.61866777
2024-10-28 14:00:00+07:00,9.18,105.15,2024,10,28,28-Oct,28.5,25.24,82.54,35.42298128
2024-10-28 15:00:00+07:00,9.18,105.15,2024,10,28,28-Oct,28.6,25.1,81.35,35.414553
2024-10-28 16:00:00+07:00,9.18,105.15,2024,10,28,28-Oct,27.91,24.63,82.37,34.37108457
2024-10-28 17:00:00+07:00,9.18,105.15,2024,10,28,28-Oct,27.26,24.85,86.7,33.89153425
2024-10-28 18:00:00+07:00,9.18,105.15,2024,10,28,28-Oct,26.73,24.81,89.23,33.33432233
2024-10-28 19:00:00+07:00,9.18,105.15,2024,10,28,28-Oct,26.66,25.01,90.71,33.41719153
2024-10-28 20:00:00+07:00,9.18,105.15,2024,10,28,28-Oct,26.61,25.12,91.55,33.45186032
2024-10-28 21:00:00+07:00,9.18,105.15,2024,10,28,28-Oct,26.6,25.36,92.92,33.62728288
2024-10-28 22:00:00+07:00,9.18,105.15,2024,10,28,28-Oct,26.67,25.38,92.63,33.71238932
2024-10-28 23:00:00+07:00,9.18,105.15,2024,10,28,28-Oct,26.58,25.26,92.47,33.52995428
2024-10-29 00:00:00+07:00,9.18,105.15,2024,10,29,29-Oct,26.46,25.37,93.72,33.49588457
2024-10-29 01:00:00+07:00,9.18,105.15,2024,10,29,29-Oct,26.6,25.27,92.43,33.55756537
2024-10-29 02:00:00+07:00,9.18,105.15,2024,10,29,29-Oct,26.26,24.84,91.87,32.88993168
2024-10-29 03:00:00+07:00,9.18,105.15,2024,10,29,29-Oct,25.56,24.63,94.64,32.03518457
2024-10-29 04:00:00+07:00,9.18,105.15,2024,10,29,29-Oct,25.69,24.85,95.09,32.33095425
2024-10-29 05:00:00+07:00,9.18,105.15,2024,10,29,29-Oct,26.01,25.07,94.56,32.81706497
2024-10-29 06:00:00+07:00,9.18,105.15,2024,10,29,29-Oct,25.98,24.92,93.92,32.67251792
2024-10-29 07:00:00+07:00,9.18,105.15,2024,10,29,29-Oct,26.03,25.04,94.33,32.81394448
2024-10-29 08:00:00+07:00,9.18,105.15,2024,10,29,29-Oct,26.45,25.29,93.36,33.42393673
2024-10-29 09:00:00+07:00,9.18,105.15,2024,10,29,29-Oct,26.49,24.76,90.23,33.05784128
2024-10-29 10:00:00+07:00,9.18,105.15,2024,10,29,29-Oct,26.59,24.85,90.19,33.22555425
2024-10-29 11:00:00+07:00,9.18,105.15,2024,10,29,29-Oct,26.85,25.19,90.63,33.74430233
2024-10-29 12:00:00+07:00,9.18,105.15,2024,10,29,29-Oct,27.88,25.51,86.96,35.01634953
2024-10-29 13:00:00+07:00,9.18,105.15,2024,10,29,29-Oct,28.67,25.58,83.41,35.85632692
2024-10-29 14:00:00+07:00,9.18,105.15,2024,10,29,29-Oct,28.46,24.74,80.28,35.00087428
2024-10-29 15:00:00+07:00,9.18,105.15,2024,10,29,29-Oct,27.65,24.91,85.05,34.32487393
2024-10-29 16:00:00+07:00,9.18,105.15,2024,10,29,29-Oct,27.24,25.22,88.74,34.15510052
2024-10-29 17:00:00+07:00,9.18,105.15,2024,10,29,29-Oct,27.97,25.54,86.67,35.12924148
2024-10-29 18:00:00+07:00,9.18,105.15,2024,10,29,29-Oct,27.47,25.53,89.17,34.62442777
2024-10-29 19:00:00+07:00,9.18,105.15,2024,10,29,29-Oct,27.35,25.48,89.54,34.46612512
2024-10-29 20:00:00+07:00,9.18,105.15,2024,10,29,29-Oct,27.22,25.4,89.8,34.274628
2024-10-29 21:00:00+07:00,9.18,105.15,2024,10,29,29-Oct,27.02,25.55,91.66,34.19275825
2024-10-29 22:00:00+07:00,9.18,105.15,2024,10,29,29-Oct,26.96,25.5,91.74,34.094065
2024-10-29 23:00:00+07:00,9.18,105.15,2024,10,29,29-Oct,26.88,25.41,91.67,33.94444193
2024-10-30 00:00:00+07:00,9.18,105.15,2024,10,30,30-Oct,26.64,25.36,92.67,33.66704288
2024-10-30 01:00:00+07:00,9.18,105.15,2024,10,30,30-Oct,26.38,25.3,93.77,33.362097
2024-10-30 02:00:00+07:00,9.18,105.15,2024,10,30,30-Oct,26.24,25.18,93.91,33.13025572
2024-10-30 03:00:00+07:00,9.18,105.15,2024,10,30,30-Oct,26.26,25.12,93.48,33.10396032
2024-10-30 04:00:00+07:00,9.18,105.15,2024,10,30,30-Oct,26.13,25.25,94.95,33.07492625
2024-10-30 05:00:00+07:00,9.18,105.15,2024,10,30,30-Oct,26.37,25.26,93.63,33.32121428
2024-10-30 06:00:00+07:00,9.18,105.15,2024,10,30,30-Oct,26.56,25.41,93.42,33.62636193
2024-10-30 07:00:00+07:00,9.18,105.15,2024,10,30,30-Oct,27.07,25.71,92.31,34.36794273
2024-10-30 08:00:00+07:00,9.18,105.15,2024,10,30,30-Oct,28.18,25.71,86.47,35.47128273
2024-10-30 09:00:00+07:00,9.18,105.15,2024,10,30,30-Oct,30.39,25.6,75.64,37.581668
2024-10-30 10:00:00+07:00,9.18,105.15,2024,10,30,30-Oct,30.88,25.79,74.33,38.21811873
2024-10-30 11:00:00+07:00,9.18,105.15,2024,10,30,30-Oct,31.43,26.17,73.68,39.06691417
2024-10-30 12:00:00+07:00,9.18,105.15,2024,10,30,30-Oct,29.83,25.38,77.07,36.85342932
2024-10-30 13:00:00+07:00,9.18,105.15,2024,10,30,30-Oct,30.33,25.57,75.74,37.49854097
2024-10-30 14:00:00+07:00,9.18,105.15,2024,10,30,30-Oct,30.54,25.73,75.54,37.83286337
2024-10-30 15:00:00+07:00,9.18,105.15,2024,10,30,30-Oct,30.83,25.4,72.86,37.862968
2024-10-30 16:00:00+07:00,9.18,105.15,2024,10,30,30-Oct,30.42,25.1,73.26,37.223633
2024-10-30 17:00:00+07:00,9.18,105.15,2024,10,30,30-Oct,29.04,24.92,78.46,35.71415792
2024-10-30 18:00:00+07:00,9.18,105.15,2024,10,30,30-Oct,28.76,25.17,80.98,35.62743217
2024-10-30 19:00:00+07:00,9.18,105.15,2024,10,30,30-Oct,28.53,25.43,83.31,35.60009897
2024-10-30 20:00:00+07:00,9.18,105.15,2024,10,30,30-Oct,28.3,25.62,85.41,35.51988132
2024-10-30 21:00:00+07:00,9.18,105.15,2024,10,30,30-Oct,27.99,25.66,87.18,35.24312468
2024-10-30 22:00:00+07:00,9.18,105.15,2024,10,30,30-Oct,28.01,25.69,87.25,35.28657433
2024-10-30 23:00:00+07:00,9.18,105.15,2024,10,30,30-Oct,27.97,25.61,87.01,35.18402313
2024-10-31 00:00:00+07:00,9.18,105.15,2024,10,31,31-Oct,27.34,25.47,89.51,34.44838977
2024-10-31 01:00:00+07:00,9.18,105.15,2024,10,31,31-Oct,27.19,25.6,91.02,34.400868
2024-10-31 02:00:00+07:00,9.18,105.15,2024,10,31,31-Oct,26.95,25.48,91.72,34.06852512
2024-10-31 03:00:00+07:00,9.18,105.15,2024,10,31,31-Oct,26.7,25.49,93.09,33.82782353
2024-10-31 04:00:00+07:00,9.18,105.15,2024,10,31,31-Oct,26.71,25.56,93.41,33.89243808
2024-10-31 05:00:00+07:00,9.18,105.15,2024,10,31,31-Oct,26.9,25.47,91.9,34.01102977
2024-10-31 06:00:00+07:00,9.18,105.15,2024,10,31,31-Oct,26.88,25.42,91.73,33.95221892
2024-10-31 07:00:00+07:00,9.18,105.15,2024,10,31,31-Oct,27.66,25.8,89.61,35.025332
2024-10-31 08:00:00+07:00,9.18,105.15,2024,10,31,31-Oct,28.67,25.5,82.99,35.793805
2024-10-31 09:00:00+07:00,9.18,105.15,2024,10,31,31-Oct,30.43,25.38,74.47,37.44982932
2024-10-31 10:00:00+07:00,9.18,105.15,2024,10,31,31-Oct,30.93,25.37,72.31,37.93906457
2024-10-31 11:00:00+07:00,9.18,105.15,2024,10,31,31-Oct,31.39,25.55,71.2,38.53653825
2024-10-31 12:00:00+07:00,9.18,105.15,2024,10,31,31-Oct,31.5,25.8,71.78,38.842292
2024-10-31 13:00:00+07:00,9.18,105.15,2024,10,31,31-Oct,30.62,25.69,75,37.88091433
2024-10-31 14:00:00+07:00,9.18,105.15,2024,10,31,31-Oct,30.9,26,75.22,38.4044
2024-10-31 15:00:00+07:00,9.18,105.15,2024,10,31,31-Oct,29.35,25.54,79.96,36.50096148
2024-10-31 16:00:00+07:00,9.18,105.15,2024,10,31,31-Oct,29.92,25.36,76.58,36.92736288
2024-10-31 17:00:00+07:00,9.18,105.15,2024,10,31,31-Oct,29.14,24.45,75.86,35.45853825
2024-10-31 18:00:00+07:00,9.18,105.15,2024,10,31,31-Oct,28.28,24.5,80,34.641145
2024-10-31 19:00:00+07:00,9.18,105.15,2024,10,31,31-Oct,27.96,24.69,82.42,34.46606033
2024-10-31 20:00:00+07:00,9.18,105.15,2024,10,31,31-Oct,27.8,24.87,84.11,34.44350857
2024-10-31 21:00:00+07:00,9.18,105.15,2024,10,31,31-Oct,27.51,25.15,86.98,34.36953425
2024-10-31 22:00:00+07:00,9.18,105.15,2024,10,31,31-Oct,27.43,25.4,88.7,34.483368
2024-10-31 23:00:00+07:00,9.18,105.15,2024,10,31,31-Oct,27.24,25.52,90.29,34.38799712
2024-11-01 00:00:00+07:00,9.18,105.15,2024,11,1,1-Nov,26.97,25.71,92.85,34.26854273
2024-11-01 01:00:00+07:00,9.18,105.15,2024,11,1,1-Nov,27.07,25.76,92.52,34.40731728
2024-11-01 02:00:00+07:00,9.18,105.15,2024,11,1,1-Nov,26.91,25.6,92.53,34.122548
2024-11-01 03:00:00+07:00,9.18,105.15,2024,11,1,1-Nov,26.84,25.76,93.82,34.17869728
2024-11-01 04:00:00+07:00,9.18,105.15,2024,11,1,1-Nov,26.78,25.68,93.71,34.05609472
2024-11-01 05:00:00+07:00,9.18,105.15,2024,11,1,1-Nov,27,26.03,94.45,34.55168177
2024-11-01 06:00:00+07:00,9.18,105.15,2024,11,1,1-Nov,27.02,26.02,94.28,34.56359812
2024-11-01 07:00:00+07:00,9.18,105.15,2024,11,1,1-Nov,27.63,26.24,92.15,35.34584528
2024-11-01 08:00:00+07:00,9.18,105.15,2024,11,1,1-Nov,28.48,26.49,89,36.39243753
2024-11-01 09:00:00+07:00,9.18,105.15,2024,11,1,1-Nov,29.58,26.47,83.4,37.46963177
2024-11-01 10:00:00+07:00,9.18,105.15,2024,11,1,1-Nov,29.95,25.28,76.06,36.89519952
2024-11-01 11:00:00+07:00,9.18,105.15,2024,11,1,1-Nov,28.58,25.19,81.89,35.46392233
2024-11-01 12:00:00+07:00,9.18,105.15,2024,11,1,1-Nov,30.03,25.9,78.57,37.460213
2024-11-01 13:00:00+07:00,9.18,105.15,2024,11,1,1-Nov,31.07,26.54,76.86,39.00746548
2024-11-01 14:00:00+07:00,9.18,105.15,2024,11,1,1-Nov,30.87,26.42,77.22,38.71143092
2024-11-01 15:00:00+07:00,9.18,105.15,2024,11,1,1-Nov,30.52,26.23,77.88,38.21047737
2024-11-01 16:00:00+07:00,9.18,105.15,2024,11,1,1-Nov,30.25,25.77,77.03,37.57612137
2024-11-01 17:00:00+07:00,9.18,105.15,2024,11,1,1-Nov,29.36,25.18,78.25,36.23153572
2024-11-01 18:00:00+07:00,9.18,105.15,2024,11,1,1-Nov,28.77,25.01,80.16,35.51453153
2024-11-01 19:00:00+07:00,9.18,105.15,2024,11,1,1-Nov,28.75,25.24,81.32,35.67148128
2024-11-01 20:00:00+07:00,9.18,105.15,2024,11,1,1-Nov,28.34,25.27,83.48,35.28712537
2024-11-01 21:00:00+07:00,9.18,105.15,2024,11,1,1-Nov,27.79,25.51,87.42,34.92688953
2024-11-01 22:00:00+07:00,9.18,105.15,2024,11,1,1-Nov,27.71,25.68,88.75,34.98051472
2024-11-01 23:00:00+07:00,9.18,105.15,2024,11,1,1-Nov,27.07,25.59,91.63,34.27375593
2024-11-02 00:00:00+07:00,9.18,105.15,2024,11,2,2-Nov,26.82,25.87,94.52,34.24571057
2024-11-02 01:00:00+07:00,9.18,105.15,2024,11,2,2-Nov,26.83,25.82,94.19,34.21610772
2024-11-02 02:00:00+07:00,9.18,105.15,2024,11,2,2-Nov,26.82,25.81,94.23,34.19826833
2024-11-02 03:00:00+07:00,9.18,105.15,2024,11,2,2-Nov,26.9,25.89,94.2,34.34106913
2024-11-02 04:00:00+07:00,9.18,105.15,2024,11,2,2-Nov,26.68,25.81,94.98,34.05910833
2024-11-02 05:00:00+07:00,9.18,105.15,2024,11,2,2-Nov,26.72,25.6,93.56,33.933688
2024-11-02 06:00:00+07:00,9.18,105.15,2024,11,2,2-Nov,26.63,25.54,93.73,33.79728148
2024-11-02 07:00:00+07:00,9.18,105.15,2024,11,2,2-Nov,27.3,25.76,91.32,34.63593728
2024-11-02 08:00:00+07:00,9.18,105.15,2024,11,2,2-Nov,27.84,25.93,89.36,35.30714297
2024-11-02 09:00:00+07:00,9.18,105.15,2024,11,2,2-Nov,29.27,25.65,80.86,36.50759425
2024-11-02 10:00:00+07:00,9.18,105.15,2024,11,2,2-Nov,29.84,25.14,75.94,36.67785988
2024-11-02 11:00:00+07:00,9.18,105.15,2024,11,2,2-Nov,30.67,25.2,72.65,37.549092
2024-11-02 12:00:00+07:00,9.18,105.15,2024,11,2,2-Nov,30.19,25.41,75.59,37.23458193
2024-11-02 13:00:00+07:00,9.18,105.15,2024,11,2,2-Nov,30.48,25.33,74.02,37.46073617
2024-11-02 14:00:00+07:00,9.18,105.15,2024,11,2,2-Nov,30.27,25.5,75.67,37.384205
2024-11-02 15:00:00+07:00,9.18,105.15,2024,11,2,2-Nov,29.05,25,78.77,35.7852
2024-11-02 16:00:00+07:00,9.18,105.15,2024,11,2,2-Nov,28.36,24.73,80.7,34.89390537
2024-11-02 17:00:00+07:00,9.18,105.15,2024,11,2,2-Nov,26.77,24.71,88.49,33.29831673
2024-11-02 18:00:00+07:00,9.18,105.15,2024,11,2,2-Nov,26.21,24.82,92.05,32.82503572
2024-11-02 19:00:00+07:00,9.18,105.15,2024,11,2,2-Nov,26.26,24.87,92.08,32.91274857
2024-11-02 20:00:00+07:00,9.18,105.15,2024,11,2,2-Nov,26.02,24.87,93.36,32.67418857
2024-11-02 21:00:00+07:00,9.18,105.15,2024,11,2,2-Nov,25.71,24.54,93.28,32.11657748
2024-11-02 22:00:00+07:00,9.18,105.15,2024,11,2,2-Nov,25.69,24.52,93.29,32.08168512
2024-11-02 23:00:00+07:00,9.18,105.15,2024,11,2,2-Nov,25.58,24.44,93.39,31.91241808
2024-11-03 00:00:00+07:00,9.18,105.15,2024,11,3,3-Nov,25.37,24.56,95.27,31.79364208
2024-11-03 01:00:00+07:00,9.18,105.15,2024,11,3,3-Nov,25.5,24.6,94.8,31.952948
2024-11-03 02:00:00+07:00,9.18,105.15,2024,11,3,3-Nov,25.3,24.43,94.9,31.62662097
2024-11-03 03:00:00+07:00,9.18,105.15,2024,11,3,3-Nov,25.36,24.58,95.45,31.79873892
2024-11-03 04:00:00+07:00,9.18,105.15,2024,11,3,3-Nov,25.45,24.59,95.02,31.89572193
2024-11-03 05:00:00+07:00,9.18,105.15,2024,11,3,3-Nov,25.5,24.56,94.56,31.92286208
2024-11-03 06:00:00+07:00,9.18,105.15,2024,11,3,3-Nov,25.55,24.63,94.68,32.02524457
2024-11-03 07:00:00+07:00,9.18,105.15,2024,11,3,3-Nov,26.08,24.94,93.46,32.78717508
2024-11-03 08:00:00+07:00,9.18,105.15,2024,11,3,3-Nov,26.98,25.41,91.16,34.04384193
2024-11-03 09:00:00+07:00,9.18,105.15,2024,11,3,3-Nov,28.4,25.57,84.69,35.58012097
2024-11-03 10:00:00+07:00,9.18,105.15,2024,11,3,3-Nov,29.01,25.5,81.38,36.131765
2024-11-03 11:00:00+07:00,9.18,105.15,2024,11,3,3-Nov,29.88,25.64,78.06,37.10608688
2024-11-03 12:00:00+07:00,9.18,105.15,2024,11,3,3-Nov,30.78,25.02,71.44,37.52012612
2024-11-03 13:00:00+07:00,9.18,105.15,2024,11,3,3-Nov,29.41,24.62,75.48,35.85454932
2024-11-03 14:00:00+07:00,9.18,105.15,2024,11,3,3-Nov,29.2,24.94,77.86,35.88845508
2024-11-03 15:00:00+07:00,9.18,105.15,2024,11,3,3-Nov,28.15,24.78,82,34.72304052
2024-11-03 16:00:00+07:00,9.18,105.15,2024,11,3,3-Nov,27.31,24.89,86.68,33.97167513
2024-11-03 17:00:00+07:00,9.18,105.15,2024,11,3,3-Nov,27.25,24.66,85.79,33.73766868
2024-11-03 18:00:00+07:00,9.18,105.15,2024,11,3,3-Nov,27.03,24.74,87.32,33.57945428
2024-11-03 19:00:00+07:00,9.18,105.15,2024,11,3,3-Nov,26.86,24.88,88.92,33.51676032
2024-11-03 20:00:00+07:00,9.18,105.15,2024,11,3,3-Nov,26.58,24.82,90.09,33.19281572
2024-11-03 21:00:00+07:00,9.18,105.15,2024,11,3,3-Nov,26.24,24.95,92.65,32.95384825
2024-11-03 22:00:00+07:00,9.18,105.15,2024,11,3,3-Nov,26.04,24.99,93.95,32.78561153
2024-11-03 23:00:00+07:00,9.18,105.15,2024,11,3,3-Nov,25.64,24.64,94.24,32.12224288
2024-11-04 00:00:00+07:00,9.18,105.15,2024,11,4,4-Nov,25.37,24.64,95.74,31.85386288
2024-11-04 01:00:00+07:00,9.18,105.15,2024,11,4,4-Nov,25.02,24.51,97,31.40820353
2024-11-04 02:00:00+07:00,9.18,105.15,2024,11,4,4-Nov,24.82,24.4,97.51,31.127088
2024-11-04 03:00:00+07:00,9.18,105.15,2024,11,4,4-Nov,24.64,24.14,97.04,30.75507588
2024-11-04 04:00:00+07:00,9.18,105.15,2024,11,4,4-Nov,24.7,24.11,96.55,30.79256913
2024-11-04 05:00:00+07:00,9.18,105.15,2024,11,4,4-Nov,25.32,24.37,94.43,31.60170257
2024-11-04 06:00:00+07:00,9.18,105.15,2024,11,4,4-Nov,25.35,24.41,94.54,31.66137593
2024-11-04 07:00:00+07:00,9.18,105.15,2024,11,4,4-Nov,25.88,24.62,92.81,32.34572932
2024-11-04 08:00:00+07:00,9.18,105.15,2024,11,4,4-Nov,27.04,24.78,87.47,33.61970052
2024-11-04 09:00:00+07:00,9.18,105.15,2024,11,4,4-Nov,29.27,25.4,79.68,36.312328
2024-11-04 10:00:00+07:00,9.18,105.15,2024,11,4,4-Nov,29.71,25.57,78.47,36.88226097
2024-11-04 11:00:00+07:00,9.18,105.15,2024,11,4,4-Nov,30.28,25.49,75.57,37.38634353
2024-11-04 12:00:00+07:00,9.18,105.15,2024,11,4,4-Nov,30.58,25.31,73.48,37.54464033
2024-11-04 13:00:00+07:00,9.18,105.15,2024,11,4,4-Nov,28.79,24.72,78.68,35.31375952
2024-11-04 14:00:00+07:00,9.18,105.15,2024,11,4,4-Nov,28.71,24.91,79.95,35.37851393
2024-11-04 15:00:00+07:00,9.18,105.15,2024,11,4,4-Nov,27.15,24.45,85.17,33.48047825
2024-11-04 16:00:00+07:00,9.18,105.15,2024,11,4,4-Nov,27.44,24.8,85.57,34.032472
2024-11-04 17:00:00+07:00,9.18,105.15,2024,11,4,4-Nov,27.06,24.8,87.45,33.654752
2024-11-04 18:00:00+07:00,9.18,105.15,2024,11,4,4-Nov,26.77,24.61,87.95,33.22285713
2024-11-04 19:00:00+07:00,9.18,105.15,2024,11,4,4-Nov,26.57,24.75,89.74,33.12978625
2024-11-04 20:00:00+07:00,9.18,105.15,2024,11,4,4-Nov,25.88,24.23,90.62,32.05424137
2024-11-04 21:00:00+07:00,9.18,105.15,2024,11,4,4-Nov,25.77,24.31,91.64,32.00431433
2024-11-04 22:00:00+07:00,9.18,105.15,2024,11,4,4-Nov,25.71,24.4,92.49,32.011748
2024-11-04 23:00:00+07:00,9.18,105.15,2024,11,4,4-Nov,25.62,24.35,92.73,31.88499425
2024-11-05 00:00:00+07:00,9.18,105.15,2024,11,5,5-Nov,25.08,24.17,94.73,31.21461017
2024-11-05 01:00:00+07:00,9.18,105.15,2024,11,5,5-Nov,24.97,24.23,95.66,31.14970137
2024-11-05 02:00:00+07:00,9.18,105.15,2024,11,5,5-Nov,24.84,24.22,96.38,31.01306852
2024-11-05 03:00:00+07:00,9.18,105.15,2024,11,5,5-Nov,24.7,24.12,96.58,30.79994832
2024-11-05 04:00:00+07:00,9.18,105.15,2024,11,5,5-Nov,24.8,24.14,96.09,30.91411588
2024-11-05 05:00:00+07:00,9.18,105.15,2024,11,5,5-Nov,24.98,24.11,94.93,31.07088913
2024-11-05 06:00:00+07:00,9.18,105.15,2024,11,5,5-Nov,24.85,24,95.02,30.8607
2024-11-06 07:00:00+07:00,9.18,105.15,2024,11,6,6-Nov,26.25,25.09,93.33,33.07097393
2024-11-06 08:00:00+07:00,9.18,105.15,2024,11,6,6-Nov,27.28,25.41,89.53,34.34204193
2024-11-06 09:00:00+07:00,9.18,105.15,2024,11,6,6-Nov,28.36,25.68,85.4,35.62661472
2024-11-06 10:00:00+07:00,9.18,105.15,2024,11,6,6-Nov,30.38,25.33,74.45,37.36133617
2024-11-06 11:00:00+07:00,9.18,105.15,2024,11,6,6-Nov,30.59,25.23,73.14,37.49271937
2024-11-06 12:00:00+07:00,9.18,105.15,2024,11,6,6-Nov,30.47,24.58,70.82,36.87807892
2024-11-06 13:00:00+07:00,9.18,105.15,2024,11,6,6-Nov,30.33,24.54,71.22,36.70885748
2024-11-06 14:00:00+07:00,9.18,105.15,2024,11,6,6-Nov,30.45,24.61,71.01,36.88077713
2024-11-06 15:00:00+07:00,9.18,105.15,2024,11,6,6-Nov,28.62,24.23,77.15,34.77780137
2024-11-06 16:00:00+07:00,9.18,105.15,2024,11,6,6-Nov,29.15,24.19,74.62,35.27498833
2024-11-06 17:00:00+07:00,9.18,105.15,2024,11,6,6-Nov,28.86,25.45,81.85,35.94368825
2024-11-06 18:00:00+07:00,9.18,105.15,2024,11,6,6-Nov,27.93,25.55,86.91,35.09729825
2024-11-06 19:00:00+07:00,9.18,105.15,2024,11,6,6-Nov,26.91,25.02,89.37,33.67334612
2024-11-06 20:00:00+07:00,9.18,105.15,2024,11,6,6-Nov,26.54,24.94,90.94,33.24441508
2024-11-06 21:00:00+07:00,9.18,105.15,2024,11,6,6-Nov,26.11,24.78,92.42,32.69528052
2024-11-06 22:00:00+07:00,9.18,105.15,2024,11,6,6-Nov,26.05,24.77,92.66,32.62805937
2024-11-06 23:00:00+07:00,9.18,105.15,2024,11,6,6-Nov,25.91,24.76,93.38,32.48132128
2024-11-07 00:00:00+07:00,9.18,105.15,2024,11,7,7-Nov,25.82,24.56,92.82,32.24094208
2024-11-07 01:00:00+07:00,9.18,105.15,2024,11,7,7-Nov,25.23,24.3,94.62,31.460117
2024-11-07 02:00:00+07:00,9.18,105.15,2024,11,7,7-Nov,25.04,24.16,94.83,31.16745568
2024-11-07 03:00:00+07:00,9.18,105.15,2024,11,7,7-Nov,24.84,24.12,95.79,30.93910832
2024-11-07 04:00:00+07:00,9.18,105.15,2024,11,7,7-Nov,24.83,24.05,95.45,30.87757825
2024-11-07 05:00:00+07:00,9.18,105.15,2024,11,7,7-Nov,25.54,24.47,93.81,31.89510777
2024-11-07 06:00:00+07:00,9.18,105.15,2024,11,7,7-Nov,25.43,24.48,94.46,31.79325712
2024-11-07 07:00:00+07:00,9.18,105.15,2024,11,7,7-Nov,26.15,24.56,90.97,32.56896208
2024-11-07 08:00:00+07:00,9.18,105.15,2024,11,7,7-Nov,27.2,24.88,87.17,33.85472032
2024-11-07 09:00:00+07:00,9.18,105.15,2024,11,7,7-Nov,29.32,24.66,76.02,35.79524868
2024-11-07 10:00:00+07:00,9.18,105.15,2024,11,7,7-Nov,29.87,24.97,75.02,36.57734377
2024-11-07 11:00:00+07:00,9.18,105.15,2024,11,7,7-Nov,30.49,24.73,71.38,37.01112537
2024-11-07 12:00:00+07:00,9.18,105.15,2024,11,7,7-Nov,30.49,24.45,70.19,36.80043825
2024-11-07 13:00:00+07:00,9.18,105.15,2024,11,7,7-Nov,29.41,24.65,75.57,35.87716425
2024-11-07 14:00:00+07:00,9.18,105.15,2024,11,7,7-Nov,29.91,24.65,73.44,36.37416425
2024-11-07 15:00:00+07:00,9.18,105.15,2024,11,7,7-Nov,30.46,23.93,68.14,36.38570697
2024-11-07 16:00:00+07:00,9.18,105.15,2024,11,7,7-Nov,29.65,24.24,72.74,35.80903728
2024-11-07 17:00:00+07:00,9.18,105.15,2024,11,7,7-Nov,28.76,24.47,77.68,35.09578777
2024-11-07 18:00:00+07:00,9.18,105.15,2024,11,7,7-Nov,28.23,24.41,79.8,34.52409593
2024-11-07 19:00:00+07:00,9.18,105.15,2024,11,7,7-Nov,27.9,24.53,81.95,34.28592977
2024-11-07 20:00:00+07:00,9.18,105.15,2024,11,7,7-Nov,27.83,24.47,81.96,34.17136777
2024-11-07 21:00:00+07:00,9.18,105.15,2024,11,7,7-Nov,27.54,24.45,83.24,33.86813825
2024-11-07 22:00:00+07:00,9.18,105.15,2024,11,7,7-Nov,27.61,24.55,83.44,34.01268825
2024-11-07 23:00:00+07:00,9.18,105.15,2024,11,7,7-Nov,27.23,24.45,84.79,33.55999825
2024-11-08 00:00:00+07:00,9.18,105.15,2024,11,8,8-Nov,26.95,24.46,86.29,33.28916148
2024-11-08 01:00:00+07:00,9.18,105.15,2024,11,8,8-Nov,26.8,24.42,86.86,33.11014692
2024-11-08 02:00:00+07:00,9.18,105.15,2024,11,8,8-Nov,26.48,24,86.25,32.48092
2024-11-08 03:00:00+07:00,9.18,105.15,2024,11,8,8-Nov,25.87,24.03,89.62,31.89662577
2024-11-08 04:00:00+07:00,9.18,105.15,2024,11,8,8-Nov,25.98,24.26,90.24,32.17589828
2024-11-08 05:00:00+07:00,9.18,105.15,2024,11,8,8-Nov,26.45,24.43,88.67,32.76972097
2024-11-08 06:00:00+07:00,9.18,105.15,2024,11,8,8-Nov,26.44,24.45,88.81,32.77473825
2024-11-08 07:00:00+07:00,9.18,105.15,2024,11,8,8-Nov,26.59,24.52,88.44,32.97628512
2024-11-08 08:00:00+07:00,9.18,105.15,2024,11,8,8-Nov,27.26,24.72,86.02,33.79293952
2024-11-08 09:00:00+07:00,9.18,105.15,2024,11,8,8-Nov,28.72,25.13,80.98,35.55688857
2024-11-08 10:00:00+07:00,9.18,105.15,2024,11,8,8-Nov,28.96,24.94,78.94,35.64989508
2024-11-08 11:00:00+07:00,9.18,105.15,2024,11,8,8-Nov,29.3,24.88,77.13,35.94212032
2024-11-08 12:00:00+07:00,9.18,105.15,2024,11,8,8-Nov,29.36,24.36,74.54,35.61000688
2024-11-08 13:00:00+07:00,9.18,105.15,2024,11,8,8-Nov,28.65,24.67,79.11,35.13681617
2024-11-08 14:00:00+07:00,9.18,105.15,2024,11,8,8-Nov,28.72,24.53,78.11,35.10100977
2024-11-08 15:00:00+07:00,9.18,105.15,2024,11,8,8-Nov,28.55,24.28,77.69,34.74533152
2024-11-08 16:00:00+07:00,9.18,105.15,2024,11,8,8-Nov,28.4,23.93,76.77,34.33806697
2024-11-08 17:00:00+07:00,9.18,105.15,2024,11,8,8-Nov,27.86,23.83,78.72,33.72823417
2024-11-08 18:00:00+07:00,9.18,105.15,2024,11,8,8-Nov,27.32,23.24,78.42,32.76657328
2024-11-08 19:00:00+07:00,9.18,105.15,2024,11,8,8-Nov,27.02,23.08,79.04,32.35498192
2024-11-08 20:00:00+07:00,9.18,105.15,2024,11,8,8-Nov,26.92,23.26,80.36,32.38320228
2024-11-08 21:00:00+07:00,9.18,105.15,2024,11,8,8-Nov,26.82,23.37,81.4,32.36228057
2024-11-08 22:00:00+07:00,9.18,105.15,2024,11,8,8-Nov,26.43,23.59,84.4,32.13268793
2024-11-08 23:00:00+07:00,9.18,105.15,2024,11,8,8-Nov,26.21,23.79,86.56,32.05899073
2024-11-09 00:00:00+07:00,9.18,105.15,2024,11,9,9-Nov,25.81,24,89.74,31.81494
2024-11-09 01:00:00+07:00,9.18,105.15,2024,11,9,9-Nov,25.77,23.89,89.4,31.69458113
2024-11-09 02:00:00+07:00,9.18,105.15,2024,11,9,9-Nov,25.58,23.93,90.64,31.53498697
2024-11-09 03:00:00+07:00,9.18,105.15,2024,11,9,9-Nov,25.5,23.99,91.37,31.49945753
2024-11-09 04:00:00+07:00,9.18,105.15,2024,11,9,9-Nov,25.47,24.12,92.25,31.56532832
2024-11-09 05:00:00+07:00,9.18,105.15,2024,11,9,9-Nov,25.54,23.68,89.49,31.31311872
2024-11-09 06:00:00+07:00,9.18,105.15,2024,11,9,9-Nov,25.47,23.69,89.89,31.25078633
2024-11-09 07:00:00+07:00,9.18,105.15,2024,11,9,9-Nov,25.86,24.01,89.54,31.87198553
2024-11-09 08:00:00+07:00,9.18,105.15,2024,11,9,9-Nov,26.62,24.33,87.24,32.86409817
2024-11-09 09:00:00+07:00,9.18,105.15,2024,11,9,9-Nov,28.06,24.71,82.07,34.58057673
2024-11-09 10:00:00+07:00,9.18,105.15,2024,11,9,9-Nov,28.38,24.61,80.03,34.82319713
2024-11-09 11:00:00+07:00,9.18,105.15,2024,11,9,9-Nov,28.81,24.46,77.38,35.13800148
2024-11-09 12:00:00+07:00,9.18,105.15,2024,11,9,9-Nov,28.82,24.29,76.54,35.02114273
2024-11-09 13:00:00+07:00,9.18,105.15,2024,11,9,9-Nov,28.6,24.49,78.48,34.95172953
2024-11-09 14:00:00+07:00,9.18,105.15,2024,11,9,9-Nov,28.24,24.45,79.94,34.56393825
2024-11-09 15:00:00+07:00,9.18,105.15,2024,11,9,9-Nov,28.17,24.08,78.48,34.21962992
2024-11-09 16:00:00+07:00,9.18,105.15,2024,11,9,9-Nov,28,24.28,80.22,34.19863152
2024-11-09 17:00:00+07:00,9.18,105.15,2024,11,9,9-Nov,28.18,23.72,76.78,33.96628752
2024-11-09 18:00:00+07:00,9.18,105.15,2024,11,9,9-Nov,27.8,23.71,78.46,33.58131073
2024-11-09 19:00:00+07:00,9.18,105.15,2024,11,9,9-Nov,27.51,23.9,80.7,33.431453
2024-11-09 20:00:00+07:00,9.18,105.15,2024,11,9,9-Nov,27.37,23.98,81.73,33.35089812
2024-11-09 21:00:00+07:00,9.18,105.15,2024,11,9,9-Nov,27.05,24.13,84.08,33.14323057
2024-11-09 22:00:00+07:00,9.18,105.15,2024,11,9,9-Nov,26.7,23.94,84.83,32.65559108
2024-11-09 23:00:00+07:00,9.18,105.15,2024,11,9,9-Nov,26.36,24.19,87.86,32.50172833
2024-11-10 00:00:00+07:00,9.18,105.15,2024,11,10,10-Nov,25.99,24.12,89.47,32.08220832
2024-11-10 01:00:00+07:00,9.18,105.15,2024,11,10,10-Nov,26.01,24.13,89.39,32.10947057
2024-11-10 02:00:00+07:00,9.18,105.15,2024,11,10,10-Nov,25.9,24.14,90.07,32.00751588
2024-11-10 03:00:00+07:00,9.18,105.15,2024,11,10,10-Nov,25.65,24.21,91.76,31.81079873
2024-11-10 04:00:00+07:00,9.18,105.15,2024,11,10,10-Nov,25.78,24.24,91.2,31.96225728
2024-11-10 05:00:00+07:00,9.18,105.15,2024,11,10,10-Nov,25.81,24.69,93.58,32.32896033
2024-11-10 06:00:00+07:00,9.18,105.15,2024,11,10,10-Nov,25.72,24.65,93.83,32.20930425
2024-11-10 07:00:00+07:00,9.18,105.15,2024,11,10,10-Nov,26.06,25.01,93.92,32.82079153
2024-11-10 08:00:00+07:00,9.18,105.15,2024,11,10,10-Nov,26.97,25.08,89.44,33.77897792
2024-11-10 09:00:00+07:00,9.18,105.15,2024,11,10,10-Nov,29.1,25.58,81.37,36.28374692
2024-11-10 10:00:00+07:00,9.18,105.15,2024,11,10,10-Nov,29.76,25.59,78.39,36.94761593
2024-11-10 11:00:00+07:00,9.18,105.15,2024,11,10,10-Nov,30.41,25.84,76.63,37.79043568
2024-11-10 12:00:00+07:00,9.18,105.15,2024,11,10,10-Nov,30.59,25.54,74.51,37.73352148
2024-11-10 13:00:00+07:00,9.18,105.15,2024,11,10,10-Nov,31.15,25.25,70.91,38.06480625
2024-11-10 14:00:00+07:00,9.18,105.15,2024,11,10,10-Nov,30.49,24.86,71.92,37.10975988
2024-11-10 15:00:00+07:00,9.18,105.15,2024,11,10,10-Nov,30.11,24.66,72.64,36.58050868
2024-11-10 16:00:00+07:00,9.18,105.15,2024,11,10,10-Nov,28.99,24.57,77.08,35.39943897
2024-11-10 17:00:00+07:00,9.18,105.15,2024,11,10,10-Nov,28.82,24.85,79.15,35.44217425
2024-11-10 18:00:00+07:00,9.18,105.15,2024,11,10,10-Nov,28.3,24.84,81.53,34.91769168
2024-11-10 19:00:00+07:00,9.18,105.15,2024,11,10,10-Nov,28.04,24.98,83.5,34.76596612
2024-11-10 20:00:00+07:00,9.18,105.15,2024,11,10,10-Nov,27.89,24.82,83.4,34.49495572
2024-11-10 21:00:00+07:00,9.18,105.15,2024,11,10,10-Nov,27.24,24.66,85.82,33.72772868
2024-11-10 22:00:00+07:00,9.18,105.15,2024,11,10,10-Nov,26.92,24.7,87.67,33.439857
2024-11-10 23:00:00+07:00,9.18,105.15,2024,11,10,10-Nov,26.7,24.7,88.82,33.221177
2024-11-11 00:00:00+07:00,9.18,105.15,2024,11,11,11-Nov,26.58,24.81,90,33.18522233
2024-11-11 01:00:00+07:00,9.18,105.15,2024,11,11,11-Nov,26.52,24.69,89.71,33.03470033
2024-11-11 02:00:00+07:00,9.18,105.15,2024,11,11,11-Nov,26.4,24.72,90.48,32.93809952
2024-11-11 03:00:00+07:00,9.18,105.15,2024,11,11,11-Nov,26.13,24.67,91.67,32.63193617
2024-11-11 04:00:00+07:00,9.18,105.15,2024,11,11,11-Nov,26.06,24.65,91.91,32.54726425
2024-11-11 05:00:00+07:00,9.18,105.15,2024,11,11,11-Nov,25.97,24.71,92.78,32.50311673
2024-11-11 06:00:00+07:00,9.18,105.15,2024,11,11,11-Nov,25.76,24.67,93.75,32.26415617
2024-11-11 07:00:00+07:00,9.18,105.15,2024,11,11,11-Nov,27.03,25.11,89.25,33.86165513
2024-11-11 08:00:00+07:00,9.18,105.15,2024,11,11,11-Nov,28.16,25.45,85.24,35.24788825
2024-11-11 09:00:00+07:00,9.18,105.15,2024,11,11,11-Nov,30.34,25.26,74.29,37.26739428
2024-11-11 10:00:00+07:00,9.18,105.15,2024,11,11,11-Nov,30.73,25.07,71.85,37.50874497
2024-11-11 11:00:00+07:00,9.18,105.15,2024,11,11,11-Nov,30.9,25.2,71.68,37.777712
2024-11-11 12:00:00+07:00,9.18,105.15,2024,11,11,11-Nov,31.78,25,67.39,38.49882
2024-11-11 13:00:00+07:00,9.18,105.15,2024,11,11,11-Nov,30.22,24.49,71.45,36.56200953
2024-11-11 14:00:00+07:00,9.18,105.15,2024,11,11,11-Nov,29.79,24.68,74.1,36.27752672
2024-11-11 15:00:00+07:00,9.18,105.15,2024,11,11,11-Nov,29.84,24.8,74.4,36.418072
2024-11-11 16:00:00+07:00,9.18,105.15,2024,11,11,11-Nov,29.78,24.77,74.53,36.33567937
2024-11-11 17:00:00+07:00,9.18,105.15,2024,11,11,11-Nov,28.88,24.27,76.2,35.06592337
2024-11-11 18:00:00+07:00,9.18,105.15,2024,11,11,11-Nov,28.28,24.89,81.89,34.93585513
2024-11-11 19:00:00+07:00,9.18,105.15,2024,11,11,11-Nov,27.93,25.26,85.45,34.87185428
2024-11-11 20:00:00+07:00,9.18,105.15,2024,11,11,11-Nov,27.6,25.46,88.15,34.69903748
2024-11-11 21:00:00+07:00,9.18,105.15,2024,11,11,11-Nov,27.02,25.36,90.64,34.04476288
2024-11-11 22:00:00+07:00,9.18,105.15,2024,11,11,11-Nov,26.92,25.19,90.25,33.81388233
2024-11-11 23:00:00+07:00,9.18,105.15,2024,11,11,11-Nov,26.73,24.99,90.2,33.47147153
2024-11-12 00:00:00+07:00,9.18,105.15,2024,11,12,12-Nov,26.53,25.03,91.49,33.30328377
2024-11-12 01:00:00+07:00,9.18,105.15,2024,11,12,12-Nov,26.38,24.96,91.9,33.10064448
2024-11-12 02:00:00+07:00,9.18,105.15,2024,11,12,12-Nov,26.29,24.88,91.98,32.95018032
2024-11-12 03:00:00+07:00,9.18,105.15,2024,11,12,12-Nov,26.11,24.84,92.72,32.74083168
2024-11-12 04:00:00+07:00,9.18,105.15,2024,11,12,12-Nov,26,24.82,93.21,32.61629572
2024-11-12 05:00:00+07:00,9.18,105.15,2024,11,12,12-Nov,25.89,25.09,95.38,32.71313393
2024-11-12 06:00:00+07:00,9.18,105.15,2024,11,12,12-Nov,25.76,24.94,95.27,32.46909508
2024-11-12 07:00:00+07:00,9.18,105.15,2024,11,12,12-Nov,26.57,25.35,93.01,33.58970425
2024-11-12 08:00:00+07:00,9.18,105.15,2024,11,12,12-Nov,27.52,25.15,86.9,34.37947425
2024-11-12 09:00:00+07:00,9.18,105.15,2024,11,12,12-Nov,28.98,25.39,80.96,36.01629713
2024-11-12 10:00:00+07:00,9.18,105.15,2024,11,12,12-Nov,30.36,25.08,73.43,37.14863792
2024-11-12 11:00:00+07:00,9.18,105.15,2024,11,12,12-Nov,30.65,24.7,70.58,37.147477
2024-11-12 12:00:00+07:00,9.18,105.15,2024,11,12,12-Nov,31.25,24.65,68.01,37.70612425
2024-11-12 13:00:00+07:00,9.18,105.15,2024,11,12,12-Nov,30.75,24.73,70.32,37.26956537
2024-11-12 14:00:00+07:00,9.18,105.15,2024,11,12,12-Nov,30.66,24.99,71.8,37.37789153
2024-11-12 15:00:00+07:00,9.18,105.15,2024,11,12,12-Nov,30.71,25.02,71.71,37.45054612
2024-11-12 16:00:00+07:00,9.18,105.15,2024,11,12,12-Nov,30.42,24.91,72.47,37.07825393
2024-11-12 17:00:00+07:00,9.18,105.15,2024,11,12,12-Nov,28.88,24.94,79.27,35.57037508
2024-11-12 18:00:00+07:00,9.18,105.15,2024,11,12,12-Nov,28.35,25.25,83.3,35.28160625
2024-11-12 19:00:00+07:00,9.18,105.15,2024,11,12,12-Nov,28.16,25.37,84.82,35.18568457
2024-11-12 20:00:00+07:00,9.18,105.15,2024,11,12,12-Nov,27.99,25.73,87.54,35.29816337
2024-11-12 21:00:00+07:00,9.18,105.15,2024,11,12,12-Nov,27.51,25.67,89.72,34.77385817
2024-11-12 22:00:00+07:00,9.18,105.15,2024,11,12,12-Nov,27.43,25.82,90.97,34.81250772
2024-11-12 23:00:00+07:00,9.18,105.15,2024,11,12,12-Nov,27.02,25.63,92.12,34.25540257
2024-11-13 00:00:00+07:00,9.18,105.15,2024,11,13,13-Nov,26.62,25.44,93.3,33.70934208
2024-11-13 01:00:00+07:00,9.18,105.15,2024,11,13,13-Nov,26.56,25.46,93.68,33.66527748
2024-11-13 02:00:00+07:00,9.18,105.15,2024,11,13,13-Nov,26.38,25.29,93.77,33.35435673
2024-11-13 03:00:00+07:00,9.18,105.15,2024,11,13,13-Nov,26.25,25.25,94.2,33.19420625
2024-11-13 04:00:00+07:00,9.18,105.15,2024,11,13,13-Nov,26.19,25.16,94.06,33.06515168
2024-11-13 05:00:00+07:00,9.18,105.15,2024,11,13,13-Nov,26.11,25.33,95.46,33.11695617
2024-11-13 06:00:00+07:00,9.18,105.15,2024,11,13,13-Nov,26.08,25.3,95.49,33.063897
2024-11-13 07:00:00+07:00,9.18,105.15,2024,11,13,13-Nov,27.37,25.95,92.01,34.85583825
2024-11-13 08:00:00+07:00,9.18,105.15,2024,11,13,13-Nov,28.43,25.9,86.2,35.869813
2024-11-13 09:00:00+07:00,9.18,105.15,2024,11,13,13-Nov,29.86,26.11,80.32,37.45834113
2024-11-13 10:00:00+07:00,9.18,105.15,2024,11,13,13-Nov,29.97,26.28,80.66,37.70394752
2024-11-13 11:00:00+07:00,9.18,105.15,2024,11,13,13-Nov,30.58,26.68,79.71,38.63440272
2024-11-13 12:00:00+07:00,9.18,105.15,2024,11,13,13-Nov,31.76,25.33,68.82,38.73305617
2024-11-13 13:00:00+07:00,9.18,105.15,2024,11,13,13-Nov,31.24,24.89,69.05,37.87809513
2024-11-13 14:00:00+07:00,9.18,105.15,2024,11,13,13-Nov,31.23,25.13,70.06,38.05182857
2024-11-13 15:00:00+07:00,9.18,105.15,2024,11,13,13-Nov,30.16,24.66,72.44,36.63020868
2024-11-13 16:00:00+07:00,9.18,105.15,2024,11,13,13-Nov,30.06,24.47,72.02,36.38798777
2024-11-13 17:00:00+07:00,9.18,105.15,2024,11,13,13-Nov,29.58,24.61,74.69,36.01599713
2024-11-13 18:00:00+07:00,9.18,105.15,2024,11,13,13-Nov,28.85,24.81,78.83,35.44160233
2024-11-13 19:00:00+07:00,9.18,105.15,2024,11,13,13-Nov,28.35,24.98,81.99,35.07410612
2024-11-13 20:00:00+07:00,9.18,105.15,2024,11,13,13-Nov,28.12,25.15,83.96,34.97587425
2024-11-13 21:00:00+07:00,9.18,105.15,2024,11,13,13-Nov,27.57,25.2,86.96,34.467692
2024-11-13 22:00:00+07:00,9.18,105.15,2024,11,13,13-Nov,27.46,25.47,88.92,34.56766977
2024-11-13 23:00:00+07:00,9.18,105.15,2024,11,13,13-Nov,26.89,25.28,90.93,33.85355952
2024-11-14 00:00:00+07:00,9.18,105.15,2024,11,14,14-Nov,26.76,25.26,91.5,33.70887428
2024-11-14 01:00:00+07:00,9.18,105.15,2024,11,14,14-Nov,26.8,25.29,91.47,33.77183673
2024-11-14 02:00:00+07:00,9.18,105.15,2024,11,14,14-Nov,26.62,25.25,92.19,33.56198625
2024-11-14 03:00:00+07:00,9.18,105.15,2024,11,14,14-Nov,26.46,25.31,93.42,33.44936033
2024-11-14 04:00:00+07:00,9.18,105.15,2024,11,14,14-Nov,26.51,25.46,94.01,33.61557748
2024-11-14 05:00:00+07:00,9.18,105.15,2024,11,14,14-Nov,26.82,25.59,93.01,34.02525593
2024-11-14 06:00:00+07:00,9.18,105.15,2024,11,14,14-Nov,26.71,25.69,94.14,33.99437433
2024-11-14 07:00:00+07:00,9.18,105.15,2024,11,14,14-Nov,27.26,25.83,91.92,34.65143017
2024-11-14 08:00:00+07:00,9.18,105.15,2024,11,14,14-Nov,27.94,25.7,87.68,35.224857
2024-11-14 09:00:00+07:00,9.18,105.15,2024,11,14,14-Nov,29.82,25.36,77.03,36.82796288
2024-11-14 10:00:00+07:00,9.18,105.15,2024,11,14,14-Nov,30.47,25.23,73.63,37.37343937
2024-11-14 11:00:00+07:00,9.18,105.15,2024,11,14,14-Nov,30.78,25.43,73.19,37.83659897
2024-11-14 12:00:00+07:00,9.18,105.15,2024,11,14,14-Nov,31.45,25.72,71.68,38.72953152
2024-11-14 13:00:00+07:00,9.18,105.15,2024,11,14,14-Nov,32.07,25.52,68.35,39.18901712
2024-11-14 14:00:00+07:00,9.18,105.15,2024,11,14,14-Nov,31.74,24.99,67.53,38.45141153
2024-11-14 15:00:00+07:00,9.18,105.15,2024,11,14,14-Nov,31.17,25.17,70.5,38.02297217
2024-11-14 16:00:00+07:00,9.18,105.15,2024,11,14,14-Nov,30.93,24.65,69.28,37.38804425
2024-11-14 17:00:00+07:00,9.18,105.15,2024,11,14,14-Nov,30.09,24.7,72.91,36.590837
2024-11-14 18:00:00+07:00,9.18,105.15,2024,11,14,14-Nov,29.14,25.06,78.7,35.92061508
2024-11-14 19:00:00+07:00,9.18,105.15,2024,11,14,14-Nov,29.11,24.65,76.93,35.57896425
2024-11-14 20:00:00+07:00,9.18,105.15,2024,11,14,14-Nov,29.06,24.58,76.81,35.47653892
2024-11-14 21:00:00+07:00,9.18,105.15,2024,11,14,14-Nov,28.32,25.18,83.11,35.19777572
2024-11-14 22:00:00+07:00,9.18,105.15,2024,11,14,14-Nov,27.82,25.36,86.5,34.83996288
2024-11-14 23:00:00+07:00,9.18,105.15,2024,11,14,14-Nov,27.11,25.36,90.2,34.13422288
2024-11-15 00:00:00+07:00,9.18,105.15,2024,11,15,15-Nov,26.83,25.47,92.27,33.94144977
2024-11-15 01:00:00+07:00,9.18,105.15,2024,11,15,15-Nov,26.67,25.4,92.75,33.727928
2024-11-15 02:00:00+07:00,9.18,105.15,2024,11,15,15-Nov,26.37,25.24,93.49,33.30576128
2024-11-15 03:00:00+07:00,9.18,105.15,2024,11,15,15-Nov,26.03,25.15,94.91,32.89841425
2024-11-15 04:00:00+07:00,9.18,105.15,2024,11,15,15-Nov,26.27,25.3,94.37,33.252757
2024-11-15 05:00:00+07:00,9.18,105.15,2024,11,15,15-Nov,26.48,25.49,94.31,33.60914353
2024-11-15 06:00:00+07:00,9.18,105.15,2024,11,15,15-Nov,26.55,25.47,93.8,33.66312977
2024-11-15 07:00:00+07:00,9.18,105.15,2024,11,15,15-Nov,27.19,25.55,90.78,34.36173825
2024-11-15 08:00:00+07:00,9.18,105.15,2024,11,15,15-Nov,28.38,25.46,84.21,35.47435748
2024-11-15 09:00:00+07:00,9.18,105.15,2024,11,15,15-Nov,30.07,25.35,75.86,37.06870425
2024-11-15 10:00:00+07:00,9.18,105.15,2024,11,15,15-Nov,30.66,25.15,72.49,37.50063425
2024-11-15 11:00:00+07:00,9.18,105.15,2024,11,15,15-Nov,31,25.13,70.98,37.82320857
2024-11-15 12:00:00+07:00,9.18,105.15,2024,11,15,15-Nov,31.27,24.94,69.13,37.94603508
2024-11-15 13:00:00+07:00,9.18,105.15,2024,11,15,15-Nov,30.95,24.35,67.94,37.18301425
2024-11-15 14:00:00+07:00,9.18,105.15,2024,11,15,15-Nov,31.36,24.56,67.25,37.74770208
2024-11-15 15:00:00+07:00,9.18,105.15,2024,11,15,15-Nov,30.96,24.4,68.12,37.230248
2024-11-15 16:00:00+07:00,9.18,105.15,2024,11,15,15-Nov,30.78,24.77,70.38,37.32967937
2024-11-15 17:00:00+07:00,9.18,105.15,2024,11,15,15-Nov,29.75,24.55,73.67,36.13984825
2024-11-15 18:00:00+07:00,9.18,105.15,2024,11,15,15-Nov,28.87,25.01,79.69,35.61393153
2024-11-15 19:00:00+07:00,9.18,105.15,2024,11,15,15-Nov,28.41,24.98,81.68,35.13374612
2024-11-15 20:00:00+07:00,9.18,105.15,2024,11,15,15-Nov,27.78,25.3,86.39,34.753697
2024-11-15 21:00:00+07:00,9.18,105.15,2024,11,15,15-Nov,27.3,25.41,89.45,34.36192193
2024-11-15 22:00:00+07:00,9.18,105.15,2024,11,15,15-Nov,27.09,25.31,90,34.07558033
2024-11-15 23:00:00+07:00,9.18,105.15,2024,11,15,15-Nov,26.94,25.34,90.98,33.94972868
2024-11-16 00:00:00+07:00,9.18,105.15,2024,11,16,16-Nov,26.21,25.07,93.44,33.01586497
2024-11-16 01:00:00+07:00,9.18,105.15,2024,11,16,16-Nov,25.95,24.92,94.03,32.64269792
2024-11-16 02:00:00+07:00,9.18,105.15,2024,11,16,16-Nov,26.09,25.06,94.03,32.88891508
2024-11-16 03:00:00+07:00,9.18,105.15,2024,11,16,16-Nov,25.63,24.79,95.12,32.22574473
2024-11-16 04:00:00+07:00,9.18,105.15,2024,11,16,16-Nov,25.64,24.67,94.38,32.14487617
2024-11-16 05:00:00+07:00,9.18,105.15,2024,11,16,16-Nov,25.49,24.67,95.23,31.99577617
2024-11-16 06:00:00+07:00,9.18,105.15,2024,11,16,16-Nov,25.68,24.75,94.62,32.24512625
2024-11-16 07:00:00+07:00,9.18,105.15,2024,11,16,16-Nov,26.64,25.34,92.57,33.65152868
2024-11-16 08:00:00+07:00,9.18,105.15,2024,11,16,16-Nov,27.93,25.48,86.55,35.04264512
2024-11-16 09:00:00+07:00,9.18,105.15,2024,11,16,16-Nov,29.98,24.94,74.4,36.66377508
2024-11-16 10:00:00+07:00,9.18,105.15,2024,11,16,16-Nov,30.67,24.36,69.08,36.91214688
2024-11-16 11:00:00+07:00,9.18,105.15,2024,11,16,16-Nov,31.21,24.25,66.56,37.36709625
2024-11-16 12:00:00+07:00,9.18,105.15,2024,11,16,16-Nov,31.85,24.24,64.14,37.99583728
2024-11-16 13:00:00+07:00,9.18,105.15,2024,11,16,16-Nov,31.69,23.93,63.53,37.60832697
2024-11-16 14:00:00+07:00,9.18,105.15,2024,11,16,16-Nov,31.73,24.2,64.43,37.846912
2024-11-16 15:00:00+07:00,9.18,105.15,2024,11,16,16-Nov,31.62,23.98,63.95,37.57539812
2024-11-16 16:00:00+07:00,9.18,105.15,2024,11,16,16-Nov,31.28,24.44,67.07,37.57821808
2024-11-16 17:00:00+07:00,9.18,105.15,2024,11,16,16-Nov,29.68,24.66,74.45,36.15308868
2024-11-16 18:00:00+07:00,9.18,105.15,2024,11,16,16-Nov,29.26,24.88,77.31,35.90236032
2024-11-16 19:00:00+07:00,9.18,105.15,2024,11,16,16-Nov,28.93,24.91,78.97,35.59719393
2024-11-16 20:00:00+07:00,9.18,105.15,2024,11,16,16-Nov,28.71,24.97,80.22,35.42430377
2024-11-16 21:00:00+07:00,9.18,105.15,2024,11,16,16-Nov,28.15,25.07,83.41,34.94422497
2024-11-16 22:00:00+07:00,9.18,105.15,2024,11,16,16-Nov,27.66,25.18,86.36,34.54173572
2024-11-16 23:00:00+07:00,9.18,105.15,2024,11,16,16-Nov,27.03,24.96,88.47,33.74674448
2024-11-17 00:00:00+07:00,9.18,105.15,2024,11,17,17-Nov,26.41,24.67,90.2,32.91025617
2024-11-17 01:00:00+07:00,9.18,105.15,2024,11,17,17-Nov,26.37,24.62,90.16,32.83278932
2024-11-17 02:00:00+07:00,9.18,105.15,2024,11,17,17-Nov,26.31,24.51,89.84,32.69046353
2024-11-17 03:00:00+07:00,9.18,105.15,2024,11,17,17-Nov,25.98,24.29,90.43,32.19818273
2024-11-17 04:00:00+07:00,9.18,105.15,2024,11,17,17-Nov,25.78,24.18,90.91,31.91780772
2024-11-17 05:00:00+07:00,9.18,105.15,2024,11,17,17-Nov,25.57,24.29,92.64,31.79064273
2024-11-17 06:00:00+07:00,9.18,105.15,2024,11,17,17-Nov,25.65,24.3,92.24,31.877597
2024-11-17 07:00:00+07:00,9.18,105.15,2024,11,17,17-Nov,26.91,24.81,88.32,33.51324233
2024-11-17 08:00:00+07:00,9.18,105.15,2024,11,17,17-Nov,28.23,24.99,82.6,34.96247153
2024-11-17 09:00:00+07:00,9.18,105.15,2024,11,17,17-Nov,30.06,24.74,73.19,36.59127428
2024-11-17 10:00:00+07:00,9.18,105.15,2024,11,17,17-Nov,30.77,24.16,67.9,36.86307568
2024-11-17 11:00:00+07:00,9.18,105.15,2024,11,17,17-Nov,31.09,24.13,66.54,37.15899057
2024-11-17 12:00:00+07:00,9.18,105.15,2024,11,17,17-Nov,31.7,23.9,63.36,37.596313
2024-11-17 13:00:00+07:00,9.18,105.15,2024,11,17,17-Nov,31.46,23.11,61.24,36.78954313
2024-11-17 14:00:00+07:00,9.18,105.15,2024,11,17,17-Nov,31.28,23.16,62.04,36.64601968
2024-11-17 15:00:00+07:00,9.18,105.15,2024,11,17,17-Nov,30.74,23.62,65.82,36.43849732
2024-11-17 16:00:00+07:00,9.18,105.15,2024,11,17,17-Nov,30.09,23.82,69.15,35.93756372
2024-11-17 17:00:00+07:00,9.18,105.15,2024,11,17,17-Nov,29.76,23.56,69.38,35.42106608
2024-11-17 18:00:00+07:00,9.18,105.15,2024,11,17,17-Nov,29.07,23.61,72.45,34.77129113
2024-11-17 19:00:00+07:00,9.18,105.15,2024,11,17,17-Nov,28.74,24.32,77.02,34.96393472
2024-11-17 20:00:00+07:00,9.18,105.15,2024,11,17,17-Nov,28.08,24.41,80.52,34.37499593
2024-11-17 21:00:00+07:00,9.18,105.15,2024,11,17,17-Nov,27.23,24.35,84.28,33.48533425
2024-11-17 22:00:00+07:00,9.18,105.15,2024,11,17,17-Nov,27.09,24.34,84.95,33.33872468
2024-11-17 23:00:00+07:00,9.18,105.15,2024,11,17,17-Nov,26.59,24.18,86.63,32.72294772
2024-11-18 00:00:00+07:00,9.18,105.15,2024,11,18,18-Nov,26.04,24.12,89.15,32.13190832
2024-11-18 01:00:00+07:00,9.18,105.15,2024,11,18,18-Nov,25.96,24.06,89.31,32.00815908
2024-11-18 02:00:00+07:00,9.18,105.15,2024,11,18,18-Nov,25.68,24.02,90.54,31.70041412
2024-11-18 03:00:00+07:00,9.18,105.15,2024,11,18,18-Nov,25.67,24.06,90.84,31.71989908
2024-11-18 04:00:00+07:00,9.18,105.15,2024,11,18,18-Nov,25.75,24.04,90.26,31.78470048
2024-11-18 05:00:00+07:00,9.18,105.15,2024,11,18,18-Nov,26,24.1,89.3,32.077393
2024-11-18 06:00:00+07:00,9.18,105.15,2024,11,18,18-Nov,26.02,24.08,89.05,32.08252992
2024-11-18 07:00:00+07:00,9.18,105.15,2024,11,18,18-Nov,26.86,24.42,86.49,33.16978692
2024-11-18 08:00:00+07:00,9.18,105.15,2024,11,18,18-Nov,28.05,24.71,82.08,34.57063673
2024-11-18 09:00:00+07:00,9.18,105.15,2024,11,18,18-Nov,30.15,24.37,71.23,36.40272257
2024-11-18 10:00:00+07:00,9.18,105.15,2024,11,18,18-Nov,30.35,23.55,67,36.00031825
2024-11-18 11:00:00+07:00,9.18,105.15,2024,11,18,18-Nov,30.76,23.62,65.75,36.45837732
2024-11-18 12:00:00+07:00,9.18,105.15,2024,11,18,18-Nov,31.37,23.33,62.4,36.85640017
2024-11-18 13:00:00+07:00,9.18,105.15,2024,11,18,18-Nov,31.38,23.45,62.84,36.95222825
2024-11-18 14:00:00+07:00,9.18,105.15,2024,11,18,18-Nov,30.99,23.47,64.31,36.57892577
2024-11-18 15:00:00+07:00,9.18,105.15,2024,11,18,18-Nov,31.4,23.26,62.01,36.83632228
2024-11-18 16:00:00+07:00,9.18,105.15,2024,11,18,18-Nov,31.13,23.29,63.12,36.58930873
2024-11-18 17:00:00+07:00,9.18,105.15,2024,11,18,18-Nov,29.84,23.24,67.72,35.27145328
2024-11-18 18:00:00+07:00,9.18,105.15,2024,11,18,18-Nov,28.9,23.49,72.61,34.51583553
2024-11-18 19:00:00+07:00,9.18,105.15,2024,11,18,18-Nov,28.3,23.87,76.94,34.19478657
2024-11-18 20:00:00+07:00,9.18,105.15,2024,11,18,18-Nov,28.08,24.08,78.9,34.13016992
2024-11-18 21:00:00+07:00,9.18,105.15,2024,11,18,18-Nov,27.29,23.94,81.94,33.24205108
2024-11-18 22:00:00+07:00,9.18,105.15,2024,11,18,18-Nov,27.32,24.24,83.3,33.49301728
2024-11-18 23:00:00+07:00,9.18,105.15,2024,11,18,18-Nov,27.11,24.28,84.54,33.31397152
2024-11-19 00:00:00+07:00,9.18,105.15,2024,11,19,19-Nov,26.79,24.57,87.66,33.21263897
2024-11-19 01:00:00+07:00,9.18,105.15,2024,11,19,19-Nov,26.8,24.8,88.82,33.396312
2024-11-19 02:00:00+07:00,9.18,105.15,2024,11,19,19-Nov,26.56,24.81,90.11,33.16534233
2024-11-19 03:00:00+07:00,9.18,105.15,2024,11,19,19-Nov,26.27,24.7,91.11,32.793757
2024-11-19 04:00:00+07:00,9.18,105.15,2024,11,19,19-Nov,26.28,24.67,90.83,32.78103617
2024-11-19 05:00:00+07:00,9.18,105.15,2024,11,19,19-Nov,26.21,24.77,91.81,32.78709937
2024-11-19 06:00:00+07:00,9.18,105.15,2024,11,19,19-Nov,26.22,24.92,92.58,32.91107792
2024-11-19 07:00:00+07:00,9.18,105.15,2024,11,19,19-Nov,26.7,25.11,90.99,33.53363513
2024-11-19 08:00:00+07:00,9.18,105.15,2024,11,19,19-Nov,27.7,25.39,87.27,34.74397713
2024-11-19 09:00:00+07:00,9.18,105.15,2024,11,19,19-Nov,29.92,25.24,76.03,36.83446128
2024-11-19 10:00:00+07:00,9.18,105.15,2024,11,19,19-Nov,30.45,24.61,71.04,36.88077713
2024-11-19 11:00:00+07:00,9.18,105.15,2024,11,19,19-Nov,31.01,24.17,67.01,37.10903017
2024-11-19 12:00:00+07:00,9.18,105.15,2024,11,19,19-Nov,31.84,23.52,61.45,37.45977312
2024-11-19 13:00:00+07:00,9.18,105.15,2024,11,19,19-Nov,31.78,23.51,61.63,37.39293753
2024-11-19 14:00:00+07:00,9.18,105.15,2024,11,19,19-Nov,32.11,23.34,59.84,37.59910068
2024-11-19 15:00:00+07:00,9.18,105.15,2024,11,19,19-Nov,32.05,23.28,59.84,37.49666352
2024-11-19 16:00:00+07:00,9.18,105.15,2024,11,19,19-Nov,31.69,23.22,60.88,37.09613652
2024-11-19 17:00:00+07:00,9.18,105.15,2024,11,19,19-Nov,30.04,23.9,69.72,35.946273
2024-11-19 18:00:00+07:00,9.18,105.15,2024,11,19,19-Nov,29.61,24.11,72.34,35.67310913
2024-11-19 19:00:00+07:00,9.18,105.15,2024,11,19,19-Nov,29.44,24.18,73.39,35.55584772
2024-11-19 20:00:00+07:00,9.18,105.15,2024,11,19,19-Nov,28.99,24.44,76.47,35.30195808
2024-11-19 21:00:00+07:00,9.18,105.15,2024,11,19,19-Nov,28.11,24.86,82.54,34.74403988
2024-11-19 22:00:00+07:00,9.18,105.15,2024,11,19,19-Nov,27.8,25,84.74,34.5427
2024-11-19 23:00:00+07:00,9.18,105.15,2024,11,19,19-Nov,27.62,25.18,86.6,34.50197572
2024-11-20 00:00:00+07:00,9.18,105.15,2024,11,20,20-Nov,27.05,25.2,89.61,33.950812
2024-11-20 01:00:00+07:00,9.18,105.15,2024,11,20,20-Nov,27.07,25.25,89.8,34.00928625
2024-11-20 02:00:00+07:00,9.18,105.15,2024,11,20,20-Nov,27.02,25.24,90.01,33.95186128
2024-11-20 03:00:00+07:00,9.18,105.15,2024,11,20,20-Nov,26.87,25.16,90.36,33.74107168
2024-11-20 04:00:00+07:00,9.18,105.15,2024,11,20,20-Nov,26.65,25.01,90.71,33.40725153
2024-11-20 05:00:00+07:00,9.18,105.15,2024,11,20,20-Nov,26.55,25.02,91.31,33.31550612
2024-11-20 06:00:00+07:00,9.18,105.15,2024,11,20,20-Nov,26.46,25.09,92.23,33.27971393
2024-11-20 07:00:00+07:00,9.18,105.15,2024,11,20,20-Nov,27.14,25.48,90.65,34.25738512
2024-11-20 08:00:00+07:00,9.18,105.15,2024,11,20,20-Nov,28.12,25.61,86.26,35.33312313
2024-11-20 09:00:00+07:00,9.18,105.15,2024,11,20,20-Nov,30.16,25.49,76.11,37.26706353
2024-11-20 10:00:00+07:00,9.18,105.15,2024,11,20,20-Nov,30.42,24.72,71.6,36.93397952
2024-11-20 11:00:00+07:00,9.18,105.15,2024,11,20,20-Nov,30.61,24.74,70.9,37.13797428
2024-11-20 12:00:00+07:00,9.18,105.15,2024,11,20,20-Nov,31.64,25.19,68.67,38.50556233
2024-11-20 13:00:00+07:00,9.18,105.15,2024,11,20,20-Nov,31.63,25.34,69.37,38.61158868
2024-11-20 14:00:00+07:00,9.18,105.15,2024,11,20,20-Nov,31.38,25.09,69.31,38.17019393
2024-11-20 15:00:00+07:00,9.18,105.15,2024,11,20,20-Nov,30.26,24.69,72.15,36.75226033
2024-11-20 16:00:00+07:00,9.18,105.15,2024,11,20,20-Nov,30.29,24.35,70.6,36.52697425
2024-11-20 17:00:00+07:00,9.18,105.15,2024,11,20,20-Nov,29.49,23.96,72.15,35.44350848
2024-11-20 18:00:00+07:00,9.18,105.15,2024,11,20,20-Nov,29.06,23.8,73.32,34.899172
2024-11-20 19:00:00+07:00,9.18,105.15,2024,11,20,20-Nov,28.83,24.14,75.82,34.91993588
2024-11-20 20:00:00+07:00,9.18,105.15,2024,11,20,20-Nov,28.25,24.19,78.68,34.38038833
2024-11-20 21:00:00+07:00,9.18,105.15,2024,11,20,20-Nov,28.1,24.39,80.3,34.37994313
2024-11-20 22:00:00+07:00,9.18,105.15,2024,11,20,20-Nov,28.15,24.47,80.45,34.48944777
2024-11-20 23:00:00+07:00,9.18,105.15,2024,11,20,20-Nov,27.73,24.57,82.92,34.14699897
2024-11-21 00:00:00+07:00,9.18,105.15,2024,11,21,21-Nov,27.45,24.49,83.9,33.80862953
2024-11-21 01:00:00+07:00,9.18,105.15,2024,11,21,21-Nov,27.33,24.46,84.37,33.66688148
2024-11-21 02:00:00+07:00,9.18,105.15,2024,11,21,21-Nov,27.35,24.43,84.08,33.66432097
2024-11-21 03:00:00+07:00,9.18,105.15,2024,11,21,21-Nov,26.84,24.32,86.14,33.07533472
2024-11-21 04:00:00+07:00,9.18,105.15,2024,11,21,21-Nov,26.63,24.38,87.52,32.91130132
2024-11-21 05:00:00+07:00,9.18,105.15,2024,11,21,21-Nov,26.68,23.53,82.87,32.33793177
2024-11-21 06:00:00+07:00,9.18,105.15,2024,11,21,21-Nov,26.72,23.64,83.22,32.45707888
2024-11-21 07:00:00+07:00,9.18,105.15,2024,11,21,21-Nov,27.22,24.05,82.85,33.25323825
2024-11-21 08:00:00+07:00,9.18,105.15,2024,11,21,21-Nov,28.26,24.33,79.27,34.49425817
2024-11-21 09:00:00+07:00,9.18,105.15,2024,11,21,21-Nov,30.26,24.39,70.83,36.52698313
2024-11-21 10:00:00+07:00,9.18,105.15,2024,11,21,21-Nov,31.15,23.92,65.49,37.06424592
2024-11-21 11:00:00+07:00,9.18,105.15,2024,11,21,21-Nov,30.94,24.03,66.71,36.93620577
2024-11-21 12:00:00+07:00,9.18,105.15,2024,11,21,21-Nov,31.66,24.36,65.31,37.89620688
2024-11-21 13:00:00+07:00,9.18,105.15,2024,11,21,21-Nov,31.95,24.06,63.07,37.96221908
2024-11-21 14:00:00+07:00,9.18,105.15,2024,11,21,21-Nov,30.84,24.44,68.76,37.14085808
2024-11-21 15:00:00+07:00,9.18,105.15,2024,11,21,21-Nov,30.51,24.56,70.53,36.90280208
2024-11-21 16:00:00+07:00,9.18,105.15,2024,11,21,21-Nov,30.7,24.38,69.05,36.95688132
2024-11-21 17:00:00+07:00,9.18,105.15,2024,11,21,21-Nov,29.81,24.17,71.79,35.91623017
2024-11-21 18:00:00+07:00,9.18,105.15,2024,11,21,21-Nov,29.32,24.1,73.52,35.377473
2024-11-21 19:00:00+07:00,9.18,105.15,2024,11,21,21-Nov,28.93,24.45,76.77,35.24979825
2024-11-21 20:00:00+07:00,9.18,105.15,2024,11,21,21-Nov,28.38,24.55,79.75,34.77806825
2024-11-21 21:00:00+07:00,9.18,105.15,2024,11,21,21-Nov,27.95,24.21,80.14,34.09699873
2024-11-21 22:00:00+07:00,9.18,105.15,2024,11,21,21-Nov,27.68,24.37,82.19,33.94754257
2024-11-21 23:00:00+07:00,9.18,105.15,2024,11,21,21-Nov,27.34,24.73,85.71,33.88002537
2024-11-22 00:00:00+07:00,9.18,105.15,2024,11,22,22-Nov,26.74,24.79,89.11,33.32908473
2024-11-22 01:00:00+07:00,9.18,105.15,2024,11,22,22-Nov,26.65,24.75,89.33,33.20930625
2024-11-22 02:00:00+07:00,9.18,105.15,2024,11,22,22-Nov,26.54,24.65,89.42,33.02438425
2024-11-22 03:00:00+07:00,9.18,105.15,2024,11,22,22-Nov,26.33,24.71,90.8,32.86095673
2024-11-22 04:00:00+07:00,9.18,105.15,2024,11,22,22-Nov,26.33,24.72,90.89,32.86851952
2024-11-22 05:00:00+07:00,9.18,105.15,2024,11,22,22-Nov,26.29,24.63,90.58,32.76080457
2024-11-22 06:00:00+07:00,9.18,105.15,2024,11,22,22-Nov,26.34,24.69,90.62,32.85578033
2024-11-22 07:00:00+07:00,9.18,105.15,2024,11,22,22-Nov,26.88,24.97,89.29,33.60528377
2024-11-22 08:00:00+07:00,9.18,105.15,2024,11,22,22-Nov,27.92,25.14,84.84,34.76937988
2024-11-22 09:00:00+07:00,9.18,105.15,2024,11,22,22-Nov,29.82,24.42,72.81,36.11202692
2024-11-22 10:00:00+07:00,9.18,105.15,2024,11,22,22-Nov,30.75,23.87,66.78,36.63008657
2024-11-22 11:00:00+07:00,9.18,105.15,2024,11,22,22-Nov,30.71,23.53,65.57,36.34375177
2024-11-22 12:00:00+07:00,9.18,105.15,2024,11,22,22-Nov,31.3,23.51,63.31,36.91581753
2024-11-22 13:00:00+07:00,9.18,105.15,2024,11,22,22-Nov,31.81,23.69,62.2,37.55274633
2024-11-22 14:00:00+07:00,9.18,105.15,2024,11,22,22-Nov,31.66,23.35,61.46,37.15894425
2024-11-22 15:00:00+07:00,9.18,105.15,2024,11,22,22-Nov,31.59,23.37,61.77,37.10366057
2024-11-22 16:00:00+07:00,9.18,105.15,2024,11,22,22-Nov,31.23,23.59,63.88,36.90388793
2024-11-22 17:00:00+07:00,9.18,105.15,2024,11,22,22-Nov,29.65,23.18,68.23,35.03997972
2024-11-22 18:00:00+07:00,9.18,105.15,2024,11,22,22-Nov,28.82,23.47,72.85,34.42194577
2024-11-22 19:00:00+07:00,9.18,105.15,2024,11,22,22-Nov,28.15,23.45,75.69,33.74160825
2024-11-22 20:00:00+07:00,9.18,105.15,2024,11,22,22-Nov,27.85,23.49,77.19,33.47213553
2024-11-22 21:00:00+07:00,9.18,105.15,2024,11,22,22-Nov,27.64,23.82,79.73,33.50226372
2024-11-22 22:00:00+07:00,9.18,105.15,2024,11,22,22-Nov,27.57,23.92,80.55,33.50572592
2024-11-22 23:00:00+07:00,9.18,105.15,2024,11,22,22-Nov,27.33,24.08,82.47,33.38466992
2024-11-23 00:00:00+07:00,9.18,105.15,2024,11,23,23-Nov,26.84,24.21,85.52,32.99365873
2024-11-23 01:00:00+07:00,9.18,105.15,2024,11,23,23-Nov,26.66,24.39,87.36,32.94858313
2024-11-23 02:00:00+07:00,9.18,105.15,2024,11,23,23-Nov,26.19,24.32,89.49,32.42923472
2024-11-23 03:00:00+07:00,9.18,105.15,2024,11,23,23-Nov,25.95,24.39,91.13,32.24284313
2024-11-23 04:00:00+07:00,9.18,105.15,2024,11,23,23-Nov,25.99,24.51,91.55,32.37238353
2024-11-23 05:00:00+07:00,9.18,105.15,2024,11,23,23-Nov,26.02,24.35,90.51,32.28259425
2024-11-23 06:00:00+07:00,9.18,105.15,2024,11,23,23-Nov,26.01,24.49,91.33,32.37726953
2024-11-23 07:00:00+07:00,9.18,105.15,2024,11,23,23-Nov,26.65,24.69,89.04,33.16392033
2024-11-23 08:00:00+07:00,9.18,105.15,2024,11,23,23-Nov,27.68,24.74,84.05,34.22555428
2024-11-23 09:00:00+07:00,9.18,105.15,2024,11,23,23-Nov,29.31,24.49,75.29,35.65746953
2024-11-23 10:00:00+07:00,9.18,105.15,2024,11,23,23-Nov,29.74,24.29,72.59,35.93562273
2024-11-23 11:00:00+07:00,9.18,105.15,2024,11,23,23-Nov,30.04,24.03,70.24,36.04160577
2024-11-23 12:00:00+07:00,9.18,105.15,2024,11,23,23-Nov,30.97,24.29,67.65,37.15824273
2024-11-23 13:00:00+07:00,9.18,105.15,2024,11,23,23-Nov,30.71,24.38,69.04,36.96682132
2024-11-23 14:00:00+07:00,9.18,105.15,2024,11,23,23-Nov,30.94,24.39,68.14,37.20290313
2024-11-23 15:00:00+07:00,9.18,105.15,2024,11,23,23-Nov,29.79,24.81,74.69,36.37596233
2024-11-23 16:00:00+07:00,9.18,105.15,2024,11,23,23-Nov,29.34,24.48,75.11,35.67979712
2024-11-23 17:00:00+07:00,9.18,105.15,2024,11,23,23-Nov,28.74,23.58,73.69,34.42161092
2024-11-23 18:00:00+07:00,9.18,105.15,2024,11,23,23-Nov,28.53,23.99,76.46,34.51127753
2024-11-23 19:00:00+07:00,9.18,105.15,2024,11,23,23-Nov,28.43,24.28,78.24,34.62605152
2024-11-23 20:00:00+07:00,9.18,105.15,2024,11,23,23-Nov,28.34,24.42,79.3,34.64090692
2024-11-23 21:00:00+07:00,9.18,105.15,2024,11,23,23-Nov,28.28,24.84,81.61,34.89781168
2024-11-23 22:00:00+07:00,9.18,105.15,2024,11,23,23-Nov,28.25,24.98,82.47,34.97470612
2024-11-23 23:00:00+07:00,9.18,105.15,2024,11,23,23-Nov,28.15,25.14,83.72,34.99799988
2024-11-24 00:00:00+07:00,9.18,105.15,2024,11,24,24-Nov,27.84,25.04,84.77,34.61308448
2024-11-24 01:00:00+07:00,9.18,105.15,2024,11,24,24-Nov,27.77,25.05,85.18,34.55116825
2024-11-24 02:00:00+07:00,9.18,105.15,2024,11,24,24-Nov,27.62,25.06,85.97,34.40973508
2024-11-24 03:00:00+07:00,9.18,105.15,2024,11,24,24-Nov,27.32,25.02,87.26,34.08088612
2024-11-24 04:00:00+07:00,9.18,105.15,2024,11,24,24-Nov,27.21,24.98,87.65,33.94094612
2024-11-24 05:00:00+07:00,9.18,105.15,2024,11,24,24-Nov,27.2,25.04,87.96,33.97692448
2024-11-24 06:00:00+07:00,9.18,105.15,2024,11,24,24-Nov,27.2,25.05,88.06,33.98458825
2024-11-24 07:00:00+07:00,9.18,105.15,2024,11,24,24-Nov,27.11,25.15,89.05,33.97193425
2024-11-24 08:00:00+07:00,9.18,105.15,2024,11,24,24-Nov,27.72,25.41,87.27,34.77940193
2024-11-24 09:00:00+07:00,9.18,105.15,2024,11,24,24-Nov,29.09,25.13,79.23,35.92466857
2024-11-24 10:00:00+07:00,9.18,105.15,2024,11,24,24-Nov,29.7,25.37,77.56,36.71644457
2024-11-24 11:00:00+07:00,9.18,105.15,2024,11,24,24-Nov,30.34,24.85,72.53,36.95305425
2024-11-24 12:00:00+07:00,9.18,105.15,2024,11,24,24-Nov,30.74,24.86,70.93,37.35825988
2024-11-24 13:00:00+07:00,9.18,105.15,2024,11,24,24-Nov,30.44,25.08,73.06,37.22815792
2024-11-24 14:00:00+07:00,9.18,105.15,2024,11,24,24-Nov,28.48,24.92,81.09,35.15751792
2024-11-24 15:00:00+07:00,9.18,105.15,2024,11,24,24-Nov,28.87,25.34,81.3,35.86814868
2024-11-24 16:00:00+07:00,9.18,105.15,2024,11,24,24-Nov,29.38,25.62,80.19,36.59340132
2024-11-24 17:00:00+07:00,9.18,105.15,2024,11,24,24-Nov,28.73,24.91,79.83,35.39839393
2024-11-24 18:00:00+07:00,9.18,105.15,2024,11,24,24-Nov,28.22,24.85,81.97,34.84577425
2024-11-24 19:00:00+07:00,9.18,105.15,2024,11,24,24-Nov,28.22,24.9,82.2,34.883833
2024-11-24 20:00:00+07:00,9.18,105.15,2024,11,24,24-Nov,28.19,25.1,83.35,35.007013
2024-11-24 21:00:00+07:00,9.18,105.15,2024,11,24,24-Nov,28.2,25.04,82.98,34.97092448
2024-11-24 22:00:00+07:00,9.18,105.15,2024,11,24,24-Nov,27.97,25.11,84.45,34.79601513
2024-11-24 23:00:00+07:00,9.18,105.15,2024,11,24,24-Nov,27.75,25.06,85.33,34.53895508
2024-11-25 00:00:00+07:00,9.18,105.15,2024,11,25,25-Nov,27.51,25.25,87.5,34.44664625
2024-11-25 01:00:00+07:00,9.18,105.15,2024,11,25,25-Nov,27.68,25.22,86.51,34.59246052
2024-11-25 02:00:00+07:00,9.18,105.15,2024,11,25,25-Nov,27.51,25.24,87.45,34.43892128
2024-11-25 03:00:00+07:00,9.18,105.15,2024,11,25,25-Nov,27.18,25.18,88.84,34.06461572
2024-11-25 04:00:00+07:00,9.18,105.15,2024,11,25,25-Nov,27.05,25.28,90.05,34.01259952
2024-11-25 05:00:00+07:00,9.18,105.15,2024,11,25,25-Nov,27.22,25.23,88.85,34.14293937
2024-11-25 06:00:00+07:00,9.18,105.15,2024,11,25,25-Nov,27.12,25.2,89.28,34.020392
2024-11-25 07:00:00+07:00,9.18,105.15,2024,11,25,25-Nov,27.2,25.28,89.23,34.16169952
2024-11-25 08:00:00+07:00,9.18,105.15,2024,11,25,25-Nov,27.6,25.18,86.69,34.48209572
2024-11-25 09:00:00+07:00,9.18,105.15,2024,11,25,25-Nov,29.22,24.86,77.4,35.84737988
2024-11-25 10:00:00+07:00,9.18,105.15,2024,11,25,25-Nov,29.66,24.5,73.87,36.012865
2024-11-25 11:00:00+07:00,9.18,105.15,2024,11,25,25-Nov,30.12,23.77,68.82,35.93097737
2024-11-25 12:00:00+07:00,9.18,105.15,2024,11,25,25-Nov,30.84,23.6,65.37,36.523448
2024-11-25 13:00:00+07:00,9.18,105.15,2024,11,25,25-Nov,31.07,23.67,64.79,36.80269417
2024-11-25 14:00:00+07:00,9.18,105.15,2024,11,25,25-Nov,31.11,23.69,64.7,36.85694633
2024-11-25 15:00:00+07:00,9.18,105.15,2024,11,25,25-Nov,30.78,23.48,65.11,36.37736912
2024-11-25 16:00:00+07:00,9.18,105.15,2024,11,25,25-Nov,30.39,23.34,66.03,35.88942068
2024-11-25 17:00:00+07:00,9.18,105.15,2024,11,25,25-Nov,30,23.22,67.04,35.41627652
2024-11-25 18:00:00+07:00,9.18,105.15,2024,11,25,25-Nov,29.57,23.43,69.62,35.13874297
2024-11-25 19:00:00+07:00,9.18,105.15,2024,11,25,25-Nov,29.2,23.73,72.39,34.98742737
2024-11-25 20:00:00+07:00,9.18,105.15,2024,11,25,25-Nov,28.87,24.09,75.43,34.92279993
2024-11-25 21:00:00+07:00,9.18,105.15,2024,11,25,25-Nov,28.25,24.31,79.24,34.46943433
2024-11-25 22:00:00+07:00,9.18,105.15,2024,11,25,25-Nov,28.13,24.54,80.89,34.52205748
2024-11-25 23:00:00+07:00,9.18,105.15,2024,11,25,25-Nov,27.76,24.61,83,34.20691713
2024-11-26 00:00:00+07:00,9.18,105.15,2024,11,26,26-Nov,27.54,24.73,84.67,34.07882537
2024-11-26 01:00:00+07:00,9.18,105.15,2024,11,26,26-Nov,27.52,24.83,85.32,34.13477217
2024-11-26 02:00:00+07:00,9.18,105.15,2024,11,26,26-Nov,27.72,24.93,84.81,34.40970497
2024-11-26 03:00:00+07:00,9.18,105.15,2024,11,26,26-Nov,27.48,25.04,86.54,34.25524448
2024-11-26 04:00:00+07:00,9.18,105.15,2024,11,26,26-Nov,27.48,25.03,86.47,34.24758377
2024-11-26 05:00:00+07:00,9.18,105.15,2024,11,26,26-Nov,27.19,24.59,85.71,33.62528193
2024-11-26 06:00:00+07:00,9.18,105.15,2024,11,26,26-Nov,27.34,24.51,84.58,33.71428353
2024-11-26 07:00:00+07:00,9.18,105.15,2024,11,26,26-Nov,27.38,24.34,83.51,33.62698468
2024-11-26 08:00:00+07:00,9.18,105.15,2024,11,26,26-Nov,27.91,24.33,80.9,34.14635817
2024-11-26 09:00:00+07:00,9.18,105.15,2024,11,26,26-Nov,29.27,24.11,73.82,35.33514913
2024-11-26 10:00:00+07:00,9.18,105.15,2024,11,26,26-Nov,29.6,23.88,71.39,35.49429232
2024-11-26 11:00:00+07:00,9.18,105.15,2024,11,26,26-Nov,29.97,23.33,67.61,35.46480017
2024-11-26 12:00:00+07:00,9.18,105.15,2024,11,26,26-Nov,30.62,22.95,63.65,35.84182825
2024-11-26 13:00:00+07:00,9.18,105.15,2024,11,26,26-Nov,30.52,22.96,64.03,35.74945248
2024-11-26 14:00:00+07:00,9.18,105.15,2024,11,26,26-Nov,30.4,23.18,65.35,35.78547972
2024-11-26 15:00:00+07:00,9.18,105.15,2024,11,26,26-Nov,30.14,23.67,68.32,35.87827417
2024-11-26 16:00:00+07:00,9.18,105.15,2024,11,26,26-Nov,29.93,23.58,68.77,35.60447092
2024-11-26 17:00:00+07:00,9.18,105.15,2024,11,26,26-Nov,29.14,23.02,69.59,34.41994212
2024-11-26 18:00:00+07:00,9.18,105.15,2024,11,26,26-Nov,28.9,23.1,70.93,34.237833
2024-11-26 19:00:00+07:00,9.18,105.15,2024,11,26,26-Nov,28.63,23.16,72.3,34.01191968
2024-11-26 20:00:00+07:00,9.18,105.15,2024,11,26,26-Nov,28.47,23.35,73.84,33.98808425
2024-11-26 21:00:00+07:00,9.18,105.15,2024,11,26,26-Nov,28,23.38,76.01,33.54235332
2024-11-26 22:00:00+07:00,9.18,105.15,2024,11,26,26-Nov,27.74,23.36,77.07,33.26961088
2024-11-26 23:00:00+07:00,9.18,105.15,2024,11,26,26-Nov,27.65,23.4,77.68,33.208768
2024-11-27 00:00:00+07:00,9.18,105.15,2024,11,27,27-Nov,27.14,23.32,79.61,32.64464272
2024-11-27 01:00:00+07:00,9.18,105.15,2024,11,27,27-Nov,27.16,23.28,79.37,32.63600352
2024-11-27 02:00:00+07:00,9.18,105.15,2024,11,27,27-Nov,27.19,23.39,79.75,32.74436913
2024-11-27 03:00:00+07:00,9.18,105.15,2024,11,27,27-Nov,26.94,23.16,79.79,32.33205968
2024-11-27 04:00:00+07:00,9.18,105.15,2024,11,27,27-Nov,27.05,23.09,78.94,32.39186593
2024-11-27 05:00:00+07:00,9.18,105.15,2024,11,27,27-Nov,26.73,22.71,78.64,31.80750473
2024-11-27 06:00:00+07:00,9.18,105.15,2024,11,27,27-Nov,26.49,22.84,80.39,31.65954368
2024-11-27 07:00:00+07:00,9.18,105.15,2024,11,27,27-Nov,26.62,23.26,81.83,32.08500228
2024-11-27 08:00:00+07:00,9.18,105.15,2024,11,27,27-Nov,26.87,23.5,81.8,32.505205
2024-11-27 09:00:00+07:00,9.18,105.15,2024,11,27,27-Nov,28.35,24.07,77.64,34.39118297
2024-11-27 10:00:00+07:00,9.18,105.15,2024,11,27,27-Nov,28.59,23.97,76.06,34.55624177
2024-11-27 11:00:00+07:00,9.18,105.15,2024,11,27,27-Nov,29.25,23.85,72.71,35.12448425
2024-11-27 12:00:00+07:00,9.18,105.15,2024,11,27,27-Nov,30.42,23.22,65.46,35.83375652
2024-11-27 13:00:00+07:00,9.18,105.15,2024,11,27,27-Nov,30.5,23.29,65.4,35.96308873
2024-11-27 14:00:00+07:00,9.18,105.15,2024,11,27,27-Nov,30.96,23.29,63.74,36.42032873
2024-11-27 15:00:00+07:00,9.18,105.15,2024,11,27,27-Nov,30.85,23.45,64.73,36.42540825
2024-11-27 16:00:00+07:00,9.18,105.15,2024,11,27,27-Nov,30.54,23.73,67.01,36.31938737
2024-11-27 17:00:00+07:00,9.18,105.15,2024,11,27,27-Nov,29.17,23.86,73.1,35.05226388
2024-11-27 18:00:00+07:00,9.18,105.15,2024,11,27,27-Nov,29,23.91,74.04,34.91982793
2024-11-27 19:00:00+07:00,9.18,105.15,2024,11,27,27-Nov,28.67,23.96,75.7,34.62842848
2024-11-27 20:00:00+07:00,9.18,105.15,2024,11,27,27-Nov,28.43,24.15,77.61,34.52972425
2024-11-27 21:00:00+07:00,9.18,105.15,2024,11,27,27-Nov,27.87,24.16,80.28,33.98047568
2024-11-27 22:00:00+07:00,9.18,105.15,2024,11,27,27-Nov,27.89,24.26,80.68,34.07443828
2024-11-27 23:00:00+07:00,9.18,105.15,2024,11,27,27-Nov,27.62,24.11,81.2,33.69504913
2024-11-28 00:00:00+07:00,9.18,105.15,2024,11,28,28-Nov,27.27,23.99,82.27,33.25883753
2024-11-28 01:00:00+07:00,9.18,105.15,2024,11,28,28-Nov,27.21,23.91,82.21,33.14056793
2024-11-28 02:00:00+07:00,9.18,105.15,2024,11,28,28-Nov,27.02,23.87,82.91,32.92246657
2024-11-28 03:00:00+07:00,9.18,105.15,2024,11,28,28-Nov,26.61,23.47,82.94,32.22520577
2024-11-28 04:00:00+07:00,9.18,105.15,2024,11,28,28-Nov,26.54,23.67,84.26,32.29987417
2024-11-28 05:00:00+07:00,9.18,105.15,2024,11,28,28-Nov,26.59,23.3,82.18,32.083677
2024-11-28 06:00:00+07:00,9.18,105.15,2024,11,28,28-Nov,26.44,23.71,84.93,32.22947073
2024-11-28 07:00:00+07:00,9.18,105.15,2024,11,28,28-Nov,26.79,24.13,85.35,32.88479057
2024-11-28 08:00:00+07:00,9.18,105.15,2024,11,28,28-Nov,27.17,24,82.83,33.16678
2024-11-28 09:00:00+07:00,9.18,105.15,2024,11,28,28-Nov,28.64,23.85,75.31,34.51814425
2024-11-28 10:00:00+07:00,9.18,105.15,2024,11,28,28-Nov,28.75,23.86,74.88,34.63478388
2024-11-28 11:00:00+07:00,9.18,105.15,2024,11,28,28-Nov,28.79,23.78,74.38,34.61623252
2024-11-28 12:00:00+07:00,9.18,105.15,2024,11,28,28-Nov,29.6,23.62,70.25,35.30533732
2024-11-28 13:00:00+07:00,9.18,105.15,2024,11,28,28-Nov,29.28,23.91,72.84,35.19814793
2024-11-28 14:00:00+07:00,9.18,105.15,2024,11,28,28-Nov,28.03,24.08,79.14,34.08046992
2024-11-28 15:00:00+07:00,9.18,105.15,2024,11,28,28-Nov,28.48,24.36,78.4,34.73528688
2024-11-28 16:00:00+07:00,9.18,105.15,2024,11,28,28-Nov,27.84,23.86,78.95,33.73024388
2024-11-28 17:00:00+07:00,9.18,105.15,2024,11,28,28-Nov,26.9,23.9,83.62,32.825113
2024-11-28 18:00:00+07:00,9.18,105.15,2024,11,28,28-Nov,26.54,24.24,87.19,32.71769728
2024-11-28 19:00:00+07:00,9.18,105.15,2024,11,28,28-Nov,26.59,24.3,87.29,32.811957
2024-11-28 20:00:00+07:00,9.18,105.15,2024,11,28,28-Nov,26.62,24.32,87.19,32.85665472
2024-11-28 21:00:00+07:00,9.18,105.15,2024,11,28,28-Nov,26.49,23.95,85.92,32.45417825
2024-11-28 22:00:00+07:00,9.18,105.15,2024,11,28,28-Nov,26.59,24.04,85.91,32.61966048
2024-11-28 23:00:00+07:00,9.18,105.15,2024,11,28,28-Nov,26.38,23.98,86.66,32.36683812
2024-11-29 00:00:00+07:00,9.18,105.15,2024,11,29,29-Nov,25.74,24.07,90.47,31.79684297
2024-11-29 01:00:00+07:00,9.18,105.15,2024,11,29,29-Nov,25.58,24.32,92.76,31.82289472
2024-11-29 02:00:00+07:00,9.18,105.15,2024,11,29,29-Nov,25.63,24.34,92.63,31.88748468
2024-11-29 03:00:00+07:00,9.18,105.15,2024,11,29,29-Nov,25.28,23.64,90.65,31.02571888
2024-11-29 04:00:00+07:00,9.18,105.15,2024,11,29,29-Nov,25.14,22.93,87.56,30.38066897
2024-11-29 05:00:00+07:00,9.18,105.15,2024,11,29,29-Nov,23.71,21.83,89.22,28.20593817
2024-11-29 06:00:00+07:00,9.18,105.15,2024,11,29,29-Nov,23.51,21.4,87.92,27.722728
2024-11-29 07:00:00+07:00,9.18,105.15,2024,11,29,29-Nov,23.3,20.9,86.38,27.190393
2024-11-29 08:00:00+07:00,9.18,105.15,2024,11,29,29-Nov,23.06,20.61,86.05,26.76765313
2024-11-29 09:00:00+07:00,9.18,105.15,2024,11,29,29-Nov,23.58,20.82,84.49,27.41764772
2024-11-29 10:00:00+07:00,9.18,105.15,2024,11,29,29-Nov,23.98,21.19,84.41,28.05306633
2024-11-29 11:00:00+07:00,9.18,105.15,2024,11,29,29-Nov,24.17,21.48,84.96,28.43125312
2024-11-29 12:00:00+07:00,9.18,105.15,2024,11,29,29-Nov,24.69,21.98,84.88,29.28060212
2024-11-29 13:00:00+07:00,9.18,105.15,2024,11,29,29-Nov,24.86,22.07,84.47,29.51023897
2024-11-29 14:00:00+07:00,9.18,105.15,2024,11,29,29-Nov,25.18,22.38,84.49,30.03914532
2024-11-29 15:00:00+07:00,9.18,105.15,2024,11,29,29-Nov,25.46,22.72,84.85,30.55207552
2024-11-29 16:00:00+07:00,9.18,105.15,2024,11,29,29-Nov,25.68,22.8,84.1,30.826472
2024-11-29 17:00:00+07:00,9.18,105.15,2024,11,29,29-Nov,25.61,21.69,78.96,30.00131833
2024-11-29 18:00:00+07:00,9.18,105.15,2024,11,29,29-Nov,25.62,21.56,78.25,29.92523408
2024-11-29 19:00:00+07:00,9.18,105.15,2024,11,29,29-Nov,25.41,21.64,79.65,29.76937088
2024-11-29 20:00:00+07:00,9.18,105.15,2024,11,29,29-Nov,25.17,21.56,80.4,29.47793408
2024-11-29 21:00:00+07:00,9.18,105.15,2024,11,29,29-Nov,24.81,21.49,81.8,29.07398753
2024-11-29 22:00:00+07:00,9.18,105.15,2024,11,29,29-Nov,24.83,21.67,82.63,29.21273017
2024-11-29 23:00:00+07:00,9.18,105.15,2024,11,29,29-Nov,24.69,21.65,83.17,29.06031425
2024-11-30 00:00:00+07:00,9.18,105.15,2024,11,30,30-Nov,24.69,21.64,83.13,29.05369088
2024-11-30 01:00:00+07:00,9.18,105.15,2024,11,30,30-Nov,24.74,21.51,82.29,29.01756553
2024-11-30 02:00:00+07:00,9.18,105.15,2024,11,30,30-Nov,24.63,21.73,83.91,29.05377137
2024-11-30 03:00:00+07:00,9.18,105.15,2024,11,30,30-Nov,24.25,21.52,84.7,28.53708912
2024-11-30 04:00:00+07:00,9.18,105.15,2024,11,30,30-Nov,24.14,21.63,85.92,28.50037057
2024-11-30 05:00:00+07:00,9.18,105.15,2024,11,30,30-Nov,23.91,21.01,83.82,27.86726753
2024-11-30 06:00:00+07:00,9.18,105.15,2024,11,30,30-Nov,23.99,20.46,80.64,27.59781748
2024-11-30 07:00:00+07:00,9.18,105.15,2024,11,30,30-Nov,23.96,19.7,77.1,27.101017
2024-11-30 08:00:00+07:00,9.18,105.15,2024,11,30,30-Nov,24.01,19.03,73.72,26.75369577
2024-11-30 09:00:00+07:00,9.18,105.15,2024,11,30,30-Nov,24.7,19.01,70.63,27.42791553
2024-11-30 10:00:00+07:00,9.18,105.15,2024,11,30,30-Nov,25.69,19.23,67.51,28.54069137
2024-11-30 11:00:00+07:00,9.18,105.15,2024,11,30,30-Nov,26.24,19.63,66.97,29.32521457
2024-11-30 12:00:00+07:00,9.18,105.15,2024,11,30,30-Nov,27.39,20.41,65.71,30.94615193
2024-11-30 13:00:00+07:00,9.18,105.15,2024,11,30,30-Nov,27.72,20.59,65.17,31.38708593
2024-11-30 14:00:00+07:00,9.18,105.15,2024,11,30,30-Nov,28.22,20.93,64.63,32.10007297
2024-11-30 15:00:00+07:00,9.18,105.15,2024,11,30,30-Nov,28.26,21.16,65.41,32.28794768
2024-11-30 16:00:00+07:00,9.18,105.15,2024,11,30,30-Nov,28.29,21.28,65.73,32.39568752
2024-11-30 17:00:00+07:00,9.18,105.15,2024,11,30,30-Nov,25.93,21.43,76.28,30.14786697
2024-11-30 18:00:00+07:00,9.18,105.15,2024,11,30,30-Nov,25.68,21.68,78.57,30.06426272
2024-11-30 19:00:00+07:00,9.18,105.15,2024,11,30,30-Nov,25.54,21.74,79.54,29.96496228
2024-11-30 20:00:00+07:00,9.18,105.15,2024,11,30,30-Nov,25.29,21.58,79.9,29.61041492
2024-11-30 21:00:00+07:00,9.18,105.15,2024,11,30,30-Nov,25.22,21.7,80.85,29.620297
2024-11-30 22:00:00+07:00,9.18,105.15,2024,11,30,30-Nov,25.2,21.81,81.51,29.67364433
2024-11-30 23:00:00+07:00,9.18,105.15,2024,11,30,30-Nov,24.89,21.98,83.84,29.47940212
2024-12-01 00:00:00+07:00,9.18,105.15,2024,12,1,1-Dec,24.76,22.05,84.88,29.39733825
2024-12-01 01:00:00+07:00,9.18,105.15,2024,12,1,1-Dec,24.41,22.13,87.13,29.10351457
2024-12-01 02:00:00+07:00,9.18,105.15,2024,12,1,1-Dec,24.39,22.15,87.35,29.09718425
2024-12-01 03:00:00+07:00,9.18,105.15,2024,12,1,1-Dec,24.11,21.87,87.35,28.63028257
2024-12-01 04:00:00+07:00,9.18,105.15,2024,12,1,1-Dec,24.08,21.98,88.06,28.67426212
2024-12-01 05:00:00+07:00,9.18,105.15,2024,12,1,1-Dec,24.48,22.04,86.24,29.11227248
2024-12-01 06:00:00+07:00,9.18,105.15,2024,12,1,1-Dec,24.61,22.08,85.83,29.26849392
2024-12-01 07:00:00+07:00,9.18,105.15,2024,12,1,1-Dec,24.92,22.09,84.3,29.58339193
2024-12-01 08:00:00+07:00,9.18,105.15,2024,12,1,1-Dec,25.86,21.84,78.51,30.34971968
2024-12-01 09:00:00+07:00,9.18,105.15,2024,12,1,1-Dec,27.21,21.92,72.84,31.74518192
2024-12-01 10:00:00+07:00,9.18,105.15,2024,12,1,1-Dec,27.76,22.12,71.38,32.42664432
2024-12-01 11:00:00+07:00,9.18,105.15,2024,12,1,1-Dec,28.41,22.3,69.53,33.195077
2024-12-01 12:00:00+07:00,9.18,105.15,2024,12,1,1-Dec,29.85,22.72,65.59,34.91573552
2024-12-01 13:00:00+07:00,9.18,105.15,2024,12,1,1-Dec,30.23,22.76,64.38,35.32128928
2024-12-01 14:00:00+07:00,9.18,105.15,2024,12,1,1-Dec,30.53,22.79,63.37,35.64039673
2024-12-01 15:00:00+07:00,9.18,105.15,2024,12,1,1-Dec,30.66,22.89,63.27,35.83950713
2024-12-01 16:00:00+07:00,9.18,105.15,2024,12,1,1-Dec,30.31,22.83,64.33,35.44963617
2024-12-01 17:00:00+07:00,9.18,105.15,2024,12,1,1-Dec,28.6,22.72,70.54,33.67323552
2024-12-01 18:00:00+07:00,9.18,105.15,2024,12,1,1-Dec,28.14,23.06,73.97,33.45414308
2024-12-01 19:00:00+07:00,9.18,105.15,2024,12,1,1-Dec,27.95,23.19,75.36,33.35727433
2024-12-01 20:00:00+07:00,9.18,105.15,2024,12,1,1-Dec,27.11,23.38,80.08,32.65769332
2024-12-01 21:00:00+07:00,9.18,105.15,2024,12,1,1-Dec,26.28,23.6,85.22,31.990808
2024-12-01 22:00:00+07:00,9.18,105.15,2024,12,1,1-Dec,26.17,23.65,86.04,31.91761425
2024-12-01 23:00:00+07:00,9.18,105.15,2024,12,1,1-Dec,26.12,23.55,85.74,31.79569825
2024-12-02 00:00:00+07:00,9.18,105.15,2024,12,2,2-Dec,26.17,23.53,85.4,31.83099177
2024-12-02 01:00:00+07:00,9.18,105.15,2024,12,2,2-Dec,25.87,23.7,87.8,31.655637
2024-12-02 02:00:00+07:00,9.18,105.15,2024,12,2,2-Dec,25.49,23.74,90.06,31.30695028
2024-12-02 03:00:00+07:00,9.18,105.15,2024,12,2,2-Dec,25.02,23.55,91.55,30.70229825
2024-12-02 04:00:00+07:00,9.18,105.15,2024,12,2,2-Dec,24.84,23.7,93.41,30.631817
2024-12-02 05:00:00+07:00,9.18,105.15,2024,12,2,2-Dec,24.94,23.89,93.93,30.86956113
2024-12-02 06:00:00+07:00,9.18,105.15,2024,12,2,2-Dec,24.93,23.74,93.11,30.75031028
2024-12-02 07:00:00+07:00,9.18,105.15,2024,12,2,2-Dec,25.7,23.76,89.02,31.53022528
2024-12-02 08:00:00+07:00,9.18,105.15,2024,12,2,2-Dec,26.72,23.69,83.47,32.49328633
2024-12-02 09:00:00+07:00,9.18,105.15,2024,12,2,2-Dec,28.55,23.47,73.98,34.15356577
2024-12-02 10:00:00+07:00,9.18,105.15,2024,12,2,2-Dec,29.08,23.23,70.76,34.50890337
2024-12-02 11:00:00+07:00,9.18,105.15,2024,12,2,2-Dec,29.31,23.23,69.82,34.73752337
2024-12-02 12:00:00+07:00,9.18,105.15,2024,12,2,2-Dec,29.86,23.38,68.24,35.39119332
2024-12-02 13:00:00+07:00,9.18,105.15,2024,12,2,2-Dec,30.42,23.34,65.9,35.91924068
2024-12-02 14:00:00+07:00,9.18,105.15,2024,12,2,2-Dec,30.11,23.49,67.71,35.71857553
2024-12-02 15:00:00+07:00,9.18,105.15,2024,12,2,2-Dec,30.07,23.78,69.08,35.88855252
2024-12-02 16:00:00+07:00,9.18,105.15,2024,12,2,2-Dec,30,23.95,70.08,35.94311825
2024-12-02 17:00:00+07:00,9.18,105.15,2024,12,2,2-Dec,28.36,24.42,79.22,34.66078692
2024-12-02 18:00:00+07:00,9.18,105.15,2024,12,2,2-Dec,28.21,24.66,81.09,34.69190868
2024-12-02 19:00:00+07:00,9.18,105.15,2024,12,2,2-Dec,27.93,24.92,83.71,34.61081792
2024-12-02 20:00:00+07:00,9.18,105.15,2024,12,2,2-Dec,27.37,24.73,85.54,33.90984537
2024-12-02 21:00:00+07:00,9.18,105.15,2024,12,2,2-Dec,27.02,24.68,87.03,33.52414672
2024-12-02 22:00:00+07:00,9.18,105.15,2024,12,2,2-Dec,26.44,24.74,90.39,32.99299428
2024-12-02 23:00:00+07:00,9.18,105.15,2024,12,2,2-Dec,25.86,24.46,92.03,32.20570148
2024-12-03 00:00:00+07:00,9.18,105.15,2024,12,3,3-Dec,25.58,24.55,94.04,31.99486825
2024-12-03 01:00:00+07:00,9.18,105.15,2024,12,3,3-Dec,25.45,24.58,94.94,31.88819892
2024-12-03 02:00:00+07:00,9.18,105.15,2024,12,3,3-Dec,25.49,24.79,95.92,32.08658473
2024-12-03 03:00:00+07:00,9.18,105.15,2024,12,3,3-Dec,25.36,24.66,95.94,31.85900868
2024-12-03 04:00:00+07:00,9.18,105.15,2024,12,3,3-Dec,25.37,24.72,96.19,31.91427952
2024-12-03 05:00:00+07:00,9.18,105.15,2024,12,3,3-Dec,25.6,24.72,94.9,32.14289952
2024-12-03 06:00:00+07:00,9.18,105.15,2024,12,3,3-Dec,25.36,24.75,96.46,31.92704625
2024-12-03 07:00:00+07:00,9.18,105.15,2024,12,3,3-Dec,25.62,24.86,95.58,32.26897988
2024-12-03 08:00:00+07:00,9.18,105.15,2024,12,3,3-Dec,26.22,25.17,93.97,33.10267217
2024-12-03 09:00:00+07:00,9.18,105.15,2024,12,3,3-Dec,26.7,25.28,91.96,33.66469952
2024-12-03 10:00:00+07:00,9.18,105.15,2024,12,3,3-Dec,26.24,25.1,93.48,33.068713
2024-12-03 11:00:00+07:00,9.18,105.15,2024,12,3,3-Dec,26.27,25.05,93.01,33.06016825
2024-12-03 12:00:00+07:00,9.18,105.15,2024,12,3,3-Dec,26.53,25.09,91.82,33.34929393
2024-12-03 13:00:00+07:00,9.18,105.15,2024,12,3,3-Dec,26.13,24.55,91,32.54156825
2024-12-03 14:00:00+07:00,9.18,105.15,2024,12,3,3-Dec,26.37,24.75,90.79,32.93098625
2024-12-03 15:00:00+07:00,9.18,105.15,2024,12,3,3-Dec,25.99,24.42,91.04,32.30500692
2024-12-03 16:00:00+07:00,9.18,105.15,2024,12,3,3-Dec,25.99,24.53,91.67,32.38738977
2024-12-03 17:00:00+07:00,9.18,105.15,2024,12,3,3-Dec,26.49,24.49,88.74,32.85438953
2024-12-03 18:00:00+07:00,9.18,105.15,2024,12,3,3-Dec,25.96,24.37,90.95,32.23786257
2024-12-03 19:00:00+07:00,9.18,105.15,2024,12,3,3-Dec,25.65,24.36,92.58,31.92226688
2024-12-03 20:00:00+07:00,9.18,105.15,2024,12,3,3-Dec,25.44,24.27,93.28,31.64656337
2024-12-03 21:00:00+07:00,9.18,105.15,2024,12,3,3-Dec,25.08,24.24,95.06,31.26645728
2024-12-03 22:00:00+07:00,9.18,105.15,2024,12,3,3-Dec,25.15,24.18,94.36,31.29158772
2024-12-03 23:00:00+07:00,9.18,105.15,2024,12,3,3-Dec,24.91,24.14,95.54,31.02345588
2024-12-04 00:00:00+07:00,9.18,105.15,2024,12,4,4-Dec,24.77,24.24,96.92,30.95831728
2024-12-04 01:00:00+07:00,9.18,105.15,2024,12,4,4-Dec,24.7,24.23,97.2,30.88132137
2024-12-04 02:00:00+07:00,9.18,105.15,2024,12,4,4-Dec,24.94,24.31,96.26,31.17929433
2024-12-04 03:00:00+07:00,9.18,105.15,2024,12,4,4-Dec,24.95,24.22,95.72,31.12240852
2024-12-04 04:00:00+07:00,9.18,105.15,2024,12,4,4-Dec,24.87,24.12,95.6,30.96892832
2024-12-04 05:00:00+07:00,9.18,105.15,2024,12,4,4-Dec,24.86,24.45,97.58,31.20421825
2024-12-04 06:00:00+07:00,9.18,105.15,2024,12,4,4-Dec,24.92,24.49,97.45,31.29380953
2024-12-04 07:00:00+07:00,9.18,105.15,2024,12,4,4-Dec,25.15,24.58,96.62,31.58999892
2024-12-04 08:00:00+07:00,9.18,105.15,2024,12,4,4-Dec,25.57,24.88,96,32.23450032
2024-12-04 09:00:00+07:00,9.18,105.15,2024,12,4,4-Dec,27.31,25.23,88.47,34.23239937
2024-12-04 10:00:00+07:00,9.18,105.15,2024,12,4,4-Dec,27.9,24.96,84.04,34.61152448
2024-12-04 11:00:00+07:00,9.18,105.15,2024,12,4,4-Dec,28.24,24.73,81.28,34.77462537
2024-12-04 12:00:00+07:00,9.18,105.15,2024,12,4,4-Dec,28.52,24.36,78.19,34.77504688
2024-12-04 13:00:00+07:00,9.18,105.15,2024,12,4,4-Dec,27.98,24.15,79.69,34.08242425
2024-12-04 14:00:00+07:00,9.18,105.15,2024,12,4,4-Dec,27.95,24.26,80.39,34.13407828
2024-12-04 15:00:00+07:00,9.18,105.15,2024,12,4,4-Dec,27.14,24.58,85.88,33.56805892
2024-12-04 16:00:00+07:00,9.18,105.15,2024,12,4,4-Dec,27.11,24.52,85.76,33.49316512
2024-12-04 17:00:00+07:00,9.18,105.15,2024,12,4,4-Dec,26.26,24.41,89.56,32.56591593
2024-12-04 18:00:00+07:00,9.18,105.15,2024,12,4,4-Dec,25.89,24.36,91.32,32.16082688
2024-12-04 19:00:00+07:00,9.18,105.15,2024,12,4,4-Dec,25.64,24.26,92.1,31.83793828
2024-12-04 20:00:00+07:00,9.18,105.15,2024,12,4,4-Dec,25.51,24.11,92,31.59770913
2024-12-04 21:00:00+07:00,9.18,105.15,2024,12,4,4-Dec,24.79,23.82,94.35,30.66936372
2024-12-04 22:00:00+07:00,9.18,105.15,2024,12,4,4-Dec,24.61,23.92,95.92,30.56348592
2024-12-04 23:00:00+07:00,9.18,105.15,2024,12,4,4-Dec,24.43,23.96,97.19,30.41386848
2024-12-05 00:00:00+07:00,9.18,105.15,2024,12,5,5-Dec,24.36,24.02,98.02,30.38833412
2024-12-05 01:00:00+07:00,9.18,105.15,2024,12,5,5-Dec,24.35,24.12,98.64,30.45204832
2024-12-05 02:00:00+07:00,9.18,105.15,2024,12,5,5-Dec,24.23,24.08,99.12,30.30326992
2024-12-05 03:00:00+07:00,9.18,105.15,2024,12,5,5-Dec,24.25,24.08,98.94,30.32314992
2024-12-05 04:00:00+07:00,9.18,105.15,2024,12,5,5-Dec,24.18,24.05,99.21,30.23147825
2024-12-05 05:00:00+07:00,9.18,105.15,2024,12,5,5-Dec,24.55,24.48,99.57,30.91853712
2024-12-05 06:00:00+07:00,9.18,105.15,2024,12,5,5-Dec,24.71,24.59,99.3,31.16016193
2024-12-06 07:00:00+07:00,9.18,105.15,2024,12,6,6-Dec,25.6,24.75,95.01,32.16560625
2024-12-06 08:00:00+07:00,9.18,105.15,2024,12,6,6-Dec,26.64,25.12,91.36,33.48168032
2024-12-06 09:00:00+07:00,9.18,105.15,2024,12,6,6-Dec,28.39,25.17,82.7,35.25965217
2024-12-06 10:00:00+07:00,9.18,105.15,2024,12,6,6-Dec,29.1,24.73,77.32,35.62946537
2024-12-06 11:00:00+07:00,9.18,105.15,2024,12,6,6-Dec,29.3,24.66,76.12,35.77536868
2024-12-06 12:00:00+07:00,9.18,105.15,2024,12,6,6-Dec,29.28,24.83,76.99,35.88421217
2024-12-06 13:00:00+07:00,9.18,105.15,2024,12,6,6-Dec,28.28,24.49,79.94,34.63364953
2024-12-06 14:00:00+07:00,9.18,105.15,2024,12,6,6-Dec,27.79,24.67,83.17,34.28197617
2024-12-06 15:00:00+07:00,9.18,105.15,2024,12,6,6-Dec,28.52,25.33,82.9,35.51249617
2024-12-06 16:00:00+07:00,9.18,105.15,2024,12,6,6-Dec,28.74,25.33,81.8,35.73117617
2024-12-06 17:00:00+07:00,9.18,105.15,2024,12,6,6-Dec,28.67,25.01,80.59,35.41513153
2024-12-06 18:00:00+07:00,9.18,105.15,2024,12,6,6-Dec,28.25,24.97,82.42,34.96706377
2024-12-06 19:00:00+07:00,9.18,105.15,2024,12,6,6-Dec,28.04,24.84,82.81,34.65925168
2024-12-06 20:00:00+07:00,9.18,105.15,2024,12,6,6-Dec,27.75,25.01,85.03,34.50065153
2024-12-06 21:00:00+07:00,9.18,105.15,2024,12,6,6-Dec,27.25,24.83,86.68,33.86639217
2024-12-06 22:00:00+07:00,9.18,105.15,2024,12,6,6-Dec,27.25,24.92,87.13,33.93489792
2024-12-06 23:00:00+07:00,9.18,105.15,2024,12,6,6-Dec,27.06,24.94,88.22,33.76129508
2024-12-07 00:00:00+07:00,9.18,105.15,2024,12,7,7-Dec,26.69,24.88,89.84,33.34778032
2024-12-07 01:00:00+07:00,9.18,105.15,2024,12,7,7-Dec,26.73,25.11,90.86,33.56345513
2024-12-07 02:00:00+07:00,9.18,105.15,2024,12,7,7-Dec,26.69,24.91,90.02,33.37063393
2024-12-07 03:00:00+07:00,9.18,105.15,2024,12,7,7-Dec,26.26,24.65,90.83,32.74606425
2024-12-07 04:00:00+07:00,9.18,105.15,2024,12,7,7-Dec,26.22,24.71,91.4,32.75161673
2024-12-07 05:00:00+07:00,9.18,105.15,2024,12,7,7-Dec,26.01,25.11,94.78,32.84777513
2024-12-07 06:00:00+07:00,9.18,105.15,2024,12,7,7-Dec,26.07,25.12,94.52,32.91510032
2024-12-07 07:00:00+07:00,9.18,105.15,2024,12,7,7-Dec,26.21,25.3,94.73,33.193117
2024-12-07 08:00:00+07:00,9.18,105.15,2024,12,7,7-Dec,26.88,25.49,92.12,34.00674353
2024-12-07 09:00:00+07:00,9.18,105.15,2024,12,7,7-Dec,28.45,26.03,86.76,35.99298177
2024-12-07 10:00:00+07:00,9.18,105.15,2024,12,7,7-Dec,29.53,26.28,82.71,37.26658752
2024-12-07 11:00:00+07:00,9.18,105.15,2024,12,7,7-Dec,30.07,26.22,79.89,37.75515252
2024-12-07 12:00:00+07:00,9.18,105.15,2024,12,7,7-Dec,31.33,26.3,74.69,39.071877
2024-12-07 13:00:00+07:00,9.18,105.15,2024,12,7,7-Dec,31.11,25.88,73.76,38.51788832
2024-12-07 14:00:00+07:00,9.18,105.15,2024,12,7,7-Dec,31.32,25.94,73.16,38.77419908
2024-12-07 15:00:00+07:00,9.18,105.15,2024,12,7,7-Dec,29.31,25.13,78.23,36.14334857
2024-12-07 16:00:00+07:00,9.18,105.15,2024,12,7,7-Dec,29.39,24.99,77.22,36.11551153
2024-12-07 17:00:00+07:00,9.18,105.15,2024,12,7,7-Dec,28.84,24.39,76.91,35.11550313
2024-12-07 18:00:00+07:00,9.18,105.15,2024,12,7,7-Dec,28.56,24.34,77.92,34.79990468
2024-12-07 19:00:00+07:00,9.18,105.15,2024,12,7,7-Dec,28.19,24.44,80.14,34.50675808
2024-12-07 20:00:00+07:00,9.18,105.15,2024,12,7,7-Dec,28.09,24.51,80.93,34.45978353
2024-12-07 21:00:00+07:00,9.18,105.15,2024,12,7,7-Dec,27.56,24.51,83.47,33.93296353
2024-12-07 22:00:00+07:00,9.18,105.15,2024,12,7,7-Dec,27.39,24.56,84.57,33.80152208
2024-12-07 23:00:00+07:00,9.18,105.15,2024,12,7,7-Dec,27.13,24.51,85.57,33.50554353
2024-12-08 00:00:00+07:00,9.18,105.15,2024,12,8,8-Dec,26.84,24.43,86.64,33.15738097
2024-12-08 01:00:00+07:00,9.18,105.15,2024,12,8,8-Dec,26.76,24.31,86.46,32.98837433
2024-12-08 02:00:00+07:00,9.18,105.15,2024,12,8,8-Dec,26.3,24.2,88.25,32.449492
2024-12-08 03:00:00+07:00,9.18,105.15,2024,12,8,8-Dec,25.9,24.14,90.04,32.00751588
2024-12-08 04:00:00+07:00,9.18,105.15,2024,12,8,8-Dec,25.74,24.13,90.82,31.84109057
2024-12-08 05:00:00+07:00,9.18,105.15,2024,12,8,8-Dec,25.8,24.43,92.13,32.12362097
2024-12-08 06:00:00+07:00,9.18,105.15,2024,12,8,8-Dec,25.86,24.51,92.29,32.24316353
2024-12-08 07:00:00+07:00,9.18,105.15,2024,12,8,8-Dec,26.24,24.88,92.24,32.90048032
2024-12-08 08:00:00+07:00,9.18,105.15,2024,12,8,8-Dec,26.88,25.02,89.57,33.64352612
2024-12-08 09:00:00+07:00,9.18,105.15,2024,12,8,8-Dec,28.35,24.92,81.69,35.02829792
2024-12-08 10:00:00+07:00,9.18,105.15,2024,12,8,8-Dec,28.99,25.19,79.98,35.87146233
2024-12-08 11:00:00+07:00,9.18,105.15,2024,12,8,8-Dec,29.49,25.45,78.95,36.56990825
2024-12-08 12:00:00+07:00,9.18,105.15,2024,12,8,8-Dec,30.32,25.12,73.75,37.13960032
2024-12-08 13:00:00+07:00,9.18,105.15,2024,12,8,8-Dec,30.05,24.49,72.14,36.39302953
2024-12-08 14:00:00+07:00,9.18,105.15,2024,12,8,8-Dec,29.57,24.75,75.37,36.11178625
2024-12-08 15:00:00+07:00,9.18,105.15,2024,12,8,8-Dec,29.58,25.16,77.16,36.43481168
2024-12-08 16:00:00+07:00,9.18,105.15,2024,12,8,8-Dec,29.27,24.88,77.25,35.91230032
2024-12-08 17:00:00+07:00,9.18,105.15,2024,12,8,8-Dec,28.43,25.44,83.87,35.50848208
2024-12-08 18:00:00+07:00,9.18,105.15,2024,12,8,8-Dec,27.88,25.89,88.93,35.31518913
2024-12-08 19:00:00+07:00,9.18,105.15,2024,12,8,8-Dec,27.56,25.79,90.08,34.91803873
2024-12-08 20:00:00+07:00,9.18,105.15,2024,12,8,8-Dec,27.16,25.34,89.8,34.16840868
2024-12-08 21:00:00+07:00,9.18,105.15,2024,12,8,8-Dec,26.55,24.96,91.01,33.26962448
2024-12-08 22:00:00+07:00,9.18,105.15,2024,12,8,8-Dec,26.64,25.03,90.92,33.41262377
2024-12-08 23:00:00+07:00,9.18,105.15,2024,12,8,8-Dec,26.57,24.94,90.83,33.27423508
2024-12-09 00:00:00+07:00,9.18,105.15,2024,12,9,9-Dec,26.13,24.77,92.19,32.70757937
2024-12-09 01:00:00+07:00,9.18,105.15,2024,12,9,9-Dec,26.21,25.03,93.2,32.98520377
2024-12-09 02:00:00+07:00,9.18,105.15,2024,12,9,9-Dec,26.22,25.05,93.33,33.01046825
2024-12-09 03:00:00+07:00,9.18,105.15,2024,12,9,9-Dec,25.74,24.85,94.81,32.38065425
2024-12-09 04:00:00+07:00,9.18,105.15,2024,12,9,9-Dec,25.74,24.89,95.05,32.41109513
2024-12-09 05:00:00+07:00,9.18,105.15,2024,12,9,9-Dec,25.65,25.04,96.46,32.43622448
2024-12-09 06:00:00+07:00,9.18,105.15,2024,12,9,9-Dec,25.76,25.01,95.62,32.52259153
2024-12-09 07:00:00+07:00,9.18,105.15,2024,12,9,9-Dec,25.61,24.85,95.53,32.25143425
2024-12-09 08:00:00+07:00,9.18,105.15,2024,12,9,9-Dec,25.29,24.71,96.59,31.82719673
2024-12-09 09:00:00+07:00,9.18,105.15,2024,12,9,9-Dec,26.2,24.5,90.36,32.573625
2024-12-09 10:00:00+07:00,9.18,105.15,2024,12,9,9-Dec,27.04,23.88,82.87,32.94965232
2024-12-09 11:00:00+07:00,9.18,105.15,2024,12,9,9-Dec,28.29,23.57,75.59,33.96709697
2024-12-09 12:00:00+07:00,9.18,105.15,2024,12,9,9-Dec,28.74,23.43,73.02,34.31372297
2024-12-09 13:00:00+07:00,9.18,105.15,2024,12,9,9-Dec,29.19,23.39,70.98,34.73236913
2024-12-09 14:00:00+07:00,9.18,105.15,2024,12,9,9-Dec,28.92,23.15,71.05,34.29309425
2024-12-09 15:00:00+07:00,9.18,105.15,2024,12,9,9-Dec,29.15,23.14,70.06,34.51463188
2024-12-09 16:00:00+07:00,9.18,105.15,2024,12,9,9-Dec,28.96,23.02,70.3,34.24102212
2024-12-09 17:00:00+07:00,9.18,105.15,2024,12,9,9-Dec,28.02,24.22,79.83,34.17398852
2024-12-09 18:00:00+07:00,9.18,105.15,2024,12,9,9-Dec,27.62,24.54,83.32,34.01511748
2024-12-09 19:00:00+07:00,9.18,105.15,2024,12,9,9-Dec,27.34,24.49,84.46,33.69928953
2024-12-09 20:00:00+07:00,9.18,105.15,2024,12,9,9-Dec,27.1,24.62,86.33,33.55840932
2024-12-09 21:00:00+07:00,9.18,105.15,2024,12,9,9-Dec,26.46,24.57,89.36,32.88461897
2024-12-09 22:00:00+07:00,9.18,105.15,2024,12,9,9-Dec,26.52,24.55,88.97,32.92922825
2024-12-09 23:00:00+07:00,9.18,105.15,2024,12,9,9-Dec,26.33,24.56,90.04,32.74788208
2024-12-10 00:00:00+07:00,9.18,105.15,2024,12,10,10-Dec,25.73,24.37,92.19,32.00924257
2024-12-10 01:00:00+07:00,9.18,105.15,2024,12,10,10-Dec,25.72,24.55,93.25,32.13402825
2024-12-10 02:00:00+07:00,9.18,105.15,2024,12,10,10-Dec,25.41,24.35,93.9,31.67625425
2024-12-10 03:00:00+07:00,9.18,105.15,2024,12,10,10-Dec,24.84,23.92,94.65,30.79210592
2024-12-10 04:00:00+07:00,9.18,105.15,2024,12,10,10-Dec,24.77,23.82,94.44,30.64948372
2024-12-10 05:00:00+07:00,9.18,105.15,2024,12,10,10-Dec,25.02,24.12,94.79,31.11802832
2024-12-10 06:00:00+07:00,9.18,105.15,2024,12,10,10-Dec,25.04,23.49,91.14,30.67899553
2024-12-10 07:00:00+07:00,9.18,105.15,2024,12,10,10-Dec,25.19,22.91,87.18,30.41634193
2024-12-10 08:00:00+07:00,9.18,105.15,2024,12,10,10-Dec,25.9,22.64,82.23,30.93391488
2024-12-10 09:00:00+07:00,9.18,105.15,2024,12,10,10-Dec,27.52,22.43,73.81,32.39938497
2024-12-10 10:00:00+07:00,9.18,105.15,2024,12,10,10-Dec,28.22,22.59,71.55,33.20539393
2024-12-10 11:00:00+07:00,9.18,105.15,2024,12,10,10-Dec,28.96,22.93,69.97,34.17774897
2024-12-10 12:00:00+07:00,9.18,105.15,2024,12,10,10-Dec,29.92,23.44,68.23,35.49381408
2024-12-10 13:00:00+07:00,9.18,105.15,2024,12,10,10-Dec,30.19,23.26,66.45,35.63358228
2024-12-10 14:00:00+07:00,9.18,105.15,2024,12,10,10-Dec,30.26,23.47,67.04,35.85330577
2024-12-10 15:00:00+07:00,9.18,105.15,2024,12,10,10-Dec,29.8,23.42,68.66,35.36019492
2024-12-10 16:00:00+07:00,9.18,105.15,2024,12,10,10-Dec,29.59,23.48,69.75,35.19450912
2024-12-10 17:00:00+07:00,9.18,105.15,2024,12,10,10-Dec,28.59,24.16,76.99,34.69615568
2024-12-10 18:00:00+07:00,9.18,105.15,2024,12,10,10-Dec,27.79,24.63,82.92,34.25180457
2024-12-10 19:00:00+07:00,9.18,105.15,2024,12,10,10-Dec,27.62,24.83,84.81,34.23417217
2024-12-10 20:00:00+07:00,9.18,105.15,2024,12,10,10-Dec,27.29,24.95,87.06,33.99754825
2024-12-10 21:00:00+07:00,9.18,105.15,2024,12,10,10-Dec,27.15,24.92,87.62,33.83549792
2024-12-10 22:00:00+07:00,9.18,105.15,2024,12,10,10-Dec,27.51,24.83,85.31,34.12483217
2024-12-10 23:00:00+07:00,9.18,105.15,2024,12,10,10-Dec,27.41,24.64,84.88,33.88162288
2024-12-11 00:00:00+07:00,9.18,105.15,2024,12,11,11-Dec,27.2,24.17,83.53,33.32189017
2024-12-11 01:00:00+07:00,9.18,105.15,2024,12,11,11-Dec,27.12,23.81,82.15,32.97809633
2024-12-11 02:00:00+07:00,9.18,105.15,2024,12,11,11-Dec,27.05,23.25,79.71,32.50530625
2024-12-11 03:00:00+07:00,9.18,105.15,2024,12,11,11-Dec,26.76,22.74,78.64,31.85818628
2024-12-11 04:00:00+07:00,9.18,105.15,2024,12,11,11-Dec,26.58,22.46,78.16,31.48562948
2024-12-11 05:00:00+07:00,9.18,105.15,2024,12,11,11-Dec,25.85,22.91,83.86,31.07238193
2024-12-11 06:00:00+07:00,9.18,105.15,2024,12,11,11-Dec,25.92,22.9,83.46,31.134953
2024-12-11 07:00:00+07:00,9.18,105.15,2024,12,11,11-Dec,25.99,22.93,83.24,31.22556897
2024-12-11 08:00:00+07:00,9.18,105.15,2024,12,11,11-Dec,26.76,23.15,80.6,32.14605425
2024-12-11 09:00:00+07:00,9.18,105.15,2024,12,11,11-Dec,27.11,23.1,78.73,32.458573
2024-12-11 10:00:00+07:00,9.18,105.15,2024,12,11,11-Dec,27.52,23.14,77.06,32.89441188
2024-12-11 11:00:00+07:00,9.18,105.15,2024,12,11,11-Dec,27.66,23.12,76.33,33.01941632
2024-12-11 12:00:00+07:00,9.18,105.15,2024,12,11,11-Dec,28.21,23.57,75.96,33.88757697
2024-12-11 13:00:00+07:00,9.18,105.15,2024,12,11,11-Dec,28.52,23.6,74.72,34.217368
2024-12-11 14:00:00+07:00,9.18,105.15,2024,12,11,11-Dec,28.22,23.68,76.41,33.97703872
2024-12-11 15:00:00+07:00,9.18,105.15,2024,12,11,11-Dec,27.46,23.97,81.29,33.43302177
2024-12-11 16:00:00+07:00,9.18,105.15,2024,12,11,11-Dec,27.55,24.04,81.19,33.57390048
2024-12-11 17:00:00+07:00,9.18,105.15,2024,12,11,11-Dec,26.65,24.13,86.04,32.74563057
2024-12-11 18:00:00+07:00,9.18,105.15,2024,12,11,11-Dec,26.34,24.14,87.71,32.44487588
2024-12-11 19:00:00+07:00,9.18,105.15,2024,12,11,11-Dec,26.28,24.19,88.28,32.42220833
2024-12-11 20:00:00+07:00,9.18,105.15,2024,12,11,11-Dec,26.33,24.19,88.06,32.47190833
2024-12-11 21:00:00+07:00,9.18,105.15,2024,12,11,11-Dec,25.73,24.16,91.03,31.85331568
2024-12-11 22:00:00+07:00,9.18,105.15,2024,12,11,11-Dec,25.64,24.22,91.9,31.80826852
2024-12-11 23:00:00+07:00,9.18,105.15,2024,12,11,11-Dec,25.62,24.17,91.71,31.75137017
2024-12-12 00:00:00+07:00,9.18,105.15,2024,12,12,12-Dec,25.42,24.11,92.45,31.50824913
2024-12-12 01:00:00+07:00,9.18,105.15,2024,12,12,12-Dec,25.33,24.15,93.21,31.44832425
2024-12-12 02:00:00+07:00,9.18,105.15,2024,12,12,12-Dec,25.19,24.18,94.15,31.33134772
2024-12-12 03:00:00+07:00,9.18,105.15,2024,12,12,12-Dec,25.06,24.08,94.32,31.12828992
2024-12-12 04:00:00+07:00,9.18,105.15,2024,12,12,12-Dec,25,24.05,94.47,31.04655825
2024-12-12 05:00:00+07:00,9.18,105.15,2024,12,12,12-Dec,25.69,24.26,91.76,31.88763828
2024-12-12 06:00:00+07:00,9.18,105.15,2024,12,12,12-Dec,26.02,24.24,89.93,32.20081728
2024-12-12 07:00:00+07:00,9.18,105.15,2024,12,12,12-Dec,26.18,24.33,89.56,32.42673817
2024-12-12 08:00:00+07:00,9.18,105.15,2024,12,12,12-Dec,26.75,24.73,88.7,33.29356537
2024-12-12 09:00:00+07:00,9.18,105.15,2024,12,12,12-Dec,27.98,25,83.87,34.72162
2024-12-12 10:00:00+07:00,9.18,105.15,2024,12,12,12-Dec,27.4,25.03,86.91,34.16806377
2024-12-12 11:00:00+07:00,9.18,105.15,2024,12,12,12-Dec,26.78,24.8,88.92,33.376432
2024-12-12 12:00:00+07:00,9.18,105.15,2024,12,12,12-Dec,27.14,25,88.09,33.88666
2024-12-12 13:00:00+07:00,9.18,105.15,2024,12,12,12-Dec,27.56,25.3,87.47,34.535017
2024-12-12 14:00:00+07:00,9.18,105.15,2024,12,12,12-Dec,28.88,25.56,82.33,36.04941808
2024-12-12 15:00:00+07:00,9.18,105.15,2024,12,12,12-Dec,29.18,25.9,82.52,36.615313
2024-12-12 16:00:00+07:00,9.18,105.15,2024,12,12,12-Dec,29.18,25.64,81.24,36.41028688
2024-12-12 17:00:00+07:00,9.18,105.15,2024,12,12,12-Dec,27.14,24.62,86.1,33.59816932
2024-12-12 18:00:00+07:00,9.18,105.15,2024,12,12,12-Dec,26.86,24.39,86.34,33.14738313
2024-12-12 19:00:00+07:00,9.18,105.15,2024,12,12,12-Dec,26.61,24.4,87.73,32.906348
2024-12-12 20:00:00+07:00,9.18,105.15,2024,12,12,12-Dec,26.38,24.34,88.59,32.63298468
2024-12-12 21:00:00+07:00,9.18,105.15,2024,12,12,12-Dec,25.96,24.23,90.23,32.13376137
2024-12-12 22:00:00+07:00,9.18,105.15,2024,12,12,12-Dec,26.13,24.47,90.6,32.48156777
2024-12-12 23:00:00+07:00,9.18,105.15,2024,12,12,12-Dec,26.07,24.52,91.19,32.45940512
2024-12-13 00:00:00+07:00,9.18,105.15,2024,12,13,13-Dec,26.07,24.55,91.34,32.48192825
2024-12-13 01:00:00+07:00,9.18,105.15,2024,12,13,13-Dec,26.12,24.52,90.88,32.50910512
2024-12-13 02:00:00+07:00,9.18,105.15,2024,12,13,13-Dec,26.05,24.24,89.75,32.23063728
2024-12-13 03:00:00+07:00,9.18,105.15,2024,12,13,13-Dec,25.9,24.13,90.02,32.00013057
2024-12-13 04:00:00+07:00,9.18,105.15,2024,12,13,13-Dec,26.06,24.24,89.69,32.24057728
2024-12-13 05:00:00+07:00,9.18,105.15,2024,12,13,13-Dec,25.99,24.53,91.64,32.38738977
2024-12-13 06:00:00+07:00,9.18,105.15,2024,12,13,13-Dec,26.08,24.68,92.02,32.58978672
2024-12-13 07:00:00+07:00,9.18,105.15,2024,12,13,13-Dec,26.08,24.73,92.32,32.62758537
2024-12-13 08:00:00+07:00,9.18,105.15,2024,12,13,13-Dec,26.09,24.72,92.14,32.62995952
2024-12-13 09:00:00+07:00,9.18,105.15,2024,12,13,13-Dec,26.34,24.49,89.57,32.70528953
2024-12-13 10:00:00+07:00,9.18,105.15,2024,12,13,13-Dec,26.69,24.57,88.18,33.11323897
2024-12-13 11:00:00+07:00,9.18,105.15,2024,12,13,13-Dec,27.12,25.01,88.28,33.87443153
2024-12-13 12:00:00+07:00,9.18,105.15,2024,12,13,13-Dec,26.77,24.47,87.27,33.11772777
2024-12-13 13:00:00+07:00,9.18,105.15,2024,12,13,13-Dec,26.98,25.05,89.21,33.76590825
2024-12-13 14:00:00+07:00,9.18,105.15,2024,12,13,13-Dec,27.07,24.76,87.22,33.63436128
2024-12-13 15:00:00+07:00,9.18,105.15,2024,12,13,13-Dec,26.59,24.6,88.88,33.036408
2024-12-13 16:00:00+07:00,9.18,105.15,2024,12,13,13-Dec,26.35,24.54,89.78,32.75273748
2024-12-13 17:00:00+07:00,9.18,105.15,2024,12,13,13-Dec,25.24,23.79,91.69,31.09481073
2024-12-13 18:00:00+07:00,9.18,105.15,2024,12,13,13-Dec,25.32,24.03,92.59,31.34992577
2024-12-13 19:00:00+07:00,9.18,105.15,2024,12,13,13-Dec,25.12,23.98,93.42,31.11439812
2024-12-13 20:00:00+07:00,9.18,105.15,2024,12,13,13-Dec,25.01,23.99,94.04,31.01239753
2024-12-13 21:00:00+07:00,9.18,105.15,2024,12,13,13-Dec,25.03,24.08,94.49,31.09846992
2024-12-13 22:00:00+07:00,9.18,105.15,2024,12,13,13-Dec,25.29,23.98,92.44,31.28337812
2024-12-13 23:00:00+07:00,9.18,105.15,2024,12,13,13-Dec,25.17,23.93,92.82,31.12744697
2024-12-14 00:00:00+07:00,9.18,105.15,2024,12,14,14-Dec,25.17,23.82,92.22,31.04708372
2024-12-14 01:00:00+07:00,9.18,105.15,2024,12,14,14-Dec,25.15,23.8,92.21,31.012632
2024-12-14 02:00:00+07:00,9.18,105.15,2024,12,14,14-Dec,24.87,23.73,93.39,30.68340737
2024-12-14 03:00:00+07:00,9.18,105.15,2024,12,14,14-Dec,24.95,23.74,92.99,30.77019028
2024-12-14 04:00:00+07:00,9.18,105.15,2024,12,14,14-Dec,25.09,23.92,93.22,31.04060592
2024-12-14 05:00:00+07:00,9.18,105.15,2024,12,14,14-Dec,25.34,23.71,90.66,31.13607073
2024-12-14 06:00:00+07:00,9.18,105.15,2024,12,14,14-Dec,25.49,23.82,90.5,31.36516372
2024-12-14 07:00:00+07:00,9.18,105.15,2024,12,14,14-Dec,25.44,23.81,90.69,31.30817633
2024-12-14 08:00:00+07:00,9.18,105.15,2024,12,14,14-Dec,25.52,24.15,92.13,31.63718425
2024-12-14 09:00:00+07:00,9.18,105.15,2024,12,14,14-Dec,25.99,24.44,91.17,32.31995808
2024-12-14 10:00:00+07:00,9.18,105.15,2024,12,14,14-Dec,25.79,24.41,92.11,32.09873593
2024-12-14 11:00:00+07:00,9.18,105.15,2024,12,14,14-Dec,25.94,24.65,92.64,32.42798425
2024-12-14 12:00:00+07:00,9.18,105.15,2024,12,14,14-Dec,26.33,24.68,90.7,32.83828672
2024-12-14 13:00:00+07:00,9.18,105.15,2024,12,14,14-Dec,26.23,24.79,91.77,32.82214473
2024-12-14 14:00:00+07:00,9.18,105.15,2024,12,14,14-Dec,26.27,24.33,89.05,32.51619817
2024-12-14 15:00:00+07:00,9.18,105.15,2024,12,14,14-Dec,26.13,24.34,89.86,32.38448468
2024-12-14 16:00:00+07:00,9.18,105.15,2024,12,14,14-Dec,26.5,24.33,87.89,32.74481817
2024-12-14 17:00:00+07:00,9.18,105.15,2024,12,14,14-Dec,27.41,23.76,80.52,33.22996528
2024-12-14 18:00:00+07:00,9.18,105.15,2024,12,14,14-Dec,27.26,23.66,80.75,33.00831268
2024-12-14 19:00:00+07:00,9.18,105.15,2024,12,14,14-Dec,27.2,23.66,80.99,32.94867268
2024-12-14 20:00:00+07:00,9.18,105.15,2024,12,14,14-Dec,26.97,23.83,82.99,32.84357417
2024-12-14 21:00:00+07:00,9.18,105.15,2024,12,14,14-Dec,26.49,23.74,84.86,32.30095028
2024-12-14 22:00:00+07:00,9.18,105.15,2024,12,14,14-Dec,26.48,23.73,84.9,32.28374737
2024-12-14 23:00:00+07:00,9.18,105.15,2024,12,14,14-Dec,26.38,23.93,86.4,32.33018697
2024-12-15 00:00:00+07:00,9.18,105.15,2024,12,15,15-Dec,26.18,23.96,87.63,32.15336848
2024-12-15 01:00:00+07:00,9.18,105.15,2024,12,15,15-Dec,26.01,23.9,88.17,31.940453
2024-12-15 02:00:00+07:00,9.18,105.15,2024,12,15,15-Dec,25.86,23.96,89.25,31.83528848
2024-12-15 03:00:00+07:00,9.18,105.15,2024,12,15,15-Dec,25.61,23.89,90.22,31.53554113
2024-12-15 04:00:00+07:00,9.18,105.15,2024,12,15,15-Dec,25.53,23.87,90.52,31.44140657
2024-12-15 05:00:00+07:00,9.18,105.15,2024,12,15,15-Dec,25.5,23.77,90.17,31.33869737
2024-12-15 06:00:00+07:00,9.18,105.15,2024,12,15,15-Dec,25.41,23.75,90.56,31.23469625
2024-12-15 07:00:00+07:00,9.18,105.15,2024,12,15,15-Dec,25.41,23.72,90.34,31.21290752
2024-12-15 08:00:00+07:00,9.18,105.15,2024,12,15,15-Dec,26.23,24.07,87.95,32.28390297
2024-12-15 09:00:00+07:00,9.18,105.15,2024,12,15,15-Dec,27.11,24.01,83.21,33.11448553
2024-12-15 10:00:00+07:00,9.18,105.15,2024,12,15,15-Dec,26.97,24.35,85.58,33.22689425
2024-12-15 11:00:00+07:00,9.18,105.15,2024,12,15,15-Dec,26.01,23.98,88.59,31.99905812
2024-12-15 12:00:00+07:00,9.18,105.15,2024,12,15,15-Dec,26.15,24.48,90.55,32.50893712
2024-12-15 13:00:00+07:00,9.18,105.15,2024,12,15,15-Dec,25.89,24.3,90.92,32.116157
2024-12-15 14:00:00+07:00,9.18,105.15,2024,12,15,15-Dec,25.93,23.92,88.73,31.87556592
2024-12-15 15:00:00+07:00,9.18,105.15,2024,12,15,15-Dec,26.34,24.16,87.84,32.45965568
2024-12-15 16:00:00+07:00,9.18,105.15,2024,12,15,15-Dec,26.07,23.71,86.85,31.86169073
2024-12-15 17:00:00+07:00,9.18,105.15,2024,12,15,15-Dec,27.03,23.23,79.72,32.47120337
2024-12-15 18:00:00+07:00,9.18,105.15,2024,12,15,15-Dec,26.46,23.01,81.36,31.74897953
2024-12-15 19:00:00+07:00,9.18,105.15,2024,12,15,15-Dec,26.1,22.79,81.98,31.23697673
2024-12-15 20:00:00+07:00,9.18,105.15,2024,12,15,15-Dec,25.94,22.82,82.93,31.09887172
2024-12-15 21:00:00+07:00,9.18,105.15,2024,12,15,15-Dec,25.77,22.99,84.66,31.04904353
2024-12-15 22:00:00+07:00,9.18,105.15,2024,12,15,15-Dec,25.82,23.22,85.57,31.26135652
2024-12-15 23:00:00+07:00,9.18,105.15,2024,12,15,15-Dec,25.88,23.3,85.66,31.377937
2024-12-16 00:00:00+07:00,9.18,105.15,2024,12,16,16-Dec,25.57,23.47,88.18,31.19144577
2024-12-16 01:00:00+07:00,9.18,105.15,2024,12,16,16-Dec,25.52,23.57,89.01,31.21371697
2024-12-16 02:00:00+07:00,9.18,105.15,2024,12,16,16-Dec,25.29,23.61,90.39,31.01397113
2024-12-16 03:00:00+07:00,9.18,105.15,2024,12,16,16-Dec,25.12,23.44,90.42,30.72261408
2024-12-16 04:00:00+07:00,9.18,105.15,2024,12,16,16-Dec,24.92,23.31,90.8,30.43082833
2024-12-16 05:00:00+07:00,9.18,105.15,2024,12,16,16-Dec,25.06,22.74,86.97,30.16838628
2024-12-16 06:00:00+07:00,9.18,105.15,2024,12,16,16-Dec,25.03,22.88,87.87,30.23628432
2024-12-16 07:00:00+07:00,9.18,105.15,2024,12,16,16-Dec,24.91,22.82,88.2,30.07505172
2024-12-16 08:00:00+07:00,9.18,105.15,2024,12,16,16-Dec,24.9,22.66,87.39,29.95377668
2024-12-16 09:00:00+07:00,9.18,105.15,2024,12,16,16-Dec,25.69,22.51,82.65,30.63537153
2024-12-16 10:00:00+07:00,9.18,105.15,2024,12,16,16-Dec,26.11,22.4,80.03,30.977268
2024-12-16 11:00:00+07:00,9.18,105.15,2024,12,16,16-Dec,26.47,22.28,77.78,31.25307552
2024-12-16 12:00:00+07:00,9.18,105.15,2024,12,16,16-Dec,26.88,22.19,75.49,31.59938033
2024-12-16 13:00:00+07:00,9.18,105.15,2024,12,16,16-Dec,27.13,22.16,74.26,31.82752368
2024-12-16 14:00:00+07:00,9.18,105.15,2024,12,16,16-Dec,26.84,22.36,76.49,31.67549488
2024-12-16 15:00:00+07:00,9.18,105.15,2024,12,16,16-Dec,26.97,22.7,77.47,32.039117
2024-12-16 16:00:00+07:00,9.18,105.15,2024,12,16,16-Dec,26.57,22.85,80.04,31.74605425
2024-12-16 17:00:00+07:00,9.18,105.15,2024,12,16,16-Dec,26.08,22.71,81.71,31.16140473
2024-12-16 18:00:00+07:00,9.18,105.15,2024,12,16,16-Dec,25.77,22.95,84.42,31.02092825
2024-12-16 19:00:00+07:00,9.18,105.15,2024,12,16,16-Dec,25.72,23.21,86,31.15485273
2024-12-16 20:00:00+07:00,9.18,105.15,2024,12,16,16-Dec,25.58,23.47,88.14,31.20138577
2024-12-16 21:00:00+07:00,9.18,105.15,2024,12,16,16-Dec,25.44,23.41,88.53,31.01918993
2024-12-16 22:00:00+07:00,9.18,105.15,2024,12,16,16-Dec,25.42,23.41,88.68,30.99930993
2024-12-16 23:00:00+07:00,9.18,105.15,2024,12,16,16-Dec,25.31,23.42,89.3,30.89713492
2024-12-17 00:00:00+07:00,9.18,105.15,2024,12,17,17-Dec,24.98,23.15,89.54,30.37673425
2024-12-17 01:00:00+07:00,9.18,105.15,2024,12,17,17-Dec,24.62,23.02,90.8,29.92706212
2024-12-17 02:00:00+07:00,9.18,105.15,2024,12,17,17-Dec,24.49,22.85,90.59,29.67853425
2024-12-17 03:00:00+07:00,9.18,105.15,2024,12,17,17-Dec,23.75,22.24,91.25,28.52214928
2024-12-17 04:00:00+07:00,9.18,105.15,2024,12,17,17-Dec,23.61,21.98,90.58,28.20708212
2024-12-17 05:00:00+07:00,9.18,105.15,2024,12,17,17-Dec,23.83,21.85,88.66,28.33858425
2024-12-17 06:00:00+07:00,9.18,105.15,2024,12,17,17-Dec,23.8,21.83,88.7,28.29539817
2024-12-17 07:00:00+07:00,9.18,105.15,2024,12,17,17-Dec,23.93,21.75,87.57,28.37127625
2024-12-17 08:00:00+07:00,9.18,105.15,2024,12,17,17-Dec,25.06,21.89,82.6,29.58797313
2024-12-17 09:00:00+07:00,9.18,105.15,2024,12,17,17-Dec,26.22,21.99,77.57,30.80814953
2024-12-17 10:00:00+07:00,9.18,105.15,2024,12,17,17-Dec,27.61,22.5,73.71,32.536965
2024-12-17 11:00:00+07:00,9.18,105.15,2024,12,17,17-Dec,28.34,22.74,71.7,33.42870628
2024-12-17 12:00:00+07:00,9.18,105.15,2024,12,17,17-Dec,29.59,22.73,66.63,34.66424937
2024-12-17 13:00:00+07:00,9.18,105.15,2024,12,17,17-Dec,29.64,22.23,64.45,34.37000537
2024-12-17 14:00:00+07:00,9.18,105.15,2024,12,17,17-Dec,29.42,22.36,65.78,34.24001488
2024-12-17 15:00:00+07:00,9.18,105.15,2024,12,17,17-Dec,29.16,22.62,67.85,34.16050532
2024-12-17 16:00:00+07:00,9.18,105.15,2024,12,17,17-Dec,29.16,22.84,68.75,34.31352368
2024-12-17 17:00:00+07:00,9.18,105.15,2024,12,17,17-Dec,28.54,23.55,74.43,34.20117825
2024-12-17 18:00:00+07:00,9.18,105.15,2024,12,17,17-Dec,27.72,23.79,79.18,33.55993073
2024-12-17 19:00:00+07:00,9.18,105.15,2024,12,17,17-Dec,27,24.16,84.5,33.11569568
2024-12-17 20:00:00+07:00,9.18,105.15,2024,12,17,17-Dec,26.74,24.13,85.6,32.83509057
2024-12-17 21:00:00+07:00,9.18,105.15,2024,12,17,17-Dec,25.95,23.95,88.73,31.91741825
2024-12-17 22:00:00+07:00,9.18,105.15,2024,12,17,17-Dec,26.29,24.09,87.72,32.35827993
2024-12-17 23:00:00+07:00,9.18,105.15,2024,12,17,17-Dec,26.15,24.29,89.5,32.36716273
2024-12-18 00:00:00+07:00,9.18,105.15,2024,12,18,18-Dec,25.58,23.96,90.79,31.55696848
2024-12-18 01:00:00+07:00,9.18,105.15,2024,12,18,18-Dec,25.34,23.98,92.15,31.33307812
2024-12-18 02:00:00+07:00,9.18,105.15,2024,12,18,18-Dec,25.24,23.87,92.15,31.15314657
2024-12-18 03:00:00+07:00,9.18,105.15,2024,12,18,18-Dec,24.94,23.73,93.02,30.75298737
2024-12-18 04:00:00+07:00,9.18,105.15,2024,12,18,18-Dec,24.88,23.51,92.09,30.53433753
2024-12-18 05:00:00+07:00,9.18,105.15,2024,12,18,18-Dec,24.47,23.59,94.8,30.18444793
2024-12-18 06:00:00+07:00,9.18,105.15,2024,12,18,18-Dec,24.36,23.38,94.31,29.92419332
2024-12-18 07:00:00+07:00,9.18,105.15,2024,12,18,18-Dec,24.71,22.94,89.87,29.96026708
2024-12-18 08:00:00+07:00,9.18,105.15,2024,12,18,18-Dec,25.39,22.14,82.2,30.08440788
2024-12-18 09:00:00+07:00,9.18,105.15,2024,12,18,18-Dec,27.03,22.26,75.16,31.79608628
2024-12-18 10:00:00+07:00,9.18,105.15,2024,12,18,18-Dec,27.62,22.27,72.64,32.38935937
2024-12-18 11:00:00+07:00,9.18,105.15,2024,12,18,18-Dec,28.3,22.4,70.37,33.154128
2024-12-18 12:00:00+07:00,9.18,105.15,2024,12,18,18-Dec,29.07,22.64,68.26,34.08489488
2024-12-18 13:00:00+07:00,9.18,105.15,2024,12,18,18-Dec,29.61,22.49,65.59,34.51808153
2024-12-18 14:00:00+07:00,9.18,105.15,2024,12,18,18-Dec,29.72,22.75,66.22,34.80738625
2024-12-18 15:00:00+07:00,9.18,105.15,2024,12,18,18-Dec,29.93,22.99,66.4,35.18408353
2024-12-18 16:00:00+07:00,9.18,105.15,2024,12,18,18-Dec,29.6,23.02,67.78,34.87718212
2024-12-18 17:00:00+07:00,9.18,105.15,2024,12,18,18-Dec,28.49,23.36,73.76,34.01511088
2024-12-18 18:00:00+07:00,9.18,105.15,2024,12,18,18-Dec,27.73,23.73,78.89,33.52624737
2024-12-18 19:00:00+07:00,9.18,105.15,2024,12,18,18-Dec,27.43,23.84,80.79,33.30810768
2024-12-18 20:00:00+07:00,9.18,105.15,2024,12,18,18-Dec,26.98,23.94,83.45,32.93391108
2024-12-18 21:00:00+07:00,9.18,105.15,2024,12,18,18-Dec,26.14,24.01,88.08,32.15030553
2024-12-18 22:00:00+07:00,9.18,105.15,2024,12,18,18-Dec,26.05,23.99,88.45,32.04615753
2024-12-18 23:00:00+07:00,9.18,105.15,2024,12,18,18-Dec,25.67,23.94,90.19,31.63177108
2024-12-19 00:00:00+07:00,9.18,105.15,2024,12,19,19-Dec,25.23,23.76,91.57,31.06304528
2024-12-19 01:00:00+07:00,9.18,105.15,2024,12,19,19-Dec,25.24,23.68,91.04,31.01491872
2024-12-19 02:00:00+07:00,9.18,105.15,2024,12,19,19-Dec,25.06,23.68,92.08,30.83599872
2024-12-19 03:00:00+07:00,9.18,105.15,2024,12,19,19-Dec,24.64,23.44,93.03,30.24549408
2024-12-19 04:00:00+07:00,9.18,105.15,2024,12,19,19-Dec,24.66,23.38,92.63,30.22239332
2024-12-19 05:00:00+07:00,9.18,105.15,2024,12,19,19-Dec,24.85,24.24,96.39,31.03783728
2024-12-19 06:00:00+07:00,9.18,105.15,2024,12,19,19-Dec,24.68,23.98,95.9,30.67703812
2024-12-19 07:00:00+07:00,9.18,105.15,2024,12,19,19-Dec,24.9,23.71,93.11,30.69871073
2024-12-19 08:00:00+07:00,9.18,105.15,2024,12,19,19-Dec,25.28,23.31,88.84,30.78866833
2024-12-19 09:00:00+07:00,9.18,105.15,2024,12,19,19-Dec,26.94,23.08,79.43,32.27546192
2024-12-19 10:00:00+07:00,9.18,105.15,2024,12,19,19-Dec,27.82,23.08,75.45,33.15018192
2024-12-19 11:00:00+07:00,9.18,105.15,2024,12,19,19-Dec,28.29,23.08,73.39,33.61736192
2024-12-19 12:00:00+07:00,9.18,105.15,2024,12,19,19-Dec,29.06,23,69.84,34.32634
2024-12-19 13:00:00+07:00,9.18,105.15,2024,12,19,19-Dec,29.47,22.79,67.35,34.58675673
2024-12-19 14:00:00+07:00,9.18,105.15,2024,12,19,19-Dec,29.7,22.79,66.45,34.81537673
2024-12-19 15:00:00+07:00,9.18,105.15,2024,12,19,19-Dec,29.85,22.76,65.78,34.94356928
2024-12-19 16:00:00+07:00,9.18,105.15,2024,12,19,19-Dec,29.58,22.58,66.05,34.55032292
2024-12-19 17:00:00+07:00,9.18,105.15,2024,12,19,19-Dec,28.54,22.98,71.93,33.79539012
2024-12-19 18:00:00+07:00,9.18,105.15,2024,12,19,19-Dec,27.96,23.12,74.98,33.31761632
2024-12-19 19:00:00+07:00,9.18,105.15,2024,12,19,19-Dec,27.63,23.22,76.94,33.06049652
2024-12-19 20:00:00+07:00,9.18,105.15,2024,12,19,19-Dec,27.17,23.21,78.98,32.59615273
2024-12-19 21:00:00+07:00,9.18,105.15,2024,12,19,19-Dec,26.46,23.39,83.26,32.01874913
2024-12-19 22:00:00+07:00,9.18,105.15,2024,12,19,19-Dec,26.15,23.46,85.15,31.76078548
2024-12-19 23:00:00+07:00,9.18,105.15,2024,12,19,19-Dec,25.83,23.53,87.16,31.49303177
2024-12-20 00:00:00+07:00,9.18,105.15,2024,12,20,20-Dec,25.19,22.85,86.9,30.37433425
2024-12-20 01:00:00+07:00,9.18,105.15,2024,12,20,20-Dec,25.21,22.84,86.76,30.38722368
2024-12-20 02:00:00+07:00,9.18,105.15,2024,12,20,20-Dec,24.86,22.67,87.6,29.92095217
2024-12-20 03:00:00+07:00,9.18,105.15,2024,12,20,20-Dec,24.19,22.45,89.98,29.10309825
2024-12-20 04:00:00+07:00,9.18,105.15,2024,12,20,20-Dec,24.03,22.38,90.53,28.89604532
2024-12-20 05:00:00+07:00,9.18,105.15,2024,12,20,20-Dec,23.9,23.09,95.25,29.26076593
2024-12-20 06:00:00+07:00,9.18,105.15,2024,12,20,20-Dec,23.87,23.06,95.18,29.20976308
2024-12-20 07:00:00+07:00,9.18,105.15,2024,12,20,20-Dec,24.26,23.05,93.01,29.59036825
2024-12-20 08:00:00+07:00,9.18,105.15,2024,12,20,20-Dec,25.02,23.01,88.58,30.31761953
2024-12-20 09:00:00+07:00,9.18,105.15,2024,12,20,20-Dec,26.84,22.86,78.86,32.02142788
2024-12-20 10:00:00+07:00,9.18,105.15,2024,12,20,20-Dec,27.22,22.61,75.94,32.22522513
2024-12-20 11:00:00+07:00,9.18,105.15,2024,12,20,20-Dec,27.55,22.13,72.32,32.22467457
2024-12-20 12:00:00+07:00,9.18,105.15,2024,12,20,20-Dec,28.1,21.9,69.07,32.616433
2024-12-20 13:00:00+07:00,9.18,105.15,2024,12,20,20-Dec,28.76,21.71,65.71,33.14569873
2024-12-20 14:00:00+07:00,9.18,105.15,2024,12,20,20-Dec,28.59,21.55,65.68,32.87081825
2024-12-20 15:00:00+07:00,9.18,105.15,2024,12,20,20-Dec,28.87,21.58,64.78,33.16893492
2024-12-20 16:00:00+07:00,9.18,105.15,2024,12,20,20-Dec,28.62,21.47,65.25,32.84798177
2024-12-20 17:00:00+07:00,9.18,105.15,2024,12,20,20-Dec,27.33,21.84,71.96,31.81089968
2024-12-20 18:00:00+07:00,9.18,105.15,2024,12,20,20-Dec,26.63,22.35,77.35,31.45991425
2024-12-20 19:00:00+07:00,9.18,105.15,2024,12,20,20-Dec,25.96,22.66,82.07,31.00741668
2024-12-20 20:00:00+07:00,9.18,105.15,2024,12,20,20-Dec,25.67,22.55,82.92,30.64306825
2024-12-20 21:00:00+07:00,9.18,105.15,2024,12,20,20-Dec,25.06,22.58,86.11,30.05744292
2024-12-20 22:00:00+07:00,9.18,105.15,2024,12,20,20-Dec,25.11,22.66,86.28,30.16251668
2024-12-20 23:00:00+07:00,9.18,105.15,2024,12,20,20-Dec,24.64,22.69,88.93,29.71615233
2024-12-21 00:00:00+07:00,9.18,105.15,2024,12,21,21-Dec,24,22.7,92.47,29.086937
2024-12-21 01:00:00+07:00,9.18,105.15,2024,12,21,21-Dec,24.03,22.86,93.21,29.22828788
2024-12-21 02:00:00+07:00,9.18,105.15,2024,12,21,21-Dec,24.06,22.81,92.73,29.22317033
2024-12-21 03:00:00+07:00,9.18,105.15,2024,12,21,21-Dec,23.67,22.58,93.61,28.67578292
2024-12-21 04:00:00+07:00,9.18,105.15,2024,12,21,21-Dec,23.54,22.47,93.73,28.47074377
2024-12-21 05:00:00+07:00,9.18,105.15,2024,12,21,21-Dec,23.24,22.35,94.76,28.09025425
2024-12-21 06:00:00+07:00,9.18,105.15,2024,12,21,21-Dec,22.97,22,94.25,27.58438
2024-12-21 07:00:00+07:00,9.18,105.15,2024,12,21,21-Dec,23.31,21.79,91.13,27.78164273
2024-12-21 08:00:00+07:00,9.18,105.15,2024,12,21,21-Dec,24.41,21.42,83.43,28.63043092
2024-12-21 09:00:00+07:00,9.18,105.15,2024,12,21,21-Dec,25.88,21.49,76.77,30.13756753
2024-12-21 10:00:00+07:00,9.18,105.15,2024,12,21,21-Dec,27,21.79,73.18,31.44950273
2024-12-21 11:00:00+07:00,9.18,105.15,2024,12,21,21-Dec,27.85,21.72,69.32,32.24780352
2024-12-21 12:00:00+07:00,9.18,105.15,2024,12,21,21-Dec,28.97,21.25,63.09,33.05208625
2024-12-21 13:00:00+07:00,9.18,105.15,2024,12,21,21-Dec,29.17,21,61.43,33.08928
2024-12-21 14:00:00+07:00,9.18,105.15,2024,12,21,21-Dec,29.45,20.78,59.6,33.22696852
2024-12-21 15:00:00+07:00,9.18,105.15,2024,12,21,21-Dec,29.51,20.78,59.4,33.28660852
2024-12-21 16:00:00+07:00,9.18,105.15,2024,12,21,21-Dec,29.11,20.75,60.68,32.86994625
2024-12-21 17:00:00+07:00,9.18,105.15,2024,12,21,21-Dec,28.11,21.38,66.87,32.28203732
2024-12-21 18:00:00+07:00,9.18,105.15,2024,12,21,21-Dec,27.18,21.64,71.74,31.52875088
2024-12-21 19:00:00+07:00,9.18,105.15,2024,12,21,21-Dec,26.6,21.91,75.45,31.13213593
2024-12-21 20:00:00+07:00,9.18,105.15,2024,12,21,21-Dec,25.86,21.97,79.11,30.43685777
2024-12-21 21:00:00+07:00,9.18,105.15,2024,12,21,21-Dec,25.51,21.87,80.34,30.02188257
2024-12-21 22:00:00+07:00,9.18,105.15,2024,12,21,21-Dec,25.07,21.93,82.75,29.62473097
2024-12-21 23:00:00+07:00,9.18,105.15,2024,12,21,21-Dec,24.52,21.86,85.16,29.03113188
2024-12-22 00:00:00+07:00,9.18,105.15,2024,12,22,22-Dec,24.11,21.86,87.26,28.62359188
2024-12-22 01:00:00+07:00,9.18,105.15,2024,12,22,22-Dec,24.25,21.63,85.31,28.60971057
2024-12-22 02:00:00+07:00,9.18,105.15,2024,12,22,22-Dec,23.86,21.69,87.67,28.26181833
2024-12-22 03:00:00+07:00,9.18,105.15,2024,12,22,22-Dec,23.28,21.66,90.62,27.66540068
2024-12-22 04:00:00+07:00,9.18,105.15,2024,12,22,22-Dec,23.03,21.5,91.13,27.311245
2024-12-22 05:00:00+07:00,9.18,105.15,2024,12,22,22-Dec,22.62,21.8,95.09,27.102452
2024-12-22 06:00:00+07:00,9.18,105.15,2024,12,22,22-Dec,22.54,21.68,94.89,26.94310272
2024-12-22 07:00:00+07:00,9.18,105.15,2024,12,22,22-Dec,23.16,21.83,92.23,27.65923817
2024-12-22 08:00:00+07:00,9.18,105.15,2024,12,22,22-Dec,24.46,21.55,83.8,28.76559825
2024-12-22 09:00:00+07:00,9.18,105.15,2024,12,22,22-Dec,26.2,21.07,73.39,30.18215697
2024-12-22 10:00:00+07:00,9.18,105.15,2024,12,22,22-Dec,26.92,20.69,68.72,30.65504433
2024-12-22 11:00:00+07:00,9.18,105.15,2024,12,22,22-Dec,27.7,20.76,65.92,31.47475728
2024-12-22 12:00:00+07:00,9.18,105.15,2024,12,22,22-Dec,29.1,20.38,59.36,32.62716932
2024-12-22 13:00:00+07:00,9.18,105.15,2024,12,22,22-Dec,29.28,20.11,57.76,32.63882513
2024-12-22 14:00:00+07:00,9.18,105.15,2024,12,22,22-Dec,29.36,20.17,57.7,32.75532217
2024-12-22 15:00:00+07:00,9.18,105.15,2024,12,22,22-Dec,28.98,20.05,58.57,32.30375825
2024-12-22 16:00:00+07:00,9.18,105.15,2024,12,22,22-Dec,28.59,20.05,59.91,31.91609825
2024-12-22 17:00:00+07:00,9.18,105.15,2024,12,22,22-Dec,27.75,20.38,64.22,31.28526932
2024-12-22 18:00:00+07:00,9.18,105.15,2024,12,22,22-Dec,26.86,20.76,69.26,30.63979728
2024-12-22 19:00:00+07:00,9.18,105.15,2024,12,22,22-Dec,26.28,20.83,71.98,30.10782017
2024-12-22 20:00:00+07:00,9.18,105.15,2024,12,22,22-Dec,25.72,20.52,73,29.35505712
2024-12-22 21:00:00+07:00,9.18,105.15,2024,12,22,22-Dec,24.8,20.35,76.27,28.33427425
2024-12-22 22:00:00+07:00,9.18,105.15,2024,12,22,22-Dec,24.47,20.03,76.32,27.80855377
2024-12-22 23:00:00+07:00,9.18,105.15,2024,12,22,22-Dec,23.99,19.67,76.78,27.11276617
2024-12-23 00:00:00+07:00,9.18,105.15,2024,12,23,23-Dec,23.21,19.16,77.99,26.03445568
2024-12-23 01:00:00+07:00,9.18,105.15,2024,12,23,23-Dec,22.91,18.99,78.58,25.63702753
2024-12-23 02:00:00+07:00,9.18,105.15,2024,12,23,23-Dec,22.82,18.87,78.43,25.47805657
2024-12-23 03:00:00+07:00,9.18,105.15,2024,12,23,23-Dec,22.11,18.44,79.7,24.52685408
2024-12-23 04:00:00+07:00,9.18,105.15,2024,12,23,23-Dec,22.19,18.43,79.27,24.60073297
2024-12-23 05:00:00+07:00,9.18,105.15,2024,12,23,23-Dec,22.45,18.49,78.3,24.89306553
2024-12-23 06:00:00+07:00,9.18,105.15,2024,12,23,23-Dec,22.21,18.31,78.59,24.55315833
2024-12-23 07:00:00+07:00,9.18,105.15,2024,12,23,23-Dec,22.27,18.52,79.33,24.73113312
2024-12-23 08:00:00+07:00,9.18,105.15,2024,12,23,23-Dec,23.08,18.7,76.36,25.638777
2024-12-23 09:00:00+07:00,9.18,105.15,2024,12,23,23-Dec,25.34,19.29,69.19,28.22815273
2024-12-23 10:00:00+07:00,9.18,105.15,2024,12,23,23-Dec,26.37,19.6,66.32,29.436428
2024-12-23 11:00:00+07:00,9.18,105.15,2024,12,23,23-Dec,26.89,19.63,64.45,29.97131457
2024-12-23 12:00:00+07:00,9.18,105.15,2024,12,23,23-Dec,27.88,19.69,61.07,30.99147033
2024-12-23 13:00:00+07:00,9.18,105.15,2024,12,23,23-Dec,28.32,19.46,58.67,31.29106148
2024-12-23 14:00:00+07:00,9.18,105.15,2024,12,23,23-Dec,28.66,19.57,57.91,31.69470897
2024-12-23 15:00:00+07:00,9.18,105.15,2024,12,23,23-Dec,28.74,19.4,57.06,31.672868
2024-12-23 16:00:00+07:00,9.18,105.15,2024,12,23,23-Dec,28.6,19.21,56.83,31.42146873
2024-12-23 17:00:00+07:00,9.18,105.15,2024,12,23,23-Dec,27.18,19.77,63.93,30.34396937
2024-12-23 18:00:00+07:00,9.18,105.15,2024,12,23,23-Dec,25.15,20.39,74.9,28.70710713
2024-12-23 19:00:00+07:00,9.18,105.15,2024,12,23,23-Dec,24.62,20.61,78.41,28.31829313
2024-12-23 20:00:00+07:00,9.18,105.15,2024,12,23,23-Dec,24.09,20.87,82.24,27.95648057
2024-12-23 21:00:00+07:00,9.18,105.15,2024,12,23,23-Dec,23.53,20.64,83.85,27.25376688
2024-12-23 22:00:00+07:00,9.18,105.15,2024,12,23,23-Dec,23.12,20.69,86.22,26.87784433
2024-12-23 23:00:00+07:00,9.18,105.15,2024,12,23,23-Dec,22.83,20.71,87.85,26.60225273
2024-12-24 00:00:00+07:00,9.18,105.15,2024,12,24,24-Dec,22.28,20.44,89.3,25.88556208
2024-12-24 01:00:00+07:00,9.18,105.15,2024,12,24,24-Dec,22.59,20.55,88.3,26.26268825
2024-12-24 02:00:00+07:00,9.18,105.15,2024,12,24,24-Dec,22.72,20.62,87.93,26.43600132
2024-12-24 03:00:00+07:00,9.18,105.15,2024,12,24,24-Dec,22.57,20.45,87.82,26.18007825
2024-12-24 04:00:00+07:00,9.18,105.15,2024,12,24,24-Dec,22.38,20.33,88.17,25.91634617
2024-12-24 05:00:00+07:00,9.18,105.15,2024,12,24,24-Dec,21.39,20.93,97.22,25.31105297
2024-12-24 06:00:00+07:00,9.18,105.15,2024,12,24,24-Dec,21.48,20.94,96.74,25.40691908
2024-12-24 07:00:00+07:00,9.18,105.15,2024,12,24,24-Dec,22.77,21.3,91.4,26.921837
2024-12-24 08:00:00+07:00,9.18,105.15,2024,12,24,24-Dec,24.19,20.98,82.3,28.12631412
2024-12-24 09:00:00+07:00,9.18,105.15,2024,12,24,24-Dec,27.01,20.7,68.39,30.750837
2024-12-24 10:00:00+07:00,9.18,105.15,2024,12,24,24-Dec,28.35,20.51,62.48,31.96299953
2024-12-24 11:00:00+07:00,9.18,105.15,2024,12,24,24-Dec,28.62,20.32,60.8,32.11268672
2024-12-24 12:00:00+07:00,9.18,105.15,2024,12,24,24-Dec,29.31,20.83,60.29,33.11964017
2024-12-24 13:00:00+07:00,9.18,105.15,2024,12,24,24-Dec,29.71,20.95,59.35,33.59394825
2024-12-24 14:00:00+07:00,9.18,105.15,2024,12,24,24-Dec,29.9,21.11,59.3,33.88577113
2024-12-24 15:00:00+07:00,9.18,105.15,2024,12,24,24-Dec,29.66,21.84,62.85,34.12691968
2024-12-24 16:00:00+07:00,9.18,105.15,2024,12,24,24-Dec,29.5,21.92,63.75,34.02144192
2024-12-24 17:00:00+07:00,9.18,105.15,2024,12,24,24-Dec,27.97,21.33,67.23,32.11020417
2024-12-24 18:00:00+07:00,9.18,105.15,2024,12,24,24-Dec,27.15,21.12,69.62,31.15873232
2024-12-24 19:00:00+07:00,9.18,105.15,2024,12,24,24-Dec,26.71,21.13,71.48,30.72783657
2024-12-24 20:00:00+07:00,9.18,105.15,2024,12,24,24-Dec,26.35,21.14,73.07,30.37646388
2024-12-24 21:00:00+07:00,9.18,105.15,2024,12,24,24-Dec,25.87,21.53,76.99,30.15395577
2024-12-24 22:00:00+07:00,9.18,105.15,2024,12,24,24-Dec,25.62,22.01,80.47,30.22521353
2024-12-24 23:00:00+07:00,9.18,105.15,2024,12,24,24-Dec,25.4,22.42,83.57,30.28524292
2024-12-25 00:00:00+07:00,9.18,105.15,2024,12,25,25-Dec,24.87,22.39,86.1,29.73785513
2024-12-25 01:00:00+07:00,9.18,105.15,2024,12,25,25-Dec,24.85,22.3,85.77,29.656437
2024-12-25 02:00:00+07:00,9.18,105.15,2024,12,25,25-Dec,24.67,22.31,86.75,29.48434233
2024-12-25 03:00:00+07:00,9.18,105.15,2024,12,25,25-Dec,24.08,22.15,89,28.78904425
2024-12-25 04:00:00+07:00,9.18,105.15,2024,12,25,25-Dec,23.77,22.06,90.19,28.42002708
2024-12-25 05:00:00+07:00,9.18,105.15,2024,12,25,25-Dec,24.26,22.47,89.76,29.18642377
2024-12-25 06:00:00+07:00,9.18,105.15,2024,12,25,25-Dec,24.1,22.42,90.35,28.99304292
2024-12-25 07:00:00+07:00,9.18,105.15,2024,12,25,25-Dec,24.78,22.62,87.77,29.80678532
2024-12-25 08:00:00+07:00,9.18,105.15,2024,12,25,25-Dec,25.62,22.13,81.03,30.30625457
2024-12-25 09:00:00+07:00,9.18,105.15,2024,12,25,25-Dec,27.32,21.74,71.59,31.73428228
2024-12-25 10:00:00+07:00,9.18,105.15,2024,12,25,25-Dec,28.82,21.09,63.05,32.79933793
2024-12-25 11:00:00+07:00,9.18,105.15,2024,12,25,25-Dec,29.21,21.02,61.33,33.14189812
2024-12-25 12:00:00+07:00,9.18,105.15,2024,12,25,25-Dec,30.42,20.93,56.93,34.28687297
2024-12-25 13:00:00+07:00,9.18,105.15,2024,12,25,25-Dec,30.53,21.22,57.58,34.58323252
2024-12-25 14:00:00+07:00,9.18,105.15,2024,12,25,25-Dec,30.81,21.5,57.65,35.044565
2024-12-25 15:00:00+07:00,9.18,105.15,2024,12,25,25-Dec,30.8,22.04,59.62,35.39435248
2024-12-25 16:00:00+07:00,9.18,105.15,2024,12,25,25-Dec,30.84,22.23,60.15,35.56280537
2024-12-25 17:00:00+07:00,9.18,105.15,2024,12,25,25-Dec,29.26,22.01,64.99,33.84337353
2024-12-25 18:00:00+07:00,9.18,105.15,2024,12,25,25-Dec,28.51,21.83,67.15,32.97713817
2024-12-25 19:00:00+07:00,9.18,105.15,2024,12,25,25-Dec,28.1,21.95,69.28,32.64997825
2024-12-25 20:00:00+07:00,9.18,105.15,2024,12,25,25-Dec,27.63,21.78,70.48,32.06905652
2024-12-25 21:00:00+07:00,9.18,105.15,2024,12,25,25-Dec,26.88,21.54,72.56,31.16448548
2024-12-25 22:00:00+07:00,9.18,105.15,2024,12,25,25-Dec,26.47,21.31,73.29,30.60615633
2024-12-25 23:00:00+07:00,9.18,105.15,2024,12,25,25-Dec,26.14,21.13,73.94,30.16125657
2024-12-26 00:00:00+07:00,9.18,105.15,2024,12,26,26-Dec,26.03,21.17,74.6,30.07780417
2024-12-26 01:00:00+07:00,9.18,105.15,2024,12,26,26-Dec,25.7,21.17,76.07,29.74978417
2024-12-26 02:00:00+07:00,9.18,105.15,2024,12,26,26-Dec,25.39,21.18,77.51,29.44812372
2024-12-26 03:00:00+07:00,9.18,105.15,2024,12,26,26-Dec,24.68,21.13,80.67,28.71001657
2024-12-26 04:00:00+07:00,9.18,105.15,2024,12,26,26-Dec,24.43,21.35,83,28.60450425
2024-12-26 05:00:00+07:00,9.18,105.15,2024,12,26,26-Dec,23.92,21.42,85.9,28.14337092
2024-12-26 06:00:00+07:00,9.18,105.15,2024,12,26,26-Dec,24.14,21.7,86.24,28.546777
2024-12-26 07:00:00+07:00,9.18,105.15,2024,12,26,26-Dec,24.13,21.89,87.3,28.66355313
2024-12-26 08:00:00+07:00,9.18,105.15,2024,12,26,26-Dec,24.35,22.24,88.05,29.11854928
2024-12-26 09:00:00+07:00,9.18,105.15,2024,12,26,26-Dec,25.42,22.65,84.67,30.46372425
2024-12-26 10:00:00+07:00,9.18,105.15,2024,12,26,26-Dec,26.1,22.74,81.78,31.20214628
2024-12-26 11:00:00+07:00,9.18,105.15,2024,12,26,26-Dec,26.48,22.79,80.2,31.61469673
2024-12-26 12:00:00+07:00,9.18,105.15,2024,12,26,26-Dec,27.77,23.28,76.56,33.24234352
2024-12-26 13:00:00+07:00,9.18,105.15,2024,12,26,26-Dec,28.02,23.26,75.37,33.47660228
2024-12-26 14:00:00+07:00,9.18,105.15,2024,12,26,26-Dec,28.12,23.4,75.58,33.675948
2024-12-26 15:00:00+07:00,9.18,105.15,2024,12,26,26-Dec,28.76,23.47,73.11,34.36230577
2024-12-26 16:00:00+07:00,9.18,105.15,2024,12,26,26-Dec,28.52,23.73,75.33,34.31150737
2024-12-26 17:00:00+07:00,9.18,105.15,2024,12,26,26-Dec,28.12,23.75,77.17,33.92843625
2024-12-26 18:00:00+07:00,9.18,105.15,2024,12,26,26-Dec,27.65,23.88,79.95,33.55599232
2024-12-26 19:00:00+07:00,9.18,105.15,2024,12,26,26-Dec,27.28,24.02,82.4,33.29081412
2024-12-26 20:00:00+07:00,9.18,105.15,2024,12,26,26-Dec,27.12,23.92,82.69,33.05842592
2024-12-26 21:00:00+07:00,9.18,105.15,2024,12,26,26-Dec,26.93,23.81,83.07,32.78923633
2024-12-26 22:00:00+07:00,9.18,105.15,2024,12,26,26-Dec,26.76,23.89,84.27,32.67864113
2024-12-26 23:00:00+07:00,9.18,105.15,2024,12,26,26-Dec,26.54,23.73,84.61,32.34338737
2024-12-27 00:00:00+07:00,9.18,105.15,2024,12,27,27-Dec,26.23,23.81,86.55,32.09343633
2024-12-27 01:00:00+07:00,9.18,105.15,2024,12,27,27-Dec,26.14,23.74,86.63,31.95305028
2024-12-27 02:00:00+07:00,9.18,105.15,2024,12,27,27-Dec,25.93,23.58,86.89,31.62847092
2024-12-27 03:00:00+07:00,9.18,105.15,2024,12,27,27-Dec,25.6,23.44,87.86,31.19973408
2024-12-27 04:00:00+07:00,9.18,105.15,2024,12,27,27-Dec,25.54,23.3,87.43,31.039977
2024-12-27 05:00:00+07:00,9.18,105.15,2024,12,27,27-Dec,25.9,24.08,89.73,31.96324992
2024-12-27 06:00:00+07:00,9.18,105.15,2024,12,27,27-Dec,26,24.06,89.09,32.04791908
2024-12-27 07:00:00+07:00,9.18,105.15,2024,12,27,27-Dec,25.92,24.02,89.28,31.93897412
2024-12-27 08:00:00+07:00,9.18,105.15,2024,12,27,27-Dec,26.82,24.33,86.27,33.06289817
2024-12-27 09:00:00+07:00,9.18,105.15,2024,12,27,27-Dec,27.99,24.97,83.65,34.70862377
2024-12-27 10:00:00+07:00,9.18,105.15,2024,12,27,27-Dec,28.53,25.02,81.31,35.28362612
2024-12-27 11:00:00+07:00,9.18,105.15,2024,12,27,27-Dec,29.18,24.96,78.06,35.88384448
2024-12-27 12:00:00+07:00,9.18,105.15,2024,12,27,27-Dec,29.38,24.93,76.99,36.05974497
2024-12-27 13:00:00+07:00,9.18,105.15,2024,12,27,27-Dec,29.43,24.72,75.79,35.94991952
2024-12-27 14:00:00+07:00,9.18,105.15,2024,12,27,27-Dec,29.39,24.3,74.11,35.595157
2024-12-27 15:00:00+07:00,9.18,105.15,2024,12,27,27-Dec,28.96,24.16,75.35,35.06393568
2024-12-27 16:00:00+07:00,9.18,105.15,2024,12,27,27-Dec,28.84,24.18,75.96,34.95944772
2024-12-27 17:00:00+07:00,9.18,105.15,2024,12,27,27-Dec,27.62,24.01,80.7,33.62142553
2024-12-27 18:00:00+07:00,9.18,105.15,2024,12,27,27-Dec,27.33,23.9,81.55,33.252533
2024-12-27 19:00:00+07:00,9.18,105.15,2024,12,27,27-Dec,26.78,23.95,84.49,32.74243825
2024-12-27 20:00:00+07:00,9.18,105.15,2024,12,27,27-Dec,26.37,23.97,86.64,32.34956177
2024-12-27 21:00:00+07:00,9.18,105.15,2024,12,27,27-Dec,25.86,23.7,87.93,31.645697
2024-12-27 22:00:00+07:00,9.18,105.15,2024,12,27,27-Dec,25.53,23.58,88.97,31.23087092
2024-12-27 23:00:00+07:00,9.18,105.15,2024,12,27,27-Dec,25.48,23.45,88.53,31.08762825
2024-12-28 00:00:00+07:00,9.18,105.15,2024,12,28,28-Dec,25.25,23.37,89.37,30.80170057
2024-12-28 01:00:00+07:00,9.18,105.15,2024,12,28,28-Dec,25.14,23.49,90.58,30.77839553
2024-12-28 02:00:00+07:00,9.18,105.15,2024,12,28,28-Dec,25.09,23.62,91.56,30.82239732
2024-12-28 03:00:00+07:00,9.18,105.15,2024,12,28,28-Dec,25.2,23.8,91.96,31.062332
2024-12-28 04:00:00+07:00,9.18,105.15,2024,12,28,28-Dec,25.23,23.86,92.15,31.13590388
2024-12-28 05:00:00+07:00,9.18,105.15,2024,12,28,28-Dec,25.69,23.8,89.32,31.549392
2024-12-28 06:00:00+07:00,9.18,105.15,2024,12,28,28-Dec,25.84,23.93,89.19,31.79342697
2024-12-28 07:00:00+07:00,9.18,105.15,2024,12,28,28-Dec,25.95,24.05,89.28,31.99085825
2024-12-28 08:00:00+07:00,9.18,105.15,2024,12,28,28-Dec,26.14,24.33,89.77,32.38697817
2024-12-28 09:00:00+07:00,9.18,105.15,2024,12,28,28-Dec,27.5,24.68,84.63,34.00126672
2024-12-28 10:00:00+07:00,9.18,105.15,2024,12,28,28-Dec,27.53,24.34,82.76,33.77608468
2024-12-28 11:00:00+07:00,9.18,105.15,2024,12,28,28-Dec,27.86,24.32,81.07,34.08921472
2024-12-28 12:00:00+07:00,9.18,105.15,2024,12,28,28-Dec,28.42,24.13,77.59,34.50501057
2024-12-28 13:00:00+07:00,9.18,105.15,2024,12,28,28-Dec,28.45,24.08,77.2,34.49794992
2024-12-28 14:00:00+07:00,9.18,105.15,2024,12,28,28-Dec,28.37,23.76,76.11,34.18420528
2024-12-28 15:00:00+07:00,9.18,105.15,2024,12,28,28-Dec,27.5,23.69,79.72,33.26860633
2024-12-28 16:00:00+07:00,9.18,105.15,2024,12,28,28-Dec,28.09,23.9,78.01,34.007973
2024-12-28 17:00:00+07:00,9.18,105.15,2024,12,28,28-Dec,27.31,23.27,78.6,32.77798137
2024-12-28 18:00:00+07:00,9.18,105.15,2024,12,28,28-Dec,27.23,23.4,79.63,32.791288
2024-12-28 19:00:00+07:00,9.18,105.15,2024,12,28,28-Dec,27.23,23.85,81.81,33.11660425
2024-12-28 20:00:00+07:00,9.18,105.15,2024,12,28,28-Dec,26.97,23.88,83.19,32.88007232
2024-12-28 21:00:00+07:00,9.18,105.15,2024,12,28,28-Dec,25.98,23.68,87.15,31.75047872
2024-12-28 22:00:00+07:00,9.18,105.15,2024,12,28,28-Dec,25.84,23.51,86.99,31.48857753
2024-12-28 23:00:00+07:00,9.18,105.15,2024,12,28,28-Dec,25.61,23.43,87.75,31.20250297
2024-12-29 00:00:00+07:00,9.18,105.15,2024,12,29,29-Dec,25.39,23.54,89.5,31.06287348
2024-12-29 01:00:00+07:00,9.18,105.15,2024,12,29,29-Dec,25.35,23.75,90.87,31.17505625
2024-12-29 02:00:00+07:00,9.18,105.15,2024,12,29,29-Dec,25.16,23.8,92.13,31.022572
2024-12-29 03:00:00+07:00,9.18,105.15,2024,12,29,29-Dec,24.95,23.8,93.3,30.813832
2024-12-29 04:00:00+07:00,9.18,105.15,2024,12,29,29-Dec,24.98,23.85,93.45,30.88010425
2024-12-29 05:00:00+07:00,9.18,105.15,2024,12,29,29-Dec,25.16,23.76,91.97,30.99346528
2024-12-29 06:00:00+07:00,9.18,105.15,2024,12,29,29-Dec,24.88,23.97,94.69,30.86850177
2024-12-29 07:00:00+07:00,9.18,105.15,2024,12,29,29-Dec,25.32,23.99,92.34,31.32053753
2024-12-29 08:00:00+07:00,9.18,105.15,2024,12,29,29-Dec,25.84,23.78,88.41,31.68393252
2024-12-29 09:00:00+07:00,9.18,105.15,2024,12,29,29-Dec,26.98,23.07,79.2,32.30816097
2024-12-29 10:00:00+07:00,9.18,105.15,2024,12,29,29-Dec,27.59,23.02,76.16,32.87924212
2024-12-29 11:00:00+07:00,9.18,105.15,2024,12,29,29-Dec,27.94,22.69,73.15,32.99635233
2024-12-29 12:00:00+07:00,9.18,105.15,2024,12,29,29-Dec,28.93,22.33,67.56,33.73244217
2024-12-29 13:00:00+07:00,9.18,105.15,2024,12,29,29-Dec,29.08,22.2,66.42,33.792972
2024-12-29 14:00:00+07:00,9.18,105.15,2024,12,29,29-Dec,28.96,21.92,65.78,33.48468192
2024-12-29 15:00:00+07:00,9.18,105.15,2024,12,29,29-Dec,29.29,21.98,64.76,33.85300212
2024-12-29 16:00:00+07:00,9.18,105.15,2024,12,29,29-Dec,29.26,21.89,64.53,33.76277313
2024-12-29 17:00:00+07:00,9.18,105.15,2024,12,29,29-Dec,27.96,22.57,72.53,32.93313497
2024-12-29 18:00:00+07:00,9.18,105.15,2024,12,29,29-Dec,27.4,22.59,75.01,32.39031393
2024-12-29 19:00:00+07:00,9.18,105.15,2024,12,29,29-Dec,26.6,22.66,78.99,31.64357668
2024-12-29 20:00:00+07:00,9.18,105.15,2024,12,29,29-Dec,25.79,22.67,82.93,30.84537217
2024-12-29 21:00:00+07:00,9.18,105.15,2024,12,29,29-Dec,25.33,23.13,87.63,30.71047257
2024-12-29 22:00:00+07:00,9.18,105.15,2024,12,29,29-Dec,25,23.17,89.59,30.41078817
2024-12-29 23:00:00+07:00,9.18,105.15,2024,12,29,29-Dec,24.61,23.13,91.48,29.99479257
2024-12-30 00:00:00+07:00,9.18,105.15,2024,12,30,30-Dec,23.99,22.94,93.87,29.24458708
2024-12-30 01:00:00+07:00,9.18,105.15,2024,12,30,30-Dec,24.14,23.11,93.96,29.51346313
2024-12-30 02:00:00+07:00,9.18,105.15,2024,12,30,30-Dec,24.4,23.33,93.75,29.92822017
2024-12-30 03:00:00+07:00,9.18,105.15,2024,12,30,30-Dec,23.99,23.28,95.81,29.48502352
2024-12-30 04:00:00+07:00,9.18,105.15,2024,12,30,30-Dec,23.9,23.24,96.08,29.36709328
2024-12-30 05:00:00+07:00,9.18,105.15,2024,12,30,30-Dec,23.49,23.17,98.08,28.90984817
2024-12-30 06:00:00+07:00,9.18,105.15,2024,12,30,30-Dec,23.6,23.23,97.77,29.06178337
2024-12-30 07:00:00+07:00,9.18,105.15,2024,12,30,30-Dec,24.19,23.54,96.16,29.87007348
2024-12-30 08:00:00+07:00,9.18,105.15,2024,12,30,30-Dec,25.45,23.54,89.16,31.12251348
2024-12-30 09:00:00+07:00,9.18,105.15,2024,12,30,30-Dec,27.27,23.32,79.05,32.77386272
2024-12-30 10:00:00+07:00,9.18,105.15,2024,12,30,30-Dec,27.9,23,74.74,33.1733
2024-12-30 11:00:00+07:00,9.18,105.15,2024,12,30,30-Dec,28.31,22.3,69.93,33.095677
2024-12-30 12:00:00+07:00,9.18,105.15,2024,12,30,30-Dec,29.12,21.73,64.41,33.51683137
2024-12-30 13:00:00+07:00,9.18,105.15,2024,12,30,30-Dec,29.35,21.79,63.78,33.78540273
2024-12-30 14:00:00+07:00,9.18,105.15,2024,12,30,30-Dec,29.37,21.63,63.1,33.69899057
2024-12-30 15:00:00+07:00,9.18,105.15,2024,12,30,30-Dec,29.67,22.05,63.64,34.27787825
2024-12-30 16:00:00+07:00,9.18,105.15,2024,12,30,30-Dec,29.55,21.84,63.26,34.01757968
2024-12-30 17:00:00+07:00,9.18,105.15,2024,12,30,30-Dec,28.36,22.02,68.5,32.95551012
2024-12-30 18:00:00+07:00,9.18,105.15,2024,12,30,30-Dec,27.39,22.54,74.88,32.34584948
2024-12-30 19:00:00+07:00,9.18,105.15,2024,12,30,30-Dec,27.15,22.55,75.95,32.11418825
2024-12-30 20:00:00+07:00,9.18,105.15,2024,12,30,30-Dec,26.48,22.81,80.3,31.62865033
2024-12-30 21:00:00+07:00,9.18,105.15,2024,12,30,30-Dec,25.54,22.9,85.3,30.757233
2024-12-30 22:00:00+07:00,9.18,105.15,2024,12,30,30-Dec,25.17,22.77,86.59,30.29861537
2024-12-30 23:00:00+07:00,9.18,105.15,2024,12,30,30-Dec,24.85,22.8,88.39,30.001452
2024-12-31 00:00:00+07:00,9.18,105.15,2024,12,31,31-Dec,25.22,22.51,84.93,30.16819153
2024-12-31 01:00:00+07:00,9.18,105.15,2024,12,31,31-Dec,24.7,22.4,87.05,29.575728
2024-12-31 02:00:00+07:00,9.18,105.15,2024,12,31,31-Dec,24.65,22.94,90.24,29.90062708
2024-12-31 03:00:00+07:00,9.18,105.15,2024,12,31,31-Dec,24.27,23,92.62,29.56508
2024-12-31 04:00:00+07:00,9.18,105.15,2024,12,31,31-Dec,23.86,22.83,93.99,29.03833617
2024-12-31 05:00:00+07:00,9.18,105.15,2024,12,31,31-Dec,23.83,23.05,95.4,29.16294825
2024-12-31 06:00:00+07:00,9.18,105.15,2024,12,31,31-Dec,24.22,23.24,94.27,29.68517328
2024-12-31 07:00:00+07:00,9.18,105.15,2024,12,31,31-Dec,24.65,22.63,88.56,29.68448857
2024-12-31 08:00:00+07:00,9.18,105.15,2024,12,31,31-Dec,25.66,22.11,80.78,30.33247713
2024-12-31 09:00:00+07:00,9.18,105.15,2024,12,31,31-Dec,26.96,21.53,72.17,31.23741577
2024-12-31 10:00:00+07:00,9.18,105.15,2024,12,31,31-Dec,27.61,21.63,69.93,31.94955057
2024-12-31 11:00:00+07:00,9.18,105.15,2024,12,31,31-Dec,28.26,21.74,67.77,32.66864228
2024-12-31 12:00:00+07:00,9.18,105.15,2024,12,31,31-Dec,29.39,22.14,65,34.06040788
2024-12-31 13:00:00+07:00,9.18,105.15,2024,12,31,31-Dec,29.81,22.17,63.58,34.49822617
2024-12-31 14:00:00+07:00,9.18,105.15,2024,12,31,31-Dec,30.06,22.01,62.06,34.63857353
2024-12-31 15:00:00+07:00,9.18,105.15,2024,12,31,31-Dec,30.17,21.93,61.38,34.69413097
2024-12-31 16:00:00+07:00,9.18,105.15,2024,12,31,31-Dec,30.08,21.77,61.09,34.49769337
2024-12-31 17:00:00+07:00,9.18,105.15,2024,12,31,31-Dec,29.52,22.24,64.95,34.25752928
2024-12-31 18:00:00+07:00,9.18,105.15,2024,12,31,31-Dec,28.05,22.63,72.44,33.06408857
2024-12-31 19:00:00+07:00,9.18,105.15,2024,12,31,31-Dec,27.26,23.01,77.6,32.54417953
2024-12-31 20:00:00+07:00,9.18,105.15,2024,12,31,31-Dec,26.74,23.1,80.49,32.090793
2024-12-31 21:00:00+07:00,9.18,105.15,2024,12,31,31-Dec,26.05,23.22,84.43,31.48997652
2024-12-31 22:00:00+07:00,9.18,105.15,2024,12,31,31-Dec,25.78,23.4,86.72,31.349988
2024-12-31 23:00:00+07:00,9.18,105.15,2024,12,31,31-Dec,25.57,23.38,87.73,31.12693332
